event_id,user_id,session_id,timestamp,event_type,voice_volume_db,asset_used,x_coord,y_coord
4c4c089a-bd8d-44d9-932b-59e46e47d5c0,40fdc89d-44b4-4367-98ed-970b8b0174fd,6c5450d4-d22e-4139-a6e8-4ee06957607a,2026-01-07 18:07:19.724980,explore,42.3,cube,12.0,57.58
29d73dd2-76ae-4a98-bf0d-6f9e6b812816,40fdc89d-44b4-4367-98ed-970b8b0174fd,6c5450d4-d22e-4139-a6e8-4ee06957607a,2026-01-07 18:07:48.724980,explore,40.7,cube,7.99,87.98
c979cb73-4d1b-4942-b85f-0d111a84151c,40fdc89d-44b4-4367-98ed-970b8b0174fd,6c5450d4-d22e-4139-a6e8-4ee06957607a,2026-01-07 18:08:06.724980,wave,36.1,cube,72.0,89.79
d50c0aaf-975c-4755-b7f6-afd844981fa9,40fdc89d-44b4-4367-98ed-970b8b0174fd,6c5450d4-d22e-4139-a6e8-4ee06957607a,2026-01-07 18:08:32.724980,explore,37.1,paintbrush,74.5,34.1
339df18b-5f98-496a-b86d-34134a349cc0,40fdc89d-44b4-4367-98ed-970b8b0174fd,6c5450d4-d22e-4139-a6e8-4ee06957607a,2026-01-07 18:08:53.724980,explore,34.2,cube,28.57,44.83
87a785c0-26d2-47d2-bc16-6ec3527b14df,40fdc89d-44b4-4367-98ed-970b8b0174fd,6c5450d4-d22e-4139-a6e8-4ee06957607a,2026-01-07 18:09:20.724980,explore,44.2,cube,61.82,16.35
e4dfcdfb-7087-43f4-b20a-f97d442a0348,40fdc89d-44b4-4367-98ed-970b8b0174fd,6c5450d4-d22e-4139-a6e8-4ee06957607a,2026-01-07 18:09:34.724980,explore,43.1,flower,50.59,71.47
b86c6522-71c7-4848-be3e-a2bae3c88143,40fdc89d-44b4-4367-98ed-970b8b0174fd,6c5450d4-d22e-4139-a6e8-4ee06957607a,2026-01-07 18:10:04.724980,spawn_object,49.4,flower,0.28,22.34
1b152561-0839-48ef-bc5c-3f931fef1e02,40fdc89d-44b4-4367-98ed-970b8b0174fd,6c5450d4-d22e-4139-a6e8-4ee06957607a,2026-01-07 18:10:16.724980,explore,38.5,flower,75.58,7.13
bee63da6-1110-4999-aa1b-85a5c3ea1a2c,40fdc89d-44b4-4367-98ed-970b8b0174fd,6c5450d4-d22e-4139-a6e8-4ee06957607a,2026-01-07 18:10:30.724980,explore,35.0,flower,62.38,19.8
0c3ebbfa-00da-4da6-82ef-0bdb417b9f38,40fdc89d-44b4-4367-98ed-970b8b0174fd,6c5450d4-d22e-4139-a6e8-4ee06957607a,2026-01-07 18:11:00.724980,spawn_object,38.2,paintbrush,83.11,41.78
0a6b612f-c88e-4311-8695-0ea0d2cc5760,40fdc89d-44b4-4367-98ed-970b8b0174fd,6c5450d4-d22e-4139-a6e8-4ee06957607a,2026-01-07 18:11:15.724980,explore,40.1,flower,98.29,60.27
c6bd9166-7064-4806-aede-3e2d7bd364ab,40fdc89d-44b4-4367-98ed-970b8b0174fd,6c5450d4-d22e-4139-a6e8-4ee06957607a,2026-01-07 18:11:27.724980,spawn_object,39.6,flower,54.09,9.69
71b41fe5-0779-46a5-b824-304a56cb612a,40fdc89d-44b4-4367-98ed-970b8b0174fd,6c5450d4-d22e-4139-a6e8-4ee06957607a,2026-01-07 18:11:51.724980,wave,44.4,flower,72.04,19.38
9712caad-9371-4ec3-928d-451fc0e6db09,40fdc89d-44b4-4367-98ed-970b8b0174fd,6c5450d4-d22e-4139-a6e8-4ee06957607a,2026-01-07 18:12:06.724980,explore,40.6,flower,12.94,54.71
4fae17f7-616e-4553-9db3-3b2ea22f2237,40fdc89d-44b4-4367-98ed-970b8b0174fd,6c5450d4-d22e-4139-a6e8-4ee06957607a,2026-01-07 18:12:12.724980,wave,40.6,flower,37.79,52.05
e77905e1-8913-4c92-ac1a-6dc45d05e86a,40fdc89d-44b4-4367-98ed-970b8b0174fd,6c5450d4-d22e-4139-a6e8-4ee06957607a,2026-01-07 18:12:38.724980,spawn_object,42.2,flower,19.29,65.39
ddc23c14-c86b-4cdb-b537-7cd3de83bc55,40fdc89d-44b4-4367-98ed-970b8b0174fd,6c5450d4-d22e-4139-a6e8-4ee06957607a,2026-01-07 18:12:49.724980,wave,44.1,flower,85.16,40.51
92cd3e6d-4df3-4592-a364-ab4d1af30934,40fdc89d-44b4-4367-98ed-970b8b0174fd,6c5450d4-d22e-4139-a6e8-4ee06957607a,2026-01-07 18:13:14.724980,wave,37.2,flower,69.5,30.01
b84e14a1-bd9b-464c-a087-46a73ffdd5da,40fdc89d-44b4-4367-98ed-970b8b0174fd,6c5450d4-d22e-4139-a6e8-4ee06957607a,2026-01-07 18:13:24.724980,wave,46.5,flower,52.91,39.19
c0083356-27aa-4081-9d3a-466b1c7c3203,40fdc89d-44b4-4367-98ed-970b8b0174fd,6c5450d4-d22e-4139-a6e8-4ee06957607a,2026-01-07 18:13:39.724980,wave,41.1,flower,21.5,24.25
dcaebb99-5e20-4805-a288-6a82c3eb069b,40fdc89d-44b4-4367-98ed-970b8b0174fd,6c5450d4-d22e-4139-a6e8-4ee06957607a,2026-01-07 18:14:09.724980,explore,37.9,cube,27.28,14.68
2c11e9b8-0310-4dcc-8b49-1ce051bf7e4c,40fdc89d-44b4-4367-98ed-970b8b0174fd,6c5450d4-d22e-4139-a6e8-4ee06957607a,2026-01-07 18:14:28.724980,wave,35.1,cube,11.57,77.3
b611b8e1-7341-40d7-acaa-3f0ef7676933,40fdc89d-44b4-4367-98ed-970b8b0174fd,6c5450d4-d22e-4139-a6e8-4ee06957607a,2026-01-07 18:14:45.724980,explore,41.6,flower,9.57,38.11
4a0fcef0-cccd-44eb-9857-15d80339ad19,40fdc89d-44b4-4367-98ed-970b8b0174fd,6c5450d4-d22e-4139-a6e8-4ee06957607a,2026-01-07 18:14:57.724980,spawn_object,45.1,flower,75.48,45.25
38977cdf-40f9-4c50-849c-e65e1046ec0f,40fdc89d-44b4-4367-98ed-970b8b0174fd,6c5450d4-d22e-4139-a6e8-4ee06957607a,2026-01-07 18:15:20.724980,explore,35.9,flower,71.36,71.03
7e86e943-fbea-480a-9e06-e8e3923e7af5,40fdc89d-44b4-4367-98ed-970b8b0174fd,6c5450d4-d22e-4139-a6e8-4ee06957607a,2026-01-07 18:15:50.724980,wave,46.3,cube,7.8,13.99
e6cbad81-42f9-46b9-aa90-cb1e9b63451d,40fdc89d-44b4-4367-98ed-970b8b0174fd,6c5450d4-d22e-4139-a6e8-4ee06957607a,2026-01-07 18:16:06.724980,explore,43.3,cube,96.94,56.59
1e6394a9-890c-4750-8fc2-2be8939dd45b,40fdc89d-44b4-4367-98ed-970b8b0174fd,6c5450d4-d22e-4139-a6e8-4ee06957607a,2026-01-07 18:16:31.724980,wave,43.8,paintbrush,2.61,25.21
f7f12aad-f477-4441-943f-9f65151cae23,40fdc89d-44b4-4367-98ed-970b8b0174fd,6c5450d4-d22e-4139-a6e8-4ee06957607a,2026-01-07 18:16:56.724980,wave,39.9,paintbrush,78.65,24.46
0918a96f-ec2f-4e35-9223-47031255f57e,40fdc89d-44b4-4367-98ed-970b8b0174fd,6c5450d4-d22e-4139-a6e8-4ee06957607a,2026-01-07 18:17:10.724980,explore,35.0,flower,64.32,0.46
94e18453-164a-423f-8779-4704a21dae57,40fdc89d-44b4-4367-98ed-970b8b0174fd,6c5450d4-d22e-4139-a6e8-4ee06957607a,2026-01-07 18:17:37.724980,explore,35.1,cube,52.01,42.48
0df1ff0a-b965-4992-9299-1db2008a7be9,40fdc89d-44b4-4367-98ed-970b8b0174fd,6c5450d4-d22e-4139-a6e8-4ee06957607a,2026-01-07 18:17:57.724980,explore,40.4,cube,37.24,60.66
1b2894d8-d6a8-493b-9471-bd2d688fa0ed,bfed7e10-8543-4805-8af2-9fffe61fc39b,ad2bb579-c2f3-4229-bb00-6622fce03d8f,2026-01-07 17:45:28.724980,explore,51.7,paintbrush,32.68,6.83
b91d45fb-95b2-4cd5-978f-77d410498028,bfed7e10-8543-4805-8af2-9fffe61fc39b,ad2bb579-c2f3-4229-bb00-6622fce03d8f,2026-01-07 17:45:48.724980,explore,45.3,flower,78.98,3.73
f1b32313-a995-4acd-84d1-835579f978aa,bfed7e10-8543-4805-8af2-9fffe61fc39b,ad2bb579-c2f3-4229-bb00-6622fce03d8f,2026-01-07 17:46:09.724980,explore,31.7,cube,57.27,86.66
a7731e7f-d20c-4246-b714-caffa9193eec,bfed7e10-8543-4805-8af2-9fffe61fc39b,ad2bb579-c2f3-4229-bb00-6622fce03d8f,2026-01-07 17:46:21.724980,explore,45.6,paintbrush,2.05,89.76
72363dd2-5c8b-4a21-a3dd-a1aafe096999,bfed7e10-8543-4805-8af2-9fffe61fc39b,ad2bb579-c2f3-4229-bb00-6622fce03d8f,2026-01-07 17:46:49.724980,explore,35.0,paintbrush,82.34,75.17
7994cbda-9a1d-4d22-b83d-bc4fbf85ecee,bfed7e10-8543-4805-8af2-9fffe61fc39b,ad2bb579-c2f3-4229-bb00-6622fce03d8f,2026-01-07 17:47:11.724980,explore,35.6,flower,97.07,85.0
edf3f3d6-57db-4b5b-b396-815c35a1e382,bfed7e10-8543-4805-8af2-9fffe61fc39b,ad2bb579-c2f3-4229-bb00-6622fce03d8f,2026-01-07 17:47:30.724980,wave,45.5,flower,15.86,57.63
0fff72cd-d4f3-4a7e-b49f-910e65e2949f,bfed7e10-8543-4805-8af2-9fffe61fc39b,ad2bb579-c2f3-4229-bb00-6622fce03d8f,2026-01-07 17:47:52.724980,wave,51.5,cube,74.26,64.6
8c24e64c-a0b0-4b7c-9411-920ac92d007f,bfed7e10-8543-4805-8af2-9fffe61fc39b,ad2bb579-c2f3-4229-bb00-6622fce03d8f,2026-01-07 17:48:17.724980,explore,32.6,flower,22.38,27.47
540bf893-5dc3-4604-9ba5-75e6cddd8610,bfed7e10-8543-4805-8af2-9fffe61fc39b,ad2bb579-c2f3-4229-bb00-6622fce03d8f,2026-01-07 17:48:28.724980,explore,37.4,flower,50.91,32.74
cb015c9e-9f48-48ed-9549-a73b39db55bc,bfed7e10-8543-4805-8af2-9fffe61fc39b,ad2bb579-c2f3-4229-bb00-6622fce03d8f,2026-01-07 17:48:55.724980,explore,47.7,paintbrush,55.68,43.95
7ed8fd7c-d333-4c31-a153-b61e55bd0e80,bfed7e10-8543-4805-8af2-9fffe61fc39b,ad2bb579-c2f3-4229-bb00-6622fce03d8f,2026-01-07 17:49:06.724980,explore,36.0,cube,26.25,89.56
d715efb3-5589-4071-92e8-9bd38232011b,bfed7e10-8543-4805-8af2-9fffe61fc39b,ad2bb579-c2f3-4229-bb00-6622fce03d8f,2026-01-07 17:49:27.724980,explore,48.2,paintbrush,57.19,66.97
dc3b1d6f-aa2f-4c16-ab5b-0dbcf2798e42,bfed7e10-8543-4805-8af2-9fffe61fc39b,ad2bb579-c2f3-4229-bb00-6622fce03d8f,2026-01-07 17:49:52.724980,spawn_object,39.3,cube,68.08,48.67
be02eb00-bc12-43b5-aa76-cd26cc50df7d,bfed7e10-8543-4805-8af2-9fffe61fc39b,ad2bb579-c2f3-4229-bb00-6622fce03d8f,2026-01-07 17:50:17.724980,explore,34.5,paintbrush,60.68,88.38
012a60bc-1a86-470c-be18-feb11853d4b4,bfed7e10-8543-4805-8af2-9fffe61fc39b,ad2bb579-c2f3-4229-bb00-6622fce03d8f,2026-01-07 17:50:25.724980,wave,37.2,flower,0.15,98.03
ba089e34-e386-4926-adb5-1977516db838,bfed7e10-8543-4805-8af2-9fffe61fc39b,ad2bb579-c2f3-4229-bb00-6622fce03d8f,2026-01-07 17:50:36.724980,explore,43.5,cube,51.46,7.26
a420fa2f-24fe-4bac-84f3-3670a071172c,bfed7e10-8543-4805-8af2-9fffe61fc39b,ad2bb579-c2f3-4229-bb00-6622fce03d8f,2026-01-07 17:50:50.724980,explore,33.5,cube,9.35,60.85
d6638d1a-5a7f-408f-ae3c-95051ff82bd3,bfed7e10-8543-4805-8af2-9fffe61fc39b,ad2bb579-c2f3-4229-bb00-6622fce03d8f,2026-01-07 17:51:02.724980,explore,30.0,paintbrush,38.01,5.11
9ce29446-d03b-42aa-a0f5-19949c61d582,bfed7e10-8543-4805-8af2-9fffe61fc39b,ad2bb579-c2f3-4229-bb00-6622fce03d8f,2026-01-07 17:51:10.724980,explore,46.2,flower,0.48,55.62
8e19473e-4c77-4885-93bc-660df6781be4,bfed7e10-8543-4805-8af2-9fffe61fc39b,ad2bb579-c2f3-4229-bb00-6622fce03d8f,2026-01-07 17:51:23.724980,explore,30.0,flower,94.38,28.51
553a758a-32bb-4fa2-8342-1554d8f4d3a3,bfed7e10-8543-4805-8af2-9fffe61fc39b,ad2bb579-c2f3-4229-bb00-6622fce03d8f,2026-01-07 17:51:40.724980,explore,41.4,flower,47.06,0.6
b6007bf2-d62f-4b2a-8a2d-e9a52df9611e,bfed7e10-8543-4805-8af2-9fffe61fc39b,ad2bb579-c2f3-4229-bb00-6622fce03d8f,2026-01-07 17:52:01.724980,explore,32.1,paintbrush,4.01,71.78
b379fa84-bbe8-4018-b2b2-822e98317cbc,bfed7e10-8543-4805-8af2-9fffe61fc39b,ad2bb579-c2f3-4229-bb00-6622fce03d8f,2026-01-07 17:52:18.724980,explore,47.1,flower,16.9,13.83
839306ec-cda1-407c-8fe0-042d01cdda87,bfed7e10-8543-4805-8af2-9fffe61fc39b,ad2bb579-c2f3-4229-bb00-6622fce03d8f,2026-01-07 17:52:25.724980,wave,41.5,paintbrush,8.73,65.33
6f2c27d8-0c69-4931-86f4-98f1f28a5533,bfed7e10-8543-4805-8af2-9fffe61fc39b,ad2bb579-c2f3-4229-bb00-6622fce03d8f,2026-01-07 17:52:49.724980,spawn_object,42.0,cube,51.22,13.57
a9922234-8130-4a1f-a708-1fb9f79dc365,bfed7e10-8543-4805-8af2-9fffe61fc39b,ad2bb579-c2f3-4229-bb00-6622fce03d8f,2026-01-07 17:53:07.724980,spawn_object,35.7,paintbrush,88.53,70.47
a1c3c03f-cf29-4211-ac70-198558e416f3,bfed7e10-8543-4805-8af2-9fffe61fc39b,ad2bb579-c2f3-4229-bb00-6622fce03d8f,2026-01-07 17:53:14.724980,explore,48.7,flower,95.26,80.5
611a221e-bcc8-43db-84e6-3bd4d638d415,ce591750-da43-494a-9306-5232a377aa9a,546368e6-e840-40e5-966e-76c9a5f21eea,2026-01-07 20:12:09.724980,wave,46.6,paintbrush,98.31,62.15
c6037623-6875-45fe-be71-5fe22c92f894,ce591750-da43-494a-9306-5232a377aa9a,546368e6-e840-40e5-966e-76c9a5f21eea,2026-01-07 20:12:19.724980,wave,44.1,flower,17.08,67.29
180bbe1f-44fc-4a08-b3ea-ec6211d99953,ce591750-da43-494a-9306-5232a377aa9a,546368e6-e840-40e5-966e-76c9a5f21eea,2026-01-07 20:12:49.724980,explore,31.3,paintbrush,68.41,72.58
c9a2995f-95d6-4f45-aefe-a3e4db768c1e,ce591750-da43-494a-9306-5232a377aa9a,546368e6-e840-40e5-966e-76c9a5f21eea,2026-01-07 20:13:19.724980,explore,47.3,paintbrush,87.22,27.59
9ff15403-63e8-4d2a-99bb-744a32a76cd0,ce591750-da43-494a-9306-5232a377aa9a,546368e6-e840-40e5-966e-76c9a5f21eea,2026-01-07 20:13:34.724980,explore,35.2,flower,72.29,82.8
12262114-e9aa-4de7-83a1-91a94e949c3e,ce591750-da43-494a-9306-5232a377aa9a,546368e6-e840-40e5-966e-76c9a5f21eea,2026-01-07 20:13:54.724980,wave,47.8,paintbrush,28.87,63.39
9ffbb2f2-0d96-4354-81d4-5cda79222db9,ce591750-da43-494a-9306-5232a377aa9a,546368e6-e840-40e5-966e-76c9a5f21eea,2026-01-07 20:14:20.724980,explore,32.5,flower,95.94,26.2
0805d670-1187-46d3-8881-9bd0d889ad1c,ce591750-da43-494a-9306-5232a377aa9a,546368e6-e840-40e5-966e-76c9a5f21eea,2026-01-07 20:14:46.724980,explore,42.7,flower,6.04,60.99
04e78aa9-00cc-479d-9676-b751a2d0684a,ce591750-da43-494a-9306-5232a377aa9a,546368e6-e840-40e5-966e-76c9a5f21eea,2026-01-07 20:14:53.724980,explore,43.7,paintbrush,54.46,55.15
1df97617-b916-4639-a00f-728cde4d3ea2,ce591750-da43-494a-9306-5232a377aa9a,546368e6-e840-40e5-966e-76c9a5f21eea,2026-01-07 20:15:08.724980,explore,30.4,cube,8.11,87.49
009623b2-5b05-488f-b081-c795779329ee,ce591750-da43-494a-9306-5232a377aa9a,546368e6-e840-40e5-966e-76c9a5f21eea,2026-01-07 20:15:27.724980,explore,39.3,cube,37.56,70.76
294e71d0-aece-498d-bb75-799f32c26afe,ce591750-da43-494a-9306-5232a377aa9a,546368e6-e840-40e5-966e-76c9a5f21eea,2026-01-07 20:15:46.724980,explore,48.6,cube,89.77,67.97
e1c633a3-1a56-4976-8622-e75b857f89db,ce591750-da43-494a-9306-5232a377aa9a,546368e6-e840-40e5-966e-76c9a5f21eea,2026-01-07 20:16:03.724980,explore,44.3,paintbrush,22.79,67.34
fb9a830e-470d-4a2b-9cea-3c2917651119,ce591750-da43-494a-9306-5232a377aa9a,546368e6-e840-40e5-966e-76c9a5f21eea,2026-01-07 20:16:18.724980,explore,41.3,flower,56.06,43.11
bb6385e1-52ec-4325-a90f-5e1293f62f0e,ce591750-da43-494a-9306-5232a377aa9a,546368e6-e840-40e5-966e-76c9a5f21eea,2026-01-07 20:16:37.724980,explore,45.5,paintbrush,37.85,5.09
1c34e8fd-8c0e-4e87-a292-e064102e582c,ce591750-da43-494a-9306-5232a377aa9a,546368e6-e840-40e5-966e-76c9a5f21eea,2026-01-07 20:16:46.724980,wave,42.1,cube,46.31,93.82
41d31991-3b87-4335-a532-f73241b5e5a8,ce591750-da43-494a-9306-5232a377aa9a,546368e6-e840-40e5-966e-76c9a5f21eea,2026-01-07 20:17:12.724980,wave,34.9,flower,90.47,73.21
dd17c59d-773e-40c1-a4bc-0d0e34d51273,ce591750-da43-494a-9306-5232a377aa9a,546368e6-e840-40e5-966e-76c9a5f21eea,2026-01-07 20:17:21.724980,explore,37.0,cube,81.74,83.86
6206ec86-b093-401e-b71c-9784a83051c3,5d377215-6821-45d5-8ff2-d2185fd436e5,cd2c927d-bed8-4f14-aaa6-0589837381ca,2026-01-08 00:14:17.724980,explore,45.4,cube,86.39,47.3
d596b705-e73c-4717-9e4a-4140f87b74ea,5d377215-6821-45d5-8ff2-d2185fd436e5,cd2c927d-bed8-4f14-aaa6-0589837381ca,2026-01-08 00:14:41.724980,spawn_object,32.3,cube,42.36,69.78
c7f19b56-c54b-4419-853e-34adf97c1474,5d377215-6821-45d5-8ff2-d2185fd436e5,cd2c927d-bed8-4f14-aaa6-0589837381ca,2026-01-08 00:15:07.724980,wave,34.5,flower,96.18,32.34
9e4001c1-a2b3-457c-a366-084fe841450c,5d377215-6821-45d5-8ff2-d2185fd436e5,cd2c927d-bed8-4f14-aaa6-0589837381ca,2026-01-08 00:15:17.724980,spawn_object,42.3,flower,51.79,43.34
7e8a62fe-ab1b-4e6c-9efd-0773c59299b5,5d377215-6821-45d5-8ff2-d2185fd436e5,cd2c927d-bed8-4f14-aaa6-0589837381ca,2026-01-08 00:15:39.724980,explore,34.6,flower,78.68,82.7
fc7c5869-a442-4a72-a85a-79f04fd17415,5d377215-6821-45d5-8ff2-d2185fd436e5,cd2c927d-bed8-4f14-aaa6-0589837381ca,2026-01-08 00:16:08.724980,spawn_object,44.6,flower,12.48,77.93
cf623ae7-0fac-48ad-8bd4-5650a1230e39,5d377215-6821-45d5-8ff2-d2185fd436e5,cd2c927d-bed8-4f14-aaa6-0589837381ca,2026-01-08 00:16:22.724980,wave,45.1,cube,77.88,49.94
74ba1103-a2b3-4d9e-b22c-1d16e63a5f58,5d377215-6821-45d5-8ff2-d2185fd436e5,cd2c927d-bed8-4f14-aaa6-0589837381ca,2026-01-08 00:16:28.724980,spawn_object,45.1,cube,15.94,98.29
7edde7a3-20a8-4941-85de-3b5a49b21c24,5d377215-6821-45d5-8ff2-d2185fd436e5,cd2c927d-bed8-4f14-aaa6-0589837381ca,2026-01-08 00:16:47.724980,explore,44.4,cube,63.21,90.1
afc0bbf5-c8e5-4f22-a013-3e2a42e934f3,5d377215-6821-45d5-8ff2-d2185fd436e5,cd2c927d-bed8-4f14-aaa6-0589837381ca,2026-01-08 00:17:14.724980,explore,44.3,cube,17.03,39.45
f9a6047a-81b6-4920-91a0-fdfd55791b8e,5d377215-6821-45d5-8ff2-d2185fd436e5,cd2c927d-bed8-4f14-aaa6-0589837381ca,2026-01-08 00:17:19.724980,spawn_object,35.0,flower,14.42,7.34
1c872637-cbe5-4b07-88a4-c6e95369f21a,5d377215-6821-45d5-8ff2-d2185fd436e5,cd2c927d-bed8-4f14-aaa6-0589837381ca,2026-01-08 00:17:25.724980,explore,43.2,flower,5.87,10.45
144824cc-46ff-4b55-ab4b-8c63bc680ef8,5d377215-6821-45d5-8ff2-d2185fd436e5,cd2c927d-bed8-4f14-aaa6-0589837381ca,2026-01-08 00:17:37.724980,explore,45.5,cube,19.25,22.59
d37b2812-3966-40d8-8143-8c8b4d3eca5a,5d377215-6821-45d5-8ff2-d2185fd436e5,cd2c927d-bed8-4f14-aaa6-0589837381ca,2026-01-08 00:17:48.724980,explore,37.6,cube,2.38,9.18
040224ba-6a7c-4054-9fe0-3d00d6c88c79,5d377215-6821-45d5-8ff2-d2185fd436e5,cd2c927d-bed8-4f14-aaa6-0589837381ca,2026-01-08 00:18:13.724980,explore,43.0,cube,80.08,84.37
d5f41685-1312-480f-a217-9208722f0c27,5d377215-6821-45d5-8ff2-d2185fd436e5,cd2c927d-bed8-4f14-aaa6-0589837381ca,2026-01-08 00:18:28.724980,wave,28.8,cube,49.61,89.28
e4c97da7-b4b0-4410-ab08-cffffde31da8,5d377215-6821-45d5-8ff2-d2185fd436e5,cd2c927d-bed8-4f14-aaa6-0589837381ca,2026-01-08 00:18:44.724980,wave,34.8,flower,19.26,98.92
4801ef13-cbbb-4a2b-9972-a9be04bb04c6,5d377215-6821-45d5-8ff2-d2185fd436e5,cd2c927d-bed8-4f14-aaa6-0589837381ca,2026-01-08 00:18:58.724980,wave,48.0,flower,25.16,51.08
e5446469-6ee0-4d1e-8ee6-da716f809da4,5d377215-6821-45d5-8ff2-d2185fd436e5,cd2c927d-bed8-4f14-aaa6-0589837381ca,2026-01-08 00:19:27.724980,explore,41.4,cube,22.68,74.94
f2bcd581-f0ef-411f-840b-9a3737c404ca,5d377215-6821-45d5-8ff2-d2185fd436e5,cd2c927d-bed8-4f14-aaa6-0589837381ca,2026-01-08 00:19:55.724980,explore,39.4,flower,27.08,50.93
44b6fc86-f70f-496b-b9b5-749cfa3bfabb,5d377215-6821-45d5-8ff2-d2185fd436e5,cd2c927d-bed8-4f14-aaa6-0589837381ca,2026-01-08 00:20:23.724980,explore,26.2,flower,56.87,57.44
1295242b-3aa0-4536-a9eb-8b67af4fb74c,5d377215-6821-45d5-8ff2-d2185fd436e5,cd2c927d-bed8-4f14-aaa6-0589837381ca,2026-01-08 00:20:28.724980,spawn_object,38.6,cube,62.75,38.0
27541400-e26f-478a-967b-a505e2a88d23,5d377215-6821-45d5-8ff2-d2185fd436e5,cd2c927d-bed8-4f14-aaa6-0589837381ca,2026-01-08 00:20:38.724980,spawn_object,35.9,paintbrush,11.81,56.66
04a67e55-24d7-419a-bda3-4ccaf66dd0fb,5d377215-6821-45d5-8ff2-d2185fd436e5,cd2c927d-bed8-4f14-aaa6-0589837381ca,2026-01-08 00:21:08.724980,explore,36.9,flower,1.06,48.9
c404c15c-0838-4484-a0a7-ca191166d79e,2c12b0c1-97ef-435f-81c4-a8b2011c7d33,64f8fc71-a5fd-4433-b375-f6984cce61d8,2026-01-08 05:44:17.724980,wave,31.9,cube,12.92,23.89
4b5973cf-d39d-4d16-ba2a-4a9483814456,2c12b0c1-97ef-435f-81c4-a8b2011c7d33,64f8fc71-a5fd-4433-b375-f6984cce61d8,2026-01-08 05:44:39.724980,explore,41.3,cube,70.72,37.2
06ad6680-cc10-49cd-bc31-aa9a12f4224f,2c12b0c1-97ef-435f-81c4-a8b2011c7d33,64f8fc71-a5fd-4433-b375-f6984cce61d8,2026-01-08 05:44:55.724980,wave,42.7,cube,60.67,50.54
c0fbf44a-efc5-4220-85c8-4713575a67f0,2c12b0c1-97ef-435f-81c4-a8b2011c7d33,64f8fc71-a5fd-4433-b375-f6984cce61d8,2026-01-08 05:45:08.724980,explore,35.4,paintbrush,45.78,32.72
dc1bf464-7b28-438c-9d91-c39088f00e12,2c12b0c1-97ef-435f-81c4-a8b2011c7d33,64f8fc71-a5fd-4433-b375-f6984cce61d8,2026-01-08 05:45:14.724980,explore,31.9,flower,95.66,79.47
2bd024bd-0722-47d5-830c-ca558a60f784,2c12b0c1-97ef-435f-81c4-a8b2011c7d33,64f8fc71-a5fd-4433-b375-f6984cce61d8,2026-01-08 05:45:39.724980,explore,39.3,flower,22.34,25.27
464e0336-f5fd-413e-9c89-161f4bb51782,2c12b0c1-97ef-435f-81c4-a8b2011c7d33,64f8fc71-a5fd-4433-b375-f6984cce61d8,2026-01-08 05:45:52.724980,spawn_object,34.5,cube,84.4,76.14
e260fa38-c5c6-4b96-a165-6e2a6dfd01ab,2c12b0c1-97ef-435f-81c4-a8b2011c7d33,64f8fc71-a5fd-4433-b375-f6984cce61d8,2026-01-08 05:46:02.724980,wave,44.3,cube,89.42,71.33
ba866387-d21c-42fc-b0de-4d5ad2440f3d,2c12b0c1-97ef-435f-81c4-a8b2011c7d33,64f8fc71-a5fd-4433-b375-f6984cce61d8,2026-01-08 05:46:15.724980,wave,47.2,flower,9.23,0.19
dd507735-17af-4984-aa1b-1a60a5ef05f7,2c12b0c1-97ef-435f-81c4-a8b2011c7d33,64f8fc71-a5fd-4433-b375-f6984cce61d8,2026-01-08 05:46:23.724980,explore,49.7,flower,81.66,6.27
23c8e8bf-99ae-43fc-92aa-ce2722e90b46,2c12b0c1-97ef-435f-81c4-a8b2011c7d33,64f8fc71-a5fd-4433-b375-f6984cce61d8,2026-01-08 05:46:31.724980,explore,49.5,flower,62.33,85.68
5ea80fd5-7317-4f8f-aca1-b7edd29862a2,2c12b0c1-97ef-435f-81c4-a8b2011c7d33,64f8fc71-a5fd-4433-b375-f6984cce61d8,2026-01-08 05:46:45.724980,explore,36.8,paintbrush,56.2,75.16
885a25a5-4f81-48af-964c-cab6174dcd92,2c12b0c1-97ef-435f-81c4-a8b2011c7d33,64f8fc71-a5fd-4433-b375-f6984cce61d8,2026-01-08 05:46:54.724980,wave,34.1,cube,11.63,15.11
7d9e9cac-824b-4698-b08a-a9ba1823e5dc,2c12b0c1-97ef-435f-81c4-a8b2011c7d33,64f8fc71-a5fd-4433-b375-f6984cce61d8,2026-01-08 05:47:22.724980,explore,38.2,paintbrush,90.59,1.19
06802843-f1ef-40a9-9363-e11af57ae294,2c12b0c1-97ef-435f-81c4-a8b2011c7d33,64f8fc71-a5fd-4433-b375-f6984cce61d8,2026-01-08 05:47:40.724980,wave,41.2,flower,46.87,86.97
03d10fe4-3e28-4261-b43a-5df6aa49ab2b,2c12b0c1-97ef-435f-81c4-a8b2011c7d33,64f8fc71-a5fd-4433-b375-f6984cce61d8,2026-01-08 05:47:48.724980,explore,31.2,flower,66.89,1.81
bbde0434-f091-4c0f-b113-6686d295d00b,2c12b0c1-97ef-435f-81c4-a8b2011c7d33,64f8fc71-a5fd-4433-b375-f6984cce61d8,2026-01-08 05:47:56.724980,explore,38.0,paintbrush,71.15,72.48
712961fb-54b6-4885-9469-71fd1b7a0cc8,2c12b0c1-97ef-435f-81c4-a8b2011c7d33,64f8fc71-a5fd-4433-b375-f6984cce61d8,2026-01-08 05:48:21.724980,wave,37.8,paintbrush,93.86,66.14
31023e20-df6e-458a-8b7c-a9ca7e1df662,2c12b0c1-97ef-435f-81c4-a8b2011c7d33,64f8fc71-a5fd-4433-b375-f6984cce61d8,2026-01-08 05:48:46.724980,explore,45.3,flower,92.74,74.81
bddf82a4-2056-4822-b626-db585ebfb475,2c12b0c1-97ef-435f-81c4-a8b2011c7d33,64f8fc71-a5fd-4433-b375-f6984cce61d8,2026-01-08 05:48:51.724980,explore,42.1,paintbrush,18.66,41.59
809f2c74-6d7f-4516-a58f-f1756990e13d,ec21f58d-697f-49f5-abf2-bb0cb4fffb47,d991f858-6ff5-4d9f-bcc9-ba05b3832d7c,2026-01-07 23:40:20.724980,explore,39.2,flower,49.11,32.07
dff903d1-883e-4eb2-a2e3-a3d43dd7eb1d,ec21f58d-697f-49f5-abf2-bb0cb4fffb47,d991f858-6ff5-4d9f-bcc9-ba05b3832d7c,2026-01-07 23:40:40.724980,wave,40.2,cube,65.73,43.47
a83f80d2-21aa-4a6e-9eed-481bc50f2ed9,ec21f58d-697f-49f5-abf2-bb0cb4fffb47,d991f858-6ff5-4d9f-bcc9-ba05b3832d7c,2026-01-07 23:40:54.724980,wave,36.7,flower,60.41,23.13
fde41bb2-0f7f-47c8-be6f-56445fc1d388,ec21f58d-697f-49f5-abf2-bb0cb4fffb47,d991f858-6ff5-4d9f-bcc9-ba05b3832d7c,2026-01-07 23:41:19.724980,explore,36.7,cube,48.45,83.97
8a7b57bc-9d27-47ac-9b54-d912c719a1a9,ec21f58d-697f-49f5-abf2-bb0cb4fffb47,d991f858-6ff5-4d9f-bcc9-ba05b3832d7c,2026-01-07 23:41:37.724980,wave,48.6,paintbrush,56.24,99.29
1e4e5779-bbbc-4b4a-a09d-4182ce72816d,ec21f58d-697f-49f5-abf2-bb0cb4fffb47,d991f858-6ff5-4d9f-bcc9-ba05b3832d7c,2026-01-07 23:41:52.724980,explore,39.9,flower,50.66,27.89
ba43f70c-7757-4d47-b58d-290b4b436825,ec21f58d-697f-49f5-abf2-bb0cb4fffb47,d991f858-6ff5-4d9f-bcc9-ba05b3832d7c,2026-01-07 23:42:08.724980,wave,33.9,flower,24.69,98.06
c2b4c7b0-9f8b-4851-b8ff-1b61da8ab362,ec21f58d-697f-49f5-abf2-bb0cb4fffb47,d991f858-6ff5-4d9f-bcc9-ba05b3832d7c,2026-01-07 23:42:16.724980,explore,39.9,flower,88.9,95.39
7636c5ec-030b-4fd6-85b6-bc287a9361b8,ec21f58d-697f-49f5-abf2-bb0cb4fffb47,d991f858-6ff5-4d9f-bcc9-ba05b3832d7c,2026-01-07 23:42:31.724980,spawn_object,45.5,cube,1.0,69.09
9d4d5955-9fa1-48e5-b70e-3a36c1861c59,ec21f58d-697f-49f5-abf2-bb0cb4fffb47,d991f858-6ff5-4d9f-bcc9-ba05b3832d7c,2026-01-07 23:42:36.724980,explore,39.2,flower,54.49,54.86
58591337-f7cb-4d12-abd2-e00a1f08b6ed,ec21f58d-697f-49f5-abf2-bb0cb4fffb47,d991f858-6ff5-4d9f-bcc9-ba05b3832d7c,2026-01-07 23:42:43.724980,explore,35.8,paintbrush,69.14,34.99
49cc238d-47b4-4ebf-b665-ebe44eae19dd,ec21f58d-697f-49f5-abf2-bb0cb4fffb47,d991f858-6ff5-4d9f-bcc9-ba05b3832d7c,2026-01-07 23:43:04.724980,explore,39.5,flower,50.41,65.52
f3d35f3c-e438-4e12-8c83-3ea4aab6b458,ec21f58d-697f-49f5-abf2-bb0cb4fffb47,d991f858-6ff5-4d9f-bcc9-ba05b3832d7c,2026-01-07 23:43:33.724980,explore,46.2,cube,90.64,43.2
9619ee7e-c85e-41e1-a698-643da994341e,ec21f58d-697f-49f5-abf2-bb0cb4fffb47,d991f858-6ff5-4d9f-bcc9-ba05b3832d7c,2026-01-07 23:44:01.724980,wave,42.7,flower,49.26,95.13
b6831da3-0257-4e7d-b16d-0307ca28f809,ec21f58d-697f-49f5-abf2-bb0cb4fffb47,d991f858-6ff5-4d9f-bcc9-ba05b3832d7c,2026-01-07 23:44:28.724980,wave,35.6,flower,44.66,86.39
54ce31a9-b5d1-44f9-bd53-fb420e30be67,ec21f58d-697f-49f5-abf2-bb0cb4fffb47,d991f858-6ff5-4d9f-bcc9-ba05b3832d7c,2026-01-07 23:44:38.724980,explore,39.4,flower,67.52,54.26
27a1fc23-6801-4baf-80cd-4e73e8449e26,ec21f58d-697f-49f5-abf2-bb0cb4fffb47,d991f858-6ff5-4d9f-bcc9-ba05b3832d7c,2026-01-07 23:44:52.724980,wave,35.9,cube,73.33,72.18
08c24355-9cb7-41a3-b0bf-041c99e5bcd7,ec21f58d-697f-49f5-abf2-bb0cb4fffb47,d991f858-6ff5-4d9f-bcc9-ba05b3832d7c,2026-01-07 23:45:11.724980,explore,39.9,flower,27.94,91.78
ab454ed1-d629-4d9a-92da-9b0de335fb2e,ec21f58d-697f-49f5-abf2-bb0cb4fffb47,d991f858-6ff5-4d9f-bcc9-ba05b3832d7c,2026-01-07 23:45:37.724980,explore,34.7,paintbrush,49.29,66.7
fdd0330f-b10f-4a87-9846-032e874129ad,ec21f58d-697f-49f5-abf2-bb0cb4fffb47,d991f858-6ff5-4d9f-bcc9-ba05b3832d7c,2026-01-07 23:45:55.724980,wave,42.2,cube,79.18,78.04
62af1ef5-7867-4c4b-bc7d-c9e7e12d45bf,ec21f58d-697f-49f5-abf2-bb0cb4fffb47,d991f858-6ff5-4d9f-bcc9-ba05b3832d7c,2026-01-07 23:46:04.724980,wave,42.0,flower,22.99,10.34
df2f6abf-2802-4e43-a85c-656d815966f0,ec21f58d-697f-49f5-abf2-bb0cb4fffb47,d991f858-6ff5-4d9f-bcc9-ba05b3832d7c,2026-01-07 23:46:27.724980,explore,48.0,paintbrush,99.12,27.56
dcc64ff4-4f89-43b9-be87-bb38a83b158e,ec21f58d-697f-49f5-abf2-bb0cb4fffb47,d991f858-6ff5-4d9f-bcc9-ba05b3832d7c,2026-01-07 23:46:39.724980,explore,39.4,flower,74.94,47.73
8a875e87-4317-4edf-aea5-b0726529cc97,ec21f58d-697f-49f5-abf2-bb0cb4fffb47,d991f858-6ff5-4d9f-bcc9-ba05b3832d7c,2026-01-07 23:46:51.724980,explore,48.6,cube,81.7,20.57
af4c13d9-a111-49ef-af61-ce3bc0e7bdcf,ec21f58d-697f-49f5-abf2-bb0cb4fffb47,d991f858-6ff5-4d9f-bcc9-ba05b3832d7c,2026-01-07 23:47:05.724980,explore,42.8,cube,66.27,6.66
1c0f21ef-eb94-4a84-8fc0-88317e0ed2fb,ec21f58d-697f-49f5-abf2-bb0cb4fffb47,d991f858-6ff5-4d9f-bcc9-ba05b3832d7c,2026-01-07 23:47:21.724980,explore,35.1,flower,55.13,93.14
9a6305ec-5fe3-4284-9551-ce601eb750d5,ec21f58d-697f-49f5-abf2-bb0cb4fffb47,d991f858-6ff5-4d9f-bcc9-ba05b3832d7c,2026-01-07 23:47:47.724980,wave,41.0,flower,89.74,72.19
7a7e488f-f691-4928-b9e5-c4cee2d26057,ec21f58d-697f-49f5-abf2-bb0cb4fffb47,d991f858-6ff5-4d9f-bcc9-ba05b3832d7c,2026-01-07 23:47:57.724980,explore,48.2,paintbrush,14.55,78.72
08b8ba57-34b3-4a0a-9ffa-d05b6077f2ba,ec21f58d-697f-49f5-abf2-bb0cb4fffb47,d991f858-6ff5-4d9f-bcc9-ba05b3832d7c,2026-01-07 23:48:05.724980,wave,33.4,paintbrush,80.28,85.17
0dbcf0ed-dfd5-43b0-a699-6f6649719a5c,ec21f58d-697f-49f5-abf2-bb0cb4fffb47,d991f858-6ff5-4d9f-bcc9-ba05b3832d7c,2026-01-07 23:48:21.724980,explore,49.7,cube,1.8,11.04
7543b196-39d5-4e89-b343-eb15940a5c2e,ec21f58d-697f-49f5-abf2-bb0cb4fffb47,d991f858-6ff5-4d9f-bcc9-ba05b3832d7c,2026-01-07 23:48:36.724980,explore,50.5,flower,18.62,15.71
e37e9091-c07e-4098-bb32-2954b8073640,ec21f58d-697f-49f5-abf2-bb0cb4fffb47,d991f858-6ff5-4d9f-bcc9-ba05b3832d7c,2026-01-07 23:48:50.724980,explore,45.4,flower,92.4,31.69
029bba1d-22f5-48dc-80fb-423e4353cc08,ec21f58d-697f-49f5-abf2-bb0cb4fffb47,d991f858-6ff5-4d9f-bcc9-ba05b3832d7c,2026-01-07 23:49:15.724980,explore,42.8,paintbrush,22.69,55.63
d046816c-ddb8-439f-a2fe-258f1f6596c7,ec21f58d-697f-49f5-abf2-bb0cb4fffb47,d991f858-6ff5-4d9f-bcc9-ba05b3832d7c,2026-01-07 23:49:37.724980,wave,46.5,paintbrush,98.63,78.63
8d7eda1e-02fb-438b-9fa6-cb6739c18999,ec21f58d-697f-49f5-abf2-bb0cb4fffb47,d991f858-6ff5-4d9f-bcc9-ba05b3832d7c,2026-01-07 23:50:03.724980,wave,44.3,cube,61.97,48.4
8d106c3a-0beb-41aa-a42f-eca3dee1b1d6,fd0226e9-043f-41f3-acd0-0893988dc67a,bfe2eac7-9368-4132-81d4-69bc911fb7b2,2026-01-08 08:02:10.724980,explore,39.2,paintbrush,24.08,77.1
3d8c6293-536e-4f16-bebe-d61377185978,fd0226e9-043f-41f3-acd0-0893988dc67a,bfe2eac7-9368-4132-81d4-69bc911fb7b2,2026-01-08 08:02:33.724980,explore,48.8,paintbrush,83.67,89.1
1bdb25ce-ea59-4855-8a93-86180b8054b4,fd0226e9-043f-41f3-acd0-0893988dc67a,bfe2eac7-9368-4132-81d4-69bc911fb7b2,2026-01-08 08:02:50.724980,explore,31.7,paintbrush,91.71,52.0
41796504-32ee-4425-a703-dbf63d0a67a6,fd0226e9-043f-41f3-acd0-0893988dc67a,bfe2eac7-9368-4132-81d4-69bc911fb7b2,2026-01-08 08:03:08.724980,explore,45.0,paintbrush,83.42,46.73
a142e565-aea1-4031-8d7a-b4819078c22e,fd0226e9-043f-41f3-acd0-0893988dc67a,bfe2eac7-9368-4132-81d4-69bc911fb7b2,2026-01-08 08:03:25.724980,explore,43.9,cube,67.84,91.27
e5a26b07-0a62-43bb-898e-72b17560f292,fd0226e9-043f-41f3-acd0-0893988dc67a,bfe2eac7-9368-4132-81d4-69bc911fb7b2,2026-01-08 08:03:34.724980,explore,40.9,cube,23.2,40.88
f4281bbf-f4e8-406e-8241-a322a026386b,fd0226e9-043f-41f3-acd0-0893988dc67a,bfe2eac7-9368-4132-81d4-69bc911fb7b2,2026-01-08 08:03:40.724980,wave,49.3,paintbrush,77.0,11.93
74ba642e-14ce-44f4-994a-1dbec9fffb24,fd0226e9-043f-41f3-acd0-0893988dc67a,bfe2eac7-9368-4132-81d4-69bc911fb7b2,2026-01-08 08:04:10.724980,explore,40.9,cube,71.6,70.55
461f4e84-122c-499d-8d53-4102d2b709c9,fd0226e9-043f-41f3-acd0-0893988dc67a,bfe2eac7-9368-4132-81d4-69bc911fb7b2,2026-01-08 08:04:40.724980,wave,37.5,flower,21.44,10.0
3a27e7fc-06a0-4a93-825a-7236c511616a,fd0226e9-043f-41f3-acd0-0893988dc67a,bfe2eac7-9368-4132-81d4-69bc911fb7b2,2026-01-08 08:05:10.724980,spawn_object,28.1,flower,70.89,34.93
f2d564a1-84ec-43f1-bf08-c7eb3603c454,fd0226e9-043f-41f3-acd0-0893988dc67a,bfe2eac7-9368-4132-81d4-69bc911fb7b2,2026-01-08 08:05:16.724980,wave,38.9,paintbrush,78.82,7.64
a205d38e-e97c-4f11-97ab-ccc8474be123,fd0226e9-043f-41f3-acd0-0893988dc67a,bfe2eac7-9368-4132-81d4-69bc911fb7b2,2026-01-08 08:05:46.724980,explore,40.5,cube,88.83,66.11
c3dd0ecb-75c2-48a0-8209-76361840bf1e,fd0226e9-043f-41f3-acd0-0893988dc67a,bfe2eac7-9368-4132-81d4-69bc911fb7b2,2026-01-08 08:05:52.724980,wave,46.0,flower,88.33,6.66
4f9a5869-233a-4518-bc39-b1dc7064f38d,fd0226e9-043f-41f3-acd0-0893988dc67a,bfe2eac7-9368-4132-81d4-69bc911fb7b2,2026-01-08 08:06:17.724980,explore,34.4,cube,85.29,51.03
c54fc545-9158-444b-99c6-69c64f5c36e3,fd0226e9-043f-41f3-acd0-0893988dc67a,bfe2eac7-9368-4132-81d4-69bc911fb7b2,2026-01-08 08:06:45.724980,wave,32.6,flower,33.3,44.39
a1544720-347a-48e1-8796-a3bd3d124c4e,fd0226e9-043f-41f3-acd0-0893988dc67a,bfe2eac7-9368-4132-81d4-69bc911fb7b2,2026-01-08 08:07:05.724980,wave,39.2,cube,7.63,84.79
9b29dcf4-ad57-46f1-9562-51b1f06fbd32,fd0226e9-043f-41f3-acd0-0893988dc67a,bfe2eac7-9368-4132-81d4-69bc911fb7b2,2026-01-08 08:07:32.724980,wave,38.9,paintbrush,74.43,46.26
9ea252ba-0aea-4678-bd4d-1747e57e5f5e,fd0226e9-043f-41f3-acd0-0893988dc67a,bfe2eac7-9368-4132-81d4-69bc911fb7b2,2026-01-08 08:07:49.724980,explore,36.8,paintbrush,87.88,81.0
1c77bcdc-64c9-4eee-bdb8-4f9d82fe2535,5541f703-ae7d-4a43-ae86-1ac07ffe89bf,a4cbea48-aab5-4d41-a09d-45c99a8cda2d,2026-01-07 22:12:23.724980,explore,39.0,flower,51.04,77.4
a155ee44-f05d-4974-8037-0b3e3d8c264d,5541f703-ae7d-4a43-ae86-1ac07ffe89bf,a4cbea48-aab5-4d41-a09d-45c99a8cda2d,2026-01-07 22:12:52.724980,wave,40.6,cube,41.23,38.8
11704506-5660-4045-80a1-3e5a95c53881,5541f703-ae7d-4a43-ae86-1ac07ffe89bf,a4cbea48-aab5-4d41-a09d-45c99a8cda2d,2026-01-07 22:12:58.724980,explore,41.5,cube,88.19,2.5
16f5a176-576a-4f53-ae7b-e25e37486e7d,5541f703-ae7d-4a43-ae86-1ac07ffe89bf,a4cbea48-aab5-4d41-a09d-45c99a8cda2d,2026-01-07 22:13:09.724980,wave,34.5,cube,15.07,65.95
365ab389-3c07-43a5-8b33-e62f9cad4361,5541f703-ae7d-4a43-ae86-1ac07ffe89bf,a4cbea48-aab5-4d41-a09d-45c99a8cda2d,2026-01-07 22:13:27.724980,explore,35.3,paintbrush,42.72,95.18
ea197a07-9bf0-4b1f-8930-4b795d9a84c8,5541f703-ae7d-4a43-ae86-1ac07ffe89bf,a4cbea48-aab5-4d41-a09d-45c99a8cda2d,2026-01-07 22:13:37.724980,spawn_object,36.6,flower,39.69,61.88
4a9c63c4-66d8-4499-b46d-216863e58b49,5541f703-ae7d-4a43-ae86-1ac07ffe89bf,a4cbea48-aab5-4d41-a09d-45c99a8cda2d,2026-01-07 22:14:00.724980,explore,41.3,paintbrush,63.54,73.94
bda8d120-55c0-4d6e-acb0-6355a1d08c17,5541f703-ae7d-4a43-ae86-1ac07ffe89bf,a4cbea48-aab5-4d41-a09d-45c99a8cda2d,2026-01-07 22:14:30.724980,spawn_object,42.4,cube,10.31,96.2
3a063826-3bdd-46c0-839e-b75dc6170ee2,5541f703-ae7d-4a43-ae86-1ac07ffe89bf,a4cbea48-aab5-4d41-a09d-45c99a8cda2d,2026-01-07 22:14:54.724980,wave,37.6,paintbrush,81.09,28.13
40bc5fa9-e071-4698-9930-dccf9e9055c2,5541f703-ae7d-4a43-ae86-1ac07ffe89bf,a4cbea48-aab5-4d41-a09d-45c99a8cda2d,2026-01-07 22:15:17.724980,explore,40.4,flower,10.25,77.28
9b323b0f-5308-4abe-a7dd-18659f06832d,cd307eff-98c6-4c5f-84fd-fb98ec132f55,6a481401-e959-4acf-93f9-162064eda6f2,2026-01-08 04:43:15.724980,spawn_object,34.9,cube,8.67,8.31
f5e7ba37-71cf-4af4-8599-00ba1530e542,cd307eff-98c6-4c5f-84fd-fb98ec132f55,6a481401-e959-4acf-93f9-162064eda6f2,2026-01-08 04:43:20.724980,wave,40.2,cube,38.01,8.46
a292c40c-ce83-4672-a224-804ec21c7a57,cd307eff-98c6-4c5f-84fd-fb98ec132f55,6a481401-e959-4acf-93f9-162064eda6f2,2026-01-08 04:43:34.724980,wave,39.5,flower,76.32,35.5
b76ac098-5f74-4182-9928-242337bcf460,cd307eff-98c6-4c5f-84fd-fb98ec132f55,6a481401-e959-4acf-93f9-162064eda6f2,2026-01-08 04:43:50.724980,spawn_object,44.0,paintbrush,13.47,49.31
d9008828-7d2c-48b2-b0a2-78d14155efd4,cd307eff-98c6-4c5f-84fd-fb98ec132f55,6a481401-e959-4acf-93f9-162064eda6f2,2026-01-08 04:44:08.724980,explore,28.4,flower,93.09,74.77
2cd39247-fc1a-46af-bb61-a74920f52065,cd307eff-98c6-4c5f-84fd-fb98ec132f55,6a481401-e959-4acf-93f9-162064eda6f2,2026-01-08 04:44:34.724980,spawn_object,43.3,cube,41.02,82.53
5d42928b-f794-4740-91e5-fcb66fd318ec,cd307eff-98c6-4c5f-84fd-fb98ec132f55,6a481401-e959-4acf-93f9-162064eda6f2,2026-01-08 04:44:54.724980,explore,37.6,cube,10.93,73.16
e90cc1f0-f678-4845-b807-745842683091,cd307eff-98c6-4c5f-84fd-fb98ec132f55,6a481401-e959-4acf-93f9-162064eda6f2,2026-01-08 04:45:17.724980,wave,41.1,flower,44.69,62.46
8e288760-2f2f-4504-abb3-7d7e0ed4276a,cd307eff-98c6-4c5f-84fd-fb98ec132f55,6a481401-e959-4acf-93f9-162064eda6f2,2026-01-08 04:45:46.724980,explore,44.2,flower,0.81,63.01
d1bcf827-ab14-49d4-bc56-de2a2bf78db8,cd307eff-98c6-4c5f-84fd-fb98ec132f55,6a481401-e959-4acf-93f9-162064eda6f2,2026-01-08 04:46:07.724980,explore,43.1,flower,47.13,91.74
64fd5df6-0f71-4719-8ba4-d54703f607bb,cd307eff-98c6-4c5f-84fd-fb98ec132f55,6a481401-e959-4acf-93f9-162064eda6f2,2026-01-08 04:46:18.724980,explore,33.8,flower,34.88,47.4
76abec80-3260-4f6d-a93f-de53c90f8e27,cd307eff-98c6-4c5f-84fd-fb98ec132f55,6a481401-e959-4acf-93f9-162064eda6f2,2026-01-08 04:46:23.724980,wave,42.9,cube,50.57,42.05
91ccb584-6947-44ae-adb1-30bfccd8a0c7,cd307eff-98c6-4c5f-84fd-fb98ec132f55,6a481401-e959-4acf-93f9-162064eda6f2,2026-01-08 04:46:51.724980,explore,33.7,paintbrush,33.11,2.19
9f8cc3ac-0915-4414-b643-db7fc2a006dc,cd307eff-98c6-4c5f-84fd-fb98ec132f55,6a481401-e959-4acf-93f9-162064eda6f2,2026-01-08 04:46:58.724980,explore,31.3,flower,28.93,71.44
7e004e6c-77fb-481f-bf20-bc451e571a29,cd307eff-98c6-4c5f-84fd-fb98ec132f55,6a481401-e959-4acf-93f9-162064eda6f2,2026-01-08 04:47:27.724980,spawn_object,41.1,flower,56.51,31.09
c008e1ec-936a-4535-86e3-331261514002,cd307eff-98c6-4c5f-84fd-fb98ec132f55,6a481401-e959-4acf-93f9-162064eda6f2,2026-01-08 04:47:48.724980,explore,37.2,flower,66.47,34.42
85d2b4bf-7a25-4faa-8abe-7ca50d7a82ab,cd307eff-98c6-4c5f-84fd-fb98ec132f55,6a481401-e959-4acf-93f9-162064eda6f2,2026-01-08 04:48:03.724980,wave,40.5,paintbrush,9.58,75.53
68905816-70ad-4b37-bf78-584e254e28ba,cd307eff-98c6-4c5f-84fd-fb98ec132f55,6a481401-e959-4acf-93f9-162064eda6f2,2026-01-08 04:48:25.724980,spawn_object,43.4,paintbrush,70.21,13.79
b7b846bb-2d68-4e21-b97c-7f5a8408ca02,cd307eff-98c6-4c5f-84fd-fb98ec132f55,6a481401-e959-4acf-93f9-162064eda6f2,2026-01-08 04:48:39.724980,wave,37.0,flower,68.97,82.23
37b16f64-71a0-44d5-acbc-5305e28f024d,cd307eff-98c6-4c5f-84fd-fb98ec132f55,6a481401-e959-4acf-93f9-162064eda6f2,2026-01-08 04:48:59.724980,explore,39.0,flower,58.91,85.29
427ec62b-3a7e-4099-999c-ce1d5e41c216,1a106398-011a-4371-b84b-4afe2443c0cb,86a8caeb-9e0c-4d2b-a235-f1d56dee02a1,2026-01-08 01:26:30.724980,explore,32.2,flower,17.89,98.33
dde6d0cc-5514-4e5f-85be-b6b503fe9dd0,1a106398-011a-4371-b84b-4afe2443c0cb,86a8caeb-9e0c-4d2b-a235-f1d56dee02a1,2026-01-08 01:26:51.724980,explore,40.3,cube,62.15,5.42
edbaea53-eb72-47ed-9769-263a45c17877,1a106398-011a-4371-b84b-4afe2443c0cb,86a8caeb-9e0c-4d2b-a235-f1d56dee02a1,2026-01-08 01:27:20.724980,wave,33.7,paintbrush,97.37,21.96
5d63f34c-480b-4753-b320-d51f9c383b66,1a106398-011a-4371-b84b-4afe2443c0cb,86a8caeb-9e0c-4d2b-a235-f1d56dee02a1,2026-01-08 01:27:37.724980,wave,39.4,flower,99.58,52.7
499a0556-3741-4b9c-9911-002d591ffae0,1a106398-011a-4371-b84b-4afe2443c0cb,86a8caeb-9e0c-4d2b-a235-f1d56dee02a1,2026-01-08 01:28:07.724980,explore,39.5,flower,31.43,83.08
b585f75b-6339-4c33-8c73-0c4857ebe7ff,1a106398-011a-4371-b84b-4afe2443c0cb,86a8caeb-9e0c-4d2b-a235-f1d56dee02a1,2026-01-08 01:28:15.724980,wave,38.6,flower,12.42,30.58
5963a40f-043a-4206-af56-7aa2078e27f5,1a106398-011a-4371-b84b-4afe2443c0cb,86a8caeb-9e0c-4d2b-a235-f1d56dee02a1,2026-01-08 01:28:40.724980,wave,35.3,paintbrush,40.08,16.35
c90a0cd5-628b-429f-ab7e-d56a4cf2b934,1a106398-011a-4371-b84b-4afe2443c0cb,86a8caeb-9e0c-4d2b-a235-f1d56dee02a1,2026-01-08 01:28:48.724980,wave,42.9,flower,23.38,32.1
61a49c5f-2785-424e-8afc-da48b4d633ea,1a106398-011a-4371-b84b-4afe2443c0cb,86a8caeb-9e0c-4d2b-a235-f1d56dee02a1,2026-01-08 01:29:01.724980,explore,44.7,flower,32.74,95.51
73704151-2fd2-4197-9c70-c31735757821,1a106398-011a-4371-b84b-4afe2443c0cb,86a8caeb-9e0c-4d2b-a235-f1d56dee02a1,2026-01-08 01:29:19.724980,explore,49.0,paintbrush,16.39,51.25
5ae0113e-76da-4bb6-a74e-8b8c49e061ab,1a106398-011a-4371-b84b-4afe2443c0cb,86a8caeb-9e0c-4d2b-a235-f1d56dee02a1,2026-01-08 01:29:31.724980,explore,38.0,paintbrush,77.91,82.25
1dbfda33-34ba-4118-8b82-d50569036448,1a106398-011a-4371-b84b-4afe2443c0cb,86a8caeb-9e0c-4d2b-a235-f1d56dee02a1,2026-01-08 01:30:01.724980,explore,36.3,paintbrush,50.63,28.69
75d6003c-c549-49cb-ae61-69ae22a2974c,1a106398-011a-4371-b84b-4afe2443c0cb,86a8caeb-9e0c-4d2b-a235-f1d56dee02a1,2026-01-08 01:30:28.724980,explore,30.6,paintbrush,19.27,30.17
acc267e7-9a1b-49eb-a460-fcefb4bd1586,1a106398-011a-4371-b84b-4afe2443c0cb,86a8caeb-9e0c-4d2b-a235-f1d56dee02a1,2026-01-08 01:30:46.724980,wave,32.8,paintbrush,57.24,71.91
bfa186ba-ba9e-4c4f-a59f-1ba592ee2c2a,1a106398-011a-4371-b84b-4afe2443c0cb,86a8caeb-9e0c-4d2b-a235-f1d56dee02a1,2026-01-08 01:31:03.724980,explore,44.6,cube,97.87,86.6
65c2f3bf-cce1-440d-b59c-dcc9f1927af6,1a106398-011a-4371-b84b-4afe2443c0cb,86a8caeb-9e0c-4d2b-a235-f1d56dee02a1,2026-01-08 01:31:15.724980,explore,45.9,flower,75.31,43.26
761b9c76-6d1d-457b-948d-6c2d2dff49f4,1a106398-011a-4371-b84b-4afe2443c0cb,86a8caeb-9e0c-4d2b-a235-f1d56dee02a1,2026-01-08 01:31:23.724980,explore,35.4,flower,45.19,24.39
18bc505d-29e8-4375-b8ae-46907412915f,1a106398-011a-4371-b84b-4afe2443c0cb,86a8caeb-9e0c-4d2b-a235-f1d56dee02a1,2026-01-08 01:31:29.724980,wave,45.3,paintbrush,29.96,47.65
c228edac-5ec8-4ef6-9df3-2c74095f5e94,44598c59-68bb-4a5b-9aa2-8af1f2f73ac8,66d9f97d-fc43-492a-833c-fcd5bc9ee9d7,2026-01-07 18:15:23.724980,explore,36.3,paintbrush,29.38,66.13
ca624e70-d47b-431e-b238-cc1ac25fd5fd,44598c59-68bb-4a5b-9aa2-8af1f2f73ac8,66d9f97d-fc43-492a-833c-fcd5bc9ee9d7,2026-01-07 18:15:52.724980,explore,41.1,cube,72.32,45.05
edf676fc-b7c9-4c4f-b5a7-a0a7205e73d3,44598c59-68bb-4a5b-9aa2-8af1f2f73ac8,66d9f97d-fc43-492a-833c-fcd5bc9ee9d7,2026-01-07 18:16:20.724980,explore,46.4,paintbrush,12.6,86.15
168edc67-d30c-4ac7-89b8-6a7d5460692a,44598c59-68bb-4a5b-9aa2-8af1f2f73ac8,66d9f97d-fc43-492a-833c-fcd5bc9ee9d7,2026-01-07 18:16:47.724980,wave,41.6,paintbrush,1.44,88.87
91512098-bdb5-4e59-a393-a2e55b0b1775,44598c59-68bb-4a5b-9aa2-8af1f2f73ac8,66d9f97d-fc43-492a-833c-fcd5bc9ee9d7,2026-01-07 18:16:54.724980,explore,38.0,flower,57.31,31.0
3deeeadb-fb65-414c-9bad-9ff1bb629f72,44598c59-68bb-4a5b-9aa2-8af1f2f73ac8,66d9f97d-fc43-492a-833c-fcd5bc9ee9d7,2026-01-07 18:17:04.724980,explore,37.2,flower,41.6,46.4
c3c00a17-336b-42be-a8e7-6a956e1506c2,44598c59-68bb-4a5b-9aa2-8af1f2f73ac8,66d9f97d-fc43-492a-833c-fcd5bc9ee9d7,2026-01-07 18:17:10.724980,explore,41.3,cube,21.97,20.91
bd79415b-d918-4e6a-babc-2f8e3a70cebb,44598c59-68bb-4a5b-9aa2-8af1f2f73ac8,66d9f97d-fc43-492a-833c-fcd5bc9ee9d7,2026-01-07 18:17:37.724980,explore,33.6,flower,2.24,65.03
7aa41324-42db-4317-9deb-0771bf188e6a,44598c59-68bb-4a5b-9aa2-8af1f2f73ac8,66d9f97d-fc43-492a-833c-fcd5bc9ee9d7,2026-01-07 18:18:06.724980,wave,42.1,cube,22.08,38.31
bb17f852-31d2-4b44-9e68-835216e93a9e,44598c59-68bb-4a5b-9aa2-8af1f2f73ac8,66d9f97d-fc43-492a-833c-fcd5bc9ee9d7,2026-01-07 18:18:23.724980,spawn_object,32.4,paintbrush,60.57,27.56
3493f4fd-3678-4094-b199-83961818bc95,44598c59-68bb-4a5b-9aa2-8af1f2f73ac8,66d9f97d-fc43-492a-833c-fcd5bc9ee9d7,2026-01-07 18:18:35.724980,spawn_object,45.2,flower,35.17,10.72
b97f488d-e869-40e4-87d3-19832d8722a2,44598c59-68bb-4a5b-9aa2-8af1f2f73ac8,66d9f97d-fc43-492a-833c-fcd5bc9ee9d7,2026-01-07 18:18:52.724980,wave,40.9,flower,76.46,70.47
0b7fb2bb-42ad-457b-bee5-8ae605753ad8,44598c59-68bb-4a5b-9aa2-8af1f2f73ac8,66d9f97d-fc43-492a-833c-fcd5bc9ee9d7,2026-01-07 18:19:20.724980,explore,50.0,flower,20.25,86.07
2353adb0-12a5-455e-9a0c-5efff2708f20,44598c59-68bb-4a5b-9aa2-8af1f2f73ac8,66d9f97d-fc43-492a-833c-fcd5bc9ee9d7,2026-01-07 18:19:32.724980,spawn_object,42.3,flower,43.53,57.76
cbcbfe5d-1173-46f6-97bc-d93e2abcdd5d,44598c59-68bb-4a5b-9aa2-8af1f2f73ac8,66d9f97d-fc43-492a-833c-fcd5bc9ee9d7,2026-01-07 18:19:38.724980,explore,39.3,flower,95.19,47.23
c058cc98-d084-442d-aee5-f6e32a29eed3,44598c59-68bb-4a5b-9aa2-8af1f2f73ac8,66d9f97d-fc43-492a-833c-fcd5bc9ee9d7,2026-01-07 18:19:54.724980,explore,42.0,paintbrush,62.18,81.6
62e07bbc-f2ba-4daa-89b8-79e37a4058c9,a53eed3b-2c96-4288-8574-967fe59ed065,c907f32b-f8f6-4912-919c-a7fde4465f63,2026-01-07 19:23:19.724980,touch,67.2,asset_gun_01,81.32,5.81
55fa810d-9298-4618-b9d4-bdb4e9e45ac5,a53eed3b-2c96-4288-8574-967fe59ed065,c907f32b-f8f6-4912-919c-a7fde4465f63,2026-01-07 19:23:49.724980,spawn_object,95.3,asset_gun_01,60.19,83.97
18e39c1b-a190-433c-8878-8b70931eb720,a53eed3b-2c96-4288-8574-967fe59ed065,c907f32b-f8f6-4912-919c-a7fde4465f63,2026-01-07 19:24:13.724980,spawn_object,93.2,asset_gun_01,20.37,67.12
26e868ee-9d68-4fb2-b17c-3cfc35f909ba,a53eed3b-2c96-4288-8574-967fe59ed065,c907f32b-f8f6-4912-919c-a7fde4465f63,2026-01-07 19:24:34.724980,spawn_object,78.6,asset_siren,27.55,56.75
da380f94-1621-454b-a406-b97dda791bbb,a53eed3b-2c96-4288-8574-967fe59ed065,c907f32b-f8f6-4912-919c-a7fde4465f63,2026-01-07 19:24:49.724980,spawn_object,77.2,asset_gun_01,52.98,5.33
bff8a815-c1be-4674-99c6-d904a2f9a88a,a53eed3b-2c96-4288-8574-967fe59ed065,c907f32b-f8f6-4912-919c-a7fde4465f63,2026-01-07 19:25:11.724980,touch,87.3,asset_siren,10.03,15.16
015f02ed-3ec2-4924-8e8b-8bde0cbde494,a53eed3b-2c96-4288-8574-967fe59ed065,c907f32b-f8f6-4912-919c-a7fde4465f63,2026-01-07 19:25:38.724980,idle,105.0,asset_gun_01,40.22,7.77
17b7d06d-9871-48da-96fd-4ca5f6df62cd,a53eed3b-2c96-4288-8574-967fe59ed065,c907f32b-f8f6-4912-919c-a7fde4465f63,2026-01-07 19:26:04.724980,touch,99.0,cube,71.73,41.03
6ff2b13f-e1b4-4d31-b1e7-104d31702f7c,a53eed3b-2c96-4288-8574-967fe59ed065,c907f32b-f8f6-4912-919c-a7fde4465f63,2026-01-07 19:26:13.724980,touch,80.0,asset_gun_01,55.57,87.27
d552c0d3-d673-4319-824b-a340026e937b,a53eed3b-2c96-4288-8574-967fe59ed065,c907f32b-f8f6-4912-919c-a7fde4465f63,2026-01-07 19:26:21.724980,spawn_object,101.6,cube,26.82,47.46
cfbf6a0b-a341-4584-8c63-afe4af011bf3,a53eed3b-2c96-4288-8574-967fe59ed065,c907f32b-f8f6-4912-919c-a7fde4465f63,2026-01-07 19:26:38.724980,spawn_object,103.7,asset_gun_01,31.19,19.85
6fb35d19-9acc-4715-b4dc-effafe0210ee,a53eed3b-2c96-4288-8574-967fe59ed065,c907f32b-f8f6-4912-919c-a7fde4465f63,2026-01-07 19:26:52.724980,spawn_object,79.7,asset_siren,38.89,96.76
05c5a46a-44f7-4c8d-8721-0f292085ce7c,a53eed3b-2c96-4288-8574-967fe59ed065,c907f32b-f8f6-4912-919c-a7fde4465f63,2026-01-07 19:27:01.724980,touch,75.2,asset_gun_01,57.47,49.51
5f8486d3-9170-4d5f-a14c-e75a3a3047d6,a53eed3b-2c96-4288-8574-967fe59ed065,c907f32b-f8f6-4912-919c-a7fde4465f63,2026-01-07 19:27:20.724980,touch,84.9,cube,27.84,76.75
d83c25d8-f4c8-4b36-b3b2-91acb35572d9,a53eed3b-2c96-4288-8574-967fe59ed065,c907f32b-f8f6-4912-919c-a7fde4465f63,2026-01-07 19:27:49.724980,spawn_object,72.6,asset_siren,53.44,74.1
effc234c-bb6c-4657-8823-0318085e2ba3,a53eed3b-2c96-4288-8574-967fe59ed065,c907f32b-f8f6-4912-919c-a7fde4465f63,2026-01-07 19:28:01.724980,spawn_object,82.2,asset_siren,2.54,75.28
af1bff89-c154-47cc-8931-e144e26de110,a53eed3b-2c96-4288-8574-967fe59ed065,c907f32b-f8f6-4912-919c-a7fde4465f63,2026-01-07 19:28:29.724980,touch,76.7,asset_siren,20.87,64.38
c346df64-a7d4-4469-8f2a-d2660460981c,a53eed3b-2c96-4288-8574-967fe59ed065,c907f32b-f8f6-4912-919c-a7fde4465f63,2026-01-07 19:28:43.724980,spawn_object,81.8,asset_siren,75.96,82.84
c8eb8d10-1b88-4ac7-9581-3f245e4d5e38,a53eed3b-2c96-4288-8574-967fe59ed065,c907f32b-f8f6-4912-919c-a7fde4465f63,2026-01-07 19:29:12.724980,touch,85.7,asset_siren,17.83,89.36
e58a7904-117e-4662-a0f8-d934d63c6371,a53eed3b-2c96-4288-8574-967fe59ed065,c907f32b-f8f6-4912-919c-a7fde4465f63,2026-01-07 19:29:30.724980,touch,70.2,asset_siren,41.77,25.55
aed26395-8a3e-4ee8-bd53-4ab49a096393,a53eed3b-2c96-4288-8574-967fe59ed065,c907f32b-f8f6-4912-919c-a7fde4465f63,2026-01-07 19:29:50.724980,idle,90.0,asset_siren,54.52,93.63
a78527bd-b654-400d-a3ba-1a9c704ff70b,a53eed3b-2c96-4288-8574-967fe59ed065,c907f32b-f8f6-4912-919c-a7fde4465f63,2026-01-07 19:30:01.724980,idle,94.0,asset_gun_01,28.49,13.2
dd7978a8-24eb-4522-8b2f-f45491e36fb1,a53eed3b-2c96-4288-8574-967fe59ed065,c907f32b-f8f6-4912-919c-a7fde4465f63,2026-01-07 19:30:11.724980,touch,80.2,asset_gun_01,64.43,77.19
f013c698-c115-4ea5-a319-d83e3f52d61c,a53eed3b-2c96-4288-8574-967fe59ed065,c907f32b-f8f6-4912-919c-a7fde4465f63,2026-01-07 19:30:23.724980,touch,83.5,asset_gun_01,18.03,22.22
90aab1ba-7aeb-4f19-b594-9c686cd72ea4,a53eed3b-2c96-4288-8574-967fe59ed065,c907f32b-f8f6-4912-919c-a7fde4465f63,2026-01-07 19:30:47.724980,spawn_object,77.5,asset_siren,63.04,99.16
49f071f2-0e4c-4f4b-9051-8ac7a976079c,a53eed3b-2c96-4288-8574-967fe59ed065,c907f32b-f8f6-4912-919c-a7fde4465f63,2026-01-07 19:30:57.724980,touch,83.0,asset_siren,26.39,70.35
dd036153-558e-4386-a09c-0a57b2f15a14,a53eed3b-2c96-4288-8574-967fe59ed065,c907f32b-f8f6-4912-919c-a7fde4465f63,2026-01-07 19:31:08.724980,spawn_object,99.1,asset_gun_01,90.3,22.04
40eee9b6-258f-49ba-8aab-89d017ed2e06,a53eed3b-2c96-4288-8574-967fe59ed065,c907f32b-f8f6-4912-919c-a7fde4465f63,2026-01-07 19:31:38.724980,touch,96.0,cube,9.21,10.68
e1e3aaa0-2521-40c3-a7df-194cd9287fcb,a53eed3b-2c96-4288-8574-967fe59ed065,c907f32b-f8f6-4912-919c-a7fde4465f63,2026-01-07 19:31:52.724980,idle,89.2,asset_gun_01,51.19,65.75
5867188d-8215-452d-afaf-3a34417b96b7,a53eed3b-2c96-4288-8574-967fe59ed065,c907f32b-f8f6-4912-919c-a7fde4465f63,2026-01-07 19:32:09.724980,idle,73.2,asset_siren,14.06,81.22
0ee7b6e3-a1b9-4e06-ad6b-d8422b189b93,a53eed3b-2c96-4288-8574-967fe59ed065,c907f32b-f8f6-4912-919c-a7fde4465f63,2026-01-07 19:32:16.724980,spawn_object,81.7,asset_siren,91.51,28.3
530e1e07-342c-427a-bff2-d635525dac56,a53eed3b-2c96-4288-8574-967fe59ed065,c907f32b-f8f6-4912-919c-a7fde4465f63,2026-01-07 19:32:25.724980,idle,73.4,asset_gun_01,1.41,35.37
8f2d3c97-42a4-4dc7-a6cc-79d2d6ea5bd2,a53eed3b-2c96-4288-8574-967fe59ed065,c907f32b-f8f6-4912-919c-a7fde4465f63,2026-01-07 19:32:51.724980,touch,70.4,asset_siren,71.08,61.56
41305411-fddd-48c8-a89e-e06c17485b35,a53eed3b-2c96-4288-8574-967fe59ed065,c907f32b-f8f6-4912-919c-a7fde4465f63,2026-01-07 19:33:00.724980,spawn_object,79.9,asset_siren,54.7,50.77
549185b9-c64f-44cd-a02f-7f62e7c3fcc0,a53eed3b-2c96-4288-8574-967fe59ed065,c907f32b-f8f6-4912-919c-a7fde4465f63,2026-01-07 19:33:18.724980,touch,75.6,asset_siren,96.72,64.43
1ea1b667-5a9e-4b7c-876a-bbd6685e5ac2,a53eed3b-2c96-4288-8574-967fe59ed065,c907f32b-f8f6-4912-919c-a7fde4465f63,2026-01-07 19:33:47.724980,touch,81.6,asset_siren,92.73,85.36
c42153da-7568-4a37-9ea5-bca3c4dafb34,a53eed3b-2c96-4288-8574-967fe59ed065,c907f32b-f8f6-4912-919c-a7fde4465f63,2026-01-07 19:33:52.724980,touch,89.1,asset_siren,70.78,37.75
4bcb6eba-b43e-420d-b59e-796fa0875bfd,a53eed3b-2c96-4288-8574-967fe59ed065,c907f32b-f8f6-4912-919c-a7fde4465f63,2026-01-07 19:34:09.724980,touch,81.8,asset_siren,83.22,27.88
11c52dad-9d9d-4009-8378-b40d39354bf8,a53eed3b-2c96-4288-8574-967fe59ed065,c907f32b-f8f6-4912-919c-a7fde4465f63,2026-01-07 19:34:39.724980,spawn_object,97.4,asset_gun_01,65.32,90.68
9e29fa8c-fcb3-4d58-90e8-5d51ffe5ac01,a53eed3b-2c96-4288-8574-967fe59ed065,c907f32b-f8f6-4912-919c-a7fde4465f63,2026-01-07 19:35:03.724980,spawn_object,101.9,asset_gun_01,27.99,98.26
9710431e-8b37-443b-8159-7fc383cf59e7,a53eed3b-2c96-4288-8574-967fe59ed065,c907f32b-f8f6-4912-919c-a7fde4465f63,2026-01-07 19:35:16.724980,spawn_object,80.1,cube,96.96,6.71
c4d219ff-58b5-4277-b83e-1634e91d3b5d,a53eed3b-2c96-4288-8574-967fe59ed065,c907f32b-f8f6-4912-919c-a7fde4465f63,2026-01-07 19:35:39.724980,idle,101.2,asset_gun_01,95.56,54.7
bf705104-cd51-4fee-8238-6a11ed66190c,a53eed3b-2c96-4288-8574-967fe59ed065,c907f32b-f8f6-4912-919c-a7fde4465f63,2026-01-07 19:35:59.724980,touch,79.0,asset_gun_01,10.72,64.39
6702a0de-2c8a-4a40-b71c-3b226d697238,a53eed3b-2c96-4288-8574-967fe59ed065,c907f32b-f8f6-4912-919c-a7fde4465f63,2026-01-07 19:36:10.724980,spawn_object,106.3,asset_gun_01,46.61,12.3
1abeb42a-5c24-4e98-b909-565012b6cef3,a53eed3b-2c96-4288-8574-967fe59ed065,c907f32b-f8f6-4912-919c-a7fde4465f63,2026-01-07 19:36:40.724980,touch,100.6,asset_siren,36.51,65.62
3720f0a2-74ec-4222-961d-6053bf19485e,a53eed3b-2c96-4288-8574-967fe59ed065,c907f32b-f8f6-4912-919c-a7fde4465f63,2026-01-07 19:36:54.724980,touch,86.5,asset_gun_01,80.6,7.75
2585f5d3-1dc6-4385-aaff-8c4c819619f4,a53eed3b-2c96-4288-8574-967fe59ed065,c907f32b-f8f6-4912-919c-a7fde4465f63,2026-01-07 19:37:23.724980,spawn_object,88.3,asset_siren,15.71,24.32
c95623e8-1b24-460b-b5cc-012dd146c8a6,a53eed3b-2c96-4288-8574-967fe59ed065,c907f32b-f8f6-4912-919c-a7fde4465f63,2026-01-07 19:37:45.724980,spawn_object,91.2,asset_siren,56.59,95.84
e1d55309-49f5-4dcb-a337-8cb3cb8ee1ff,a53eed3b-2c96-4288-8574-967fe59ed065,c907f32b-f8f6-4912-919c-a7fde4465f63,2026-01-07 19:38:11.724980,spawn_object,88.8,asset_siren,54.63,53.98
b6dc9e82-2129-453f-bc3d-5da2d34e7e2b,a53eed3b-2c96-4288-8574-967fe59ed065,c907f32b-f8f6-4912-919c-a7fde4465f63,2026-01-07 19:38:20.724980,spawn_object,100.4,asset_siren,22.09,65.93
55bcb0ba-50d6-4e76-b411-fffd1ae69908,a53eed3b-2c96-4288-8574-967fe59ed065,c907f32b-f8f6-4912-919c-a7fde4465f63,2026-01-07 19:38:47.724980,touch,78.9,asset_gun_01,49.18,12.69
745b5177-193d-4adc-85a9-2cd89825bfc2,a53eed3b-2c96-4288-8574-967fe59ed065,c907f32b-f8f6-4912-919c-a7fde4465f63,2026-01-07 19:38:56.724980,spawn_object,80.6,asset_siren,19.97,28.42
d1e932ea-2abd-4157-b5d9-203e2b01b67e,a53eed3b-2c96-4288-8574-967fe59ed065,c907f32b-f8f6-4912-919c-a7fde4465f63,2026-01-07 19:39:02.724980,spawn_object,97.7,asset_gun_01,57.3,57.45
54bb309e-500b-4609-a19d-4b7208d61837,a53eed3b-2c96-4288-8574-967fe59ed065,c907f32b-f8f6-4912-919c-a7fde4465f63,2026-01-07 19:39:15.724980,touch,105.0,asset_gun_01,25.58,90.09
6393669c-f9ce-4898-986a-ae02ff5be2e2,a53eed3b-2c96-4288-8574-967fe59ed065,c907f32b-f8f6-4912-919c-a7fde4465f63,2026-01-07 19:39:23.724980,spawn_object,76.1,asset_gun_01,31.71,87.59
61bdbc9f-f2f6-4d89-b0d3-9ef4175af9c8,a53eed3b-2c96-4288-8574-967fe59ed065,c907f32b-f8f6-4912-919c-a7fde4465f63,2026-01-07 19:39:48.724980,touch,89.1,asset_siren,72.84,0.59
8f608bf7-dcb8-4f5a-be48-2ee842183a49,a53eed3b-2c96-4288-8574-967fe59ed065,c907f32b-f8f6-4912-919c-a7fde4465f63,2026-01-07 19:40:16.724980,spawn_object,83.5,asset_siren,58.64,76.82
c96a6a2f-f63e-4bce-a5d5-3927f4b67f62,a53eed3b-2c96-4288-8574-967fe59ed065,c907f32b-f8f6-4912-919c-a7fde4465f63,2026-01-07 19:40:44.724980,touch,81.6,asset_gun_01,3.56,48.43
50d7dfcf-8fa4-4153-aaae-4ab1d4c47331,a53eed3b-2c96-4288-8574-967fe59ed065,c907f32b-f8f6-4912-919c-a7fde4465f63,2026-01-07 19:41:14.724980,touch,89.9,asset_siren,16.39,46.79
53fcaf14-2def-48b1-a861-66198d8f4503,a53eed3b-2c96-4288-8574-967fe59ed065,c907f32b-f8f6-4912-919c-a7fde4465f63,2026-01-07 19:41:44.724980,idle,72.2,asset_gun_01,68.04,35.41
f9240b5c-8581-47af-99d6-809d48ec4bc0,a53eed3b-2c96-4288-8574-967fe59ed065,c907f32b-f8f6-4912-919c-a7fde4465f63,2026-01-07 19:42:14.724980,spawn_object,96.2,asset_gun_01,73.3,59.65
338cf346-ea7d-4340-b52d-ccf7387277c0,a53eed3b-2c96-4288-8574-967fe59ed065,c907f32b-f8f6-4912-919c-a7fde4465f63,2026-01-07 19:42:24.724980,spawn_object,94.4,cube,15.2,36.68
c7c798e2-fd42-4683-a191-4d0d15c28ee9,a53eed3b-2c96-4288-8574-967fe59ed065,c907f32b-f8f6-4912-919c-a7fde4465f63,2026-01-07 19:42:51.724980,spawn_object,103.5,asset_gun_01,51.14,22.6
d31d4c2f-aef6-4505-b606-b4f65f9702e3,a53eed3b-2c96-4288-8574-967fe59ed065,c907f32b-f8f6-4912-919c-a7fde4465f63,2026-01-07 19:43:17.724980,touch,88.8,asset_siren,61.39,74.58
00bcce2c-8e8e-41da-ac23-4a80e7e5eba1,a53eed3b-2c96-4288-8574-967fe59ed065,c907f32b-f8f6-4912-919c-a7fde4465f63,2026-01-07 19:43:39.724980,idle,95.0,cube,28.17,79.21
45ca6418-e829-4620-8fe9-cfdd1b966db1,a53eed3b-2c96-4288-8574-967fe59ed065,c907f32b-f8f6-4912-919c-a7fde4465f63,2026-01-07 19:43:45.724980,spawn_object,112.2,asset_siren,14.32,4.36
d6cc4e8a-6d22-4abb-bcb1-b587c891aeab,a53eed3b-2c96-4288-8574-967fe59ed065,c907f32b-f8f6-4912-919c-a7fde4465f63,2026-01-07 19:43:55.724980,spawn_object,76.4,asset_siren,53.06,42.55
5398616b-9d1b-4e50-b2ad-6b0099a9ad41,0f674368-6b93-43fb-a45c-9bb2c06bd06d,730e4869-4ccb-4a89-9d8b-a8d28366c157,2026-01-08 02:08:19.724980,wave,40.3,flower,34.95,28.57
7d2b30e5-c6be-4248-b8c3-1b35b8a62d24,0f674368-6b93-43fb-a45c-9bb2c06bd06d,730e4869-4ccb-4a89-9d8b-a8d28366c157,2026-01-08 02:08:28.724980,explore,40.5,cube,46.3,4.07
27219c0a-46be-4c6b-82e7-b70822ac09ff,0f674368-6b93-43fb-a45c-9bb2c06bd06d,730e4869-4ccb-4a89-9d8b-a8d28366c157,2026-01-08 02:08:52.724980,wave,39.0,cube,21.19,31.27
f573f80e-ee1c-40e6-8c5c-874905239758,0f674368-6b93-43fb-a45c-9bb2c06bd06d,730e4869-4ccb-4a89-9d8b-a8d28366c157,2026-01-08 02:08:59.724980,explore,38.6,flower,2.23,87.95
5e682536-a65c-4efe-8d4c-0bc24a24e872,0f674368-6b93-43fb-a45c-9bb2c06bd06d,730e4869-4ccb-4a89-9d8b-a8d28366c157,2026-01-08 02:09:14.724980,wave,43.4,paintbrush,62.79,97.31
9708397e-e2a6-402f-a4d9-d9f87fa9f086,0f674368-6b93-43fb-a45c-9bb2c06bd06d,730e4869-4ccb-4a89-9d8b-a8d28366c157,2026-01-08 02:09:28.724980,explore,44.1,paintbrush,89.53,41.45
223c2836-f303-4172-9e23-b9bac11f142b,0f674368-6b93-43fb-a45c-9bb2c06bd06d,730e4869-4ccb-4a89-9d8b-a8d28366c157,2026-01-08 02:09:54.724980,explore,42.7,paintbrush,48.19,72.94
a8e444cf-4d62-47d1-a5b0-43d0d39d51bc,0f674368-6b93-43fb-a45c-9bb2c06bd06d,730e4869-4ccb-4a89-9d8b-a8d28366c157,2026-01-08 02:10:19.724980,explore,37.4,paintbrush,75.18,53.69
830b690f-e205-41e6-b7fa-8bdfeb61ce1e,0f674368-6b93-43fb-a45c-9bb2c06bd06d,730e4869-4ccb-4a89-9d8b-a8d28366c157,2026-01-08 02:10:40.724980,explore,32.9,paintbrush,70.72,2.68
e937ac0d-c9cd-4db2-938c-dcc8ef49a738,0f674368-6b93-43fb-a45c-9bb2c06bd06d,730e4869-4ccb-4a89-9d8b-a8d28366c157,2026-01-08 02:11:03.724980,spawn_object,39.9,paintbrush,46.19,29.19
fdccd5b6-fc4d-417c-9d8b-af359db58c02,bf9fe5a0-b730-42d7-9ba8-ea71f903d190,a6c9366a-505f-497e-9b2e-19295b0a8dc9,2026-01-07 19:26:28.724980,explore,32.2,cube,54.71,11.37
d6b41757-ac0d-475c-946d-2fdac126ad83,bf9fe5a0-b730-42d7-9ba8-ea71f903d190,a6c9366a-505f-497e-9b2e-19295b0a8dc9,2026-01-07 19:26:37.724980,wave,46.0,paintbrush,77.34,25.37
ccd98994-d80f-4607-9f61-7df5921ee9c7,bf9fe5a0-b730-42d7-9ba8-ea71f903d190,a6c9366a-505f-497e-9b2e-19295b0a8dc9,2026-01-07 19:27:07.724980,explore,46.0,flower,40.36,20.22
cb703106-5366-465d-bc57-2fc426107fa2,bf9fe5a0-b730-42d7-9ba8-ea71f903d190,a6c9366a-505f-497e-9b2e-19295b0a8dc9,2026-01-07 19:27:17.724980,explore,44.9,flower,61.8,34.99
8dbd31bd-f468-4323-a82f-92f310e20c46,bf9fe5a0-b730-42d7-9ba8-ea71f903d190,a6c9366a-505f-497e-9b2e-19295b0a8dc9,2026-01-07 19:27:38.724980,explore,25.6,cube,29.41,51.72
90f3aac0-779e-45e5-9346-78b39345b263,bf9fe5a0-b730-42d7-9ba8-ea71f903d190,a6c9366a-505f-497e-9b2e-19295b0a8dc9,2026-01-07 19:28:01.724980,wave,47.7,paintbrush,96.39,14.79
25f02584-0a13-464d-8fb7-a4fa76a34e8a,bf9fe5a0-b730-42d7-9ba8-ea71f903d190,a6c9366a-505f-497e-9b2e-19295b0a8dc9,2026-01-07 19:28:10.724980,explore,42.4,paintbrush,5.86,21.8
86c0d013-8b28-4d28-8071-37caddaa951f,bf9fe5a0-b730-42d7-9ba8-ea71f903d190,a6c9366a-505f-497e-9b2e-19295b0a8dc9,2026-01-07 19:28:18.724980,explore,38.3,flower,35.39,48.31
b28e358a-d7db-41ce-b9b3-ade7239fdfdc,bf9fe5a0-b730-42d7-9ba8-ea71f903d190,a6c9366a-505f-497e-9b2e-19295b0a8dc9,2026-01-07 19:28:23.724980,explore,44.2,paintbrush,16.07,8.42
02da5e14-0a42-427a-952d-e327cf97986f,bf9fe5a0-b730-42d7-9ba8-ea71f903d190,a6c9366a-505f-497e-9b2e-19295b0a8dc9,2026-01-07 19:28:41.724980,wave,43.9,flower,47.83,7.01
8b790483-8acc-4e7b-aa2b-1cbfb3efb9b8,bf9fe5a0-b730-42d7-9ba8-ea71f903d190,a6c9366a-505f-497e-9b2e-19295b0a8dc9,2026-01-07 19:28:57.724980,wave,36.8,paintbrush,65.01,53.1
b204bcab-a750-4c35-a691-05b32f595e0e,bf9fe5a0-b730-42d7-9ba8-ea71f903d190,a6c9366a-505f-497e-9b2e-19295b0a8dc9,2026-01-07 19:29:06.724980,explore,45.9,flower,41.79,90.06
5277c1a4-e789-4705-8fd0-19c0fdb74bc6,bf9fe5a0-b730-42d7-9ba8-ea71f903d190,a6c9366a-505f-497e-9b2e-19295b0a8dc9,2026-01-07 19:29:36.724980,explore,29.6,paintbrush,78.2,53.46
d53b88b1-3bb2-4d4b-a406-ca90964fdd0b,bf9fe5a0-b730-42d7-9ba8-ea71f903d190,a6c9366a-505f-497e-9b2e-19295b0a8dc9,2026-01-07 19:30:04.724980,explore,30.7,cube,65.26,51.62
294f70d8-5bd3-4f2c-bbae-78e6d721d3dd,bf9fe5a0-b730-42d7-9ba8-ea71f903d190,a6c9366a-505f-497e-9b2e-19295b0a8dc9,2026-01-07 19:30:10.724980,wave,35.1,flower,36.99,82.42
b877645c-5a9c-4fc3-a595-2732c24eddd3,bf9fe5a0-b730-42d7-9ba8-ea71f903d190,a6c9366a-505f-497e-9b2e-19295b0a8dc9,2026-01-07 19:30:38.724980,explore,39.1,paintbrush,81.41,12.95
de2725d1-d325-4716-bdf2-c04e3d0c129d,bf9fe5a0-b730-42d7-9ba8-ea71f903d190,a6c9366a-505f-497e-9b2e-19295b0a8dc9,2026-01-07 19:31:07.724980,spawn_object,43.7,flower,64.81,33.03
5ebb6938-e02a-43c5-99fe-8224aedc54bd,bf9fe5a0-b730-42d7-9ba8-ea71f903d190,a6c9366a-505f-497e-9b2e-19295b0a8dc9,2026-01-07 19:31:15.724980,spawn_object,50.1,flower,95.99,37.29
7c0f45fd-efa8-4c4b-b1e1-902e81cf4917,bf9fe5a0-b730-42d7-9ba8-ea71f903d190,a6c9366a-505f-497e-9b2e-19295b0a8dc9,2026-01-07 19:31:37.724980,wave,45.0,cube,56.7,26.53
1cf12f51-891b-48a8-a46f-4b2e425c4e58,bf9fe5a0-b730-42d7-9ba8-ea71f903d190,a6c9366a-505f-497e-9b2e-19295b0a8dc9,2026-01-07 19:31:53.724980,explore,43.3,flower,45.86,57.43
87ff360f-b70f-47c9-8529-e5f02089b7ec,bf9fe5a0-b730-42d7-9ba8-ea71f903d190,a6c9366a-505f-497e-9b2e-19295b0a8dc9,2026-01-07 19:32:06.724980,explore,37.6,flower,13.81,54.89
222564a3-f083-4ee8-8920-00b787f7f66c,bf9fe5a0-b730-42d7-9ba8-ea71f903d190,a6c9366a-505f-497e-9b2e-19295b0a8dc9,2026-01-07 19:32:23.724980,explore,48.3,flower,20.5,83.68
16342e2a-3fa8-4ad2-b58d-825bfda26e78,cade84c3-b812-4eca-96f7-3800b8632db9,3a7e9246-bfd1-4fb4-801c-18ffc3f28c54,2026-01-07 19:25:32.724980,wave,39.1,paintbrush,53.07,3.14
0b826090-1513-4d14-99ce-b371a669e069,cade84c3-b812-4eca-96f7-3800b8632db9,3a7e9246-bfd1-4fb4-801c-18ffc3f28c54,2026-01-07 19:25:55.724980,explore,41.6,flower,2.59,91.93
a49621d6-b921-47d0-a6ef-1e22ba2c6602,cade84c3-b812-4eca-96f7-3800b8632db9,3a7e9246-bfd1-4fb4-801c-18ffc3f28c54,2026-01-07 19:26:12.724980,spawn_object,32.2,flower,90.48,96.44
d0faf2bb-6d14-4130-bfd8-bde640623ad4,cade84c3-b812-4eca-96f7-3800b8632db9,3a7e9246-bfd1-4fb4-801c-18ffc3f28c54,2026-01-07 19:26:23.724980,explore,37.7,flower,84.84,89.13
0ae22721-56f8-4f94-a580-2a7ab4827ac0,cade84c3-b812-4eca-96f7-3800b8632db9,3a7e9246-bfd1-4fb4-801c-18ffc3f28c54,2026-01-07 19:26:40.724980,explore,30.0,flower,78.68,82.81
e710e579-881d-497c-a00a-fdba2ae1973f,cade84c3-b812-4eca-96f7-3800b8632db9,3a7e9246-bfd1-4fb4-801c-18ffc3f28c54,2026-01-07 19:26:52.724980,explore,35.0,flower,22.32,50.3
81d5f17c-7562-420d-b4b2-c5859f19b2a7,cade84c3-b812-4eca-96f7-3800b8632db9,3a7e9246-bfd1-4fb4-801c-18ffc3f28c54,2026-01-07 19:27:07.724980,wave,35.7,flower,19.9,68.94
0aa76663-16b8-4036-b0e6-c23df6ed4ac6,cade84c3-b812-4eca-96f7-3800b8632db9,3a7e9246-bfd1-4fb4-801c-18ffc3f28c54,2026-01-07 19:27:36.724980,wave,42.0,flower,37.22,95.26
572fe194-af79-41a4-8e8b-04ae6d209e7e,cade84c3-b812-4eca-96f7-3800b8632db9,3a7e9246-bfd1-4fb4-801c-18ffc3f28c54,2026-01-07 19:27:54.724980,wave,42.2,cube,20.03,43.57
7fdcd0e9-f162-4995-91b6-bfc17d4a4e51,cade84c3-b812-4eca-96f7-3800b8632db9,3a7e9246-bfd1-4fb4-801c-18ffc3f28c54,2026-01-07 19:28:00.724980,wave,46.9,cube,14.16,0.54
1d1452d8-0d56-4e62-8af9-f379add43e88,cade84c3-b812-4eca-96f7-3800b8632db9,3a7e9246-bfd1-4fb4-801c-18ffc3f28c54,2026-01-07 19:28:27.724980,explore,45.9,cube,8.54,36.64
b15bff91-f074-4459-83a1-afc35358e272,cade84c3-b812-4eca-96f7-3800b8632db9,3a7e9246-bfd1-4fb4-801c-18ffc3f28c54,2026-01-07 19:28:49.724980,spawn_object,43.2,flower,15.56,53.88
5c1c2259-17de-4775-a249-9674ed1ad505,cade84c3-b812-4eca-96f7-3800b8632db9,3a7e9246-bfd1-4fb4-801c-18ffc3f28c54,2026-01-07 19:28:56.724980,explore,40.0,paintbrush,70.85,54.89
e3ec12c7-0fbd-49ad-aaa9-ebd678ff8877,cade84c3-b812-4eca-96f7-3800b8632db9,3a7e9246-bfd1-4fb4-801c-18ffc3f28c54,2026-01-07 19:29:05.724980,explore,38.8,cube,67.85,0.52
eb29b703-6967-4782-a9e3-7467e0d89b55,cade84c3-b812-4eca-96f7-3800b8632db9,3a7e9246-bfd1-4fb4-801c-18ffc3f28c54,2026-01-07 19:29:25.724980,explore,44.1,flower,14.37,49.0
e4cc9be4-302f-4a67-af4c-59bf5e5532d1,cade84c3-b812-4eca-96f7-3800b8632db9,3a7e9246-bfd1-4fb4-801c-18ffc3f28c54,2026-01-07 19:29:46.724980,explore,34.4,paintbrush,69.65,45.47
16c74485-0426-49b1-a796-57eaaa6e1478,cade84c3-b812-4eca-96f7-3800b8632db9,3a7e9246-bfd1-4fb4-801c-18ffc3f28c54,2026-01-07 19:29:56.724980,explore,34.1,flower,45.58,37.1
f6581bf5-9d0d-4b48-9718-b84b4b57d00e,cade84c3-b812-4eca-96f7-3800b8632db9,3a7e9246-bfd1-4fb4-801c-18ffc3f28c54,2026-01-07 19:30:22.724980,explore,40.7,flower,17.92,41.37
3b347938-9179-4f15-bcb3-40af80ab5143,cade84c3-b812-4eca-96f7-3800b8632db9,3a7e9246-bfd1-4fb4-801c-18ffc3f28c54,2026-01-07 19:30:36.724980,wave,41.0,cube,46.32,11.97
c729a10d-1f14-45f9-9126-933b3e80b29b,cade84c3-b812-4eca-96f7-3800b8632db9,3a7e9246-bfd1-4fb4-801c-18ffc3f28c54,2026-01-07 19:31:03.724980,wave,34.5,paintbrush,83.36,79.04
10f02664-b0cd-42f3-803d-633974d9df28,cade84c3-b812-4eca-96f7-3800b8632db9,3a7e9246-bfd1-4fb4-801c-18ffc3f28c54,2026-01-07 19:31:22.724980,explore,41.9,flower,61.12,96.55
812ea4df-75ec-4d12-96cd-37447fa3f591,cade84c3-b812-4eca-96f7-3800b8632db9,3a7e9246-bfd1-4fb4-801c-18ffc3f28c54,2026-01-07 19:31:45.724980,explore,50.6,flower,47.73,71.73
282d8a35-b589-46e2-87c2-9620d744bdda,cade84c3-b812-4eca-96f7-3800b8632db9,3a7e9246-bfd1-4fb4-801c-18ffc3f28c54,2026-01-07 19:31:50.724980,explore,41.3,flower,58.47,98.0
001866dc-1bbc-4df5-8174-a3ccdecbb2fe,cade84c3-b812-4eca-96f7-3800b8632db9,3a7e9246-bfd1-4fb4-801c-18ffc3f28c54,2026-01-07 19:32:19.724980,explore,36.3,flower,78.21,12.82
35552b55-8d18-4153-a5af-b10e9a32093a,cade84c3-b812-4eca-96f7-3800b8632db9,3a7e9246-bfd1-4fb4-801c-18ffc3f28c54,2026-01-07 19:32:27.724980,explore,34.6,cube,28.72,40.74
7c76ad78-fc61-4f4f-a1a2-47738d19dd21,cade84c3-b812-4eca-96f7-3800b8632db9,3a7e9246-bfd1-4fb4-801c-18ffc3f28c54,2026-01-07 19:32:49.724980,explore,37.9,paintbrush,53.84,92.41
5d379d41-6d99-4923-b01c-e71a450f29a5,cade84c3-b812-4eca-96f7-3800b8632db9,3a7e9246-bfd1-4fb4-801c-18ffc3f28c54,2026-01-07 19:33:19.724980,explore,38.6,flower,61.53,9.84
4ff48e33-2f80-4b05-b2d4-58fd2573f209,cade84c3-b812-4eca-96f7-3800b8632db9,3a7e9246-bfd1-4fb4-801c-18ffc3f28c54,2026-01-07 19:33:49.724980,wave,39.6,flower,92.53,14.06
9a5a67e7-43f0-4e5e-bcd0-8133858e6d8f,cade84c3-b812-4eca-96f7-3800b8632db9,3a7e9246-bfd1-4fb4-801c-18ffc3f28c54,2026-01-07 19:33:58.724980,explore,40.3,flower,12.91,56.79
d333a4c5-99ad-4701-a770-c10d24143523,cade84c3-b812-4eca-96f7-3800b8632db9,3a7e9246-bfd1-4fb4-801c-18ffc3f28c54,2026-01-07 19:34:28.724980,wave,40.5,flower,88.0,24.99
a6636ec3-af97-481a-bf74-0f08b001b961,cade84c3-b812-4eca-96f7-3800b8632db9,3a7e9246-bfd1-4fb4-801c-18ffc3f28c54,2026-01-07 19:34:39.724980,wave,46.7,cube,4.53,15.32
21d0cd92-3268-44c5-9f46-cecea64158d6,cade84c3-b812-4eca-96f7-3800b8632db9,3a7e9246-bfd1-4fb4-801c-18ffc3f28c54,2026-01-07 19:34:53.724980,explore,48.9,paintbrush,42.85,24.23
6284f932-2902-43f7-8be3-1d971657f9c2,cade84c3-b812-4eca-96f7-3800b8632db9,3a7e9246-bfd1-4fb4-801c-18ffc3f28c54,2026-01-07 19:34:59.724980,spawn_object,38.1,flower,98.85,63.75
9088b5d0-96c2-4f81-aefb-0e811c4bfda9,cade84c3-b812-4eca-96f7-3800b8632db9,3a7e9246-bfd1-4fb4-801c-18ffc3f28c54,2026-01-07 19:35:15.724980,explore,42.3,cube,46.36,11.44
e941022f-9f9b-47da-9f3f-f0060cd1dde9,cade84c3-b812-4eca-96f7-3800b8632db9,3a7e9246-bfd1-4fb4-801c-18ffc3f28c54,2026-01-07 19:35:34.724980,wave,41.7,flower,81.38,15.14
da5207b1-6c12-47ca-8464-3d666b2ac128,cade84c3-b812-4eca-96f7-3800b8632db9,3a7e9246-bfd1-4fb4-801c-18ffc3f28c54,2026-01-07 19:35:42.724980,wave,38.7,paintbrush,52.83,40.89
98a132d9-4be1-4b7e-8380-df5a2712cb88,cade84c3-b812-4eca-96f7-3800b8632db9,3a7e9246-bfd1-4fb4-801c-18ffc3f28c54,2026-01-07 19:36:04.724980,wave,48.3,cube,77.12,40.89
d9935c44-1573-4226-bed2-71587126292b,6687291f-004c-4243-8e3b-9fc7f1ee9629,bb0e6590-5361-49f4-a50f-90b6103837d0,2026-01-08 05:30:18.724980,spawn_object,86.5,asset_siren,19.37,92.24
bfcb8baa-1d03-404f-8dc4-569efee14a1a,6687291f-004c-4243-8e3b-9fc7f1ee9629,bb0e6590-5361-49f4-a50f-90b6103837d0,2026-01-08 05:30:39.724980,spawn_object,80.7,asset_siren,5.96,2.6
e051b377-67be-43b2-8a36-5c5378b8a616,6687291f-004c-4243-8e3b-9fc7f1ee9629,bb0e6590-5361-49f4-a50f-90b6103837d0,2026-01-08 05:30:52.724980,spawn_object,101.3,asset_gun_01,44.63,45.42
8dfe1d30-cefd-4ab2-a24f-6e1d01ef2631,6687291f-004c-4243-8e3b-9fc7f1ee9629,bb0e6590-5361-49f4-a50f-90b6103837d0,2026-01-08 05:31:12.724980,touch,64.3,asset_siren,87.67,41.89
090cc165-4504-475b-88c5-e6df40b6f26d,6687291f-004c-4243-8e3b-9fc7f1ee9629,bb0e6590-5361-49f4-a50f-90b6103837d0,2026-01-08 05:31:41.724980,spawn_object,82.6,cube,51.19,95.48
47f98d29-62fa-48f5-988e-d99872520bed,6687291f-004c-4243-8e3b-9fc7f1ee9629,bb0e6590-5361-49f4-a50f-90b6103837d0,2026-01-08 05:32:06.724980,touch,90.4,asset_gun_01,99.48,26.57
f877cb3a-bfaa-4fd4-9712-59bd56accef6,6687291f-004c-4243-8e3b-9fc7f1ee9629,bb0e6590-5361-49f4-a50f-90b6103837d0,2026-01-08 05:32:27.724980,touch,85.9,cube,9.57,62.58
8d88d1d6-4417-4e14-a34d-a4dae897d734,6687291f-004c-4243-8e3b-9fc7f1ee9629,bb0e6590-5361-49f4-a50f-90b6103837d0,2026-01-08 05:32:47.724980,spawn_object,93.9,asset_gun_01,10.09,43.1
93f75220-bae4-408d-859f-865f055c6af3,6687291f-004c-4243-8e3b-9fc7f1ee9629,bb0e6590-5361-49f4-a50f-90b6103837d0,2026-01-08 05:33:04.724980,spawn_object,87.2,asset_siren,32.51,57.42
78136894-cb0e-41b0-a995-18e664577a93,6687291f-004c-4243-8e3b-9fc7f1ee9629,bb0e6590-5361-49f4-a50f-90b6103837d0,2026-01-08 05:33:15.724980,spawn_object,78.6,asset_gun_01,0.81,6.82
56c8ed60-e393-4ddd-aa59-85c6bc70f99c,6687291f-004c-4243-8e3b-9fc7f1ee9629,bb0e6590-5361-49f4-a50f-90b6103837d0,2026-01-08 05:33:39.724980,touch,102.0,asset_gun_01,21.3,56.71
8d0744e3-7497-4395-a44c-11a0534c0806,6687291f-004c-4243-8e3b-9fc7f1ee9629,bb0e6590-5361-49f4-a50f-90b6103837d0,2026-01-08 05:33:45.724980,spawn_object,70.9,asset_gun_01,4.96,22.26
e84e0e99-b9b5-4625-aeb7-98c4505d8bed,6687291f-004c-4243-8e3b-9fc7f1ee9629,bb0e6590-5361-49f4-a50f-90b6103837d0,2026-01-08 05:33:59.724980,touch,90.2,asset_gun_01,91.73,5.05
f38fab20-eddf-4c6c-a47b-bb20511eac86,6687291f-004c-4243-8e3b-9fc7f1ee9629,bb0e6590-5361-49f4-a50f-90b6103837d0,2026-01-08 05:34:19.724980,spawn_object,91.8,cube,81.39,7.62
de50bc77-190f-4944-a995-d4f01c0c33f7,6687291f-004c-4243-8e3b-9fc7f1ee9629,bb0e6590-5361-49f4-a50f-90b6103837d0,2026-01-08 05:34:32.724980,spawn_object,88.3,cube,90.2,15.86
c9ef996a-db3c-4e83-9e71-98f4bc6179cb,6687291f-004c-4243-8e3b-9fc7f1ee9629,bb0e6590-5361-49f4-a50f-90b6103837d0,2026-01-08 05:34:37.724980,spawn_object,86.9,asset_siren,24.86,42.9
28aaa3f4-9ff3-400f-9a59-795db8f41416,6687291f-004c-4243-8e3b-9fc7f1ee9629,bb0e6590-5361-49f4-a50f-90b6103837d0,2026-01-08 05:34:46.724980,touch,92.4,asset_gun_01,46.52,60.37
112fcecc-02e2-47a8-9197-51175694f470,6687291f-004c-4243-8e3b-9fc7f1ee9629,bb0e6590-5361-49f4-a50f-90b6103837d0,2026-01-08 05:34:51.724980,spawn_object,82.1,asset_gun_01,11.49,97.84
922d9892-ee44-4abd-ad24-815306b767ee,6687291f-004c-4243-8e3b-9fc7f1ee9629,bb0e6590-5361-49f4-a50f-90b6103837d0,2026-01-08 05:34:57.724980,touch,76.9,asset_gun_01,24.27,91.97
ed9b4c35-5aef-4612-be2e-ae6daa80aabf,6687291f-004c-4243-8e3b-9fc7f1ee9629,bb0e6590-5361-49f4-a50f-90b6103837d0,2026-01-08 05:35:05.724980,spawn_object,82.8,asset_gun_01,91.76,39.39
e087538b-248e-4598-aab6-7aed393f35b0,6687291f-004c-4243-8e3b-9fc7f1ee9629,bb0e6590-5361-49f4-a50f-90b6103837d0,2026-01-08 05:35:13.724980,touch,103.2,asset_siren,50.51,17.16
0a69abf1-215a-4ad6-ab50-2ceb094f6b9f,6687291f-004c-4243-8e3b-9fc7f1ee9629,bb0e6590-5361-49f4-a50f-90b6103837d0,2026-01-08 05:35:42.724980,spawn_object,90.4,asset_siren,89.59,18.38
e8755132-1317-4bf1-83c4-68ef8835853e,6687291f-004c-4243-8e3b-9fc7f1ee9629,bb0e6590-5361-49f4-a50f-90b6103837d0,2026-01-08 05:36:07.724980,touch,84.4,cube,80.87,7.9
03484c14-9113-4323-aabd-013cdd387c44,6687291f-004c-4243-8e3b-9fc7f1ee9629,bb0e6590-5361-49f4-a50f-90b6103837d0,2026-01-08 05:36:23.724980,idle,90.3,cube,34.18,3.27
8a0eec18-713a-474c-bcd6-3191a669a315,6687291f-004c-4243-8e3b-9fc7f1ee9629,bb0e6590-5361-49f4-a50f-90b6103837d0,2026-01-08 05:36:47.724980,touch,60.6,asset_siren,87.36,14.84
4d249b85-2bcb-464a-95f0-de1a7614a26a,6687291f-004c-4243-8e3b-9fc7f1ee9629,bb0e6590-5361-49f4-a50f-90b6103837d0,2026-01-08 05:37:02.724980,touch,77.4,asset_siren,41.19,94.2
79fd0fec-dc4e-4faa-a819-15ff4712a8e3,6687291f-004c-4243-8e3b-9fc7f1ee9629,bb0e6590-5361-49f4-a50f-90b6103837d0,2026-01-08 05:37:11.724980,touch,89.2,asset_siren,51.63,89.1
c9815128-20a2-4b82-abf2-1242267050ba,6687291f-004c-4243-8e3b-9fc7f1ee9629,bb0e6590-5361-49f4-a50f-90b6103837d0,2026-01-08 05:37:36.724980,touch,101.4,asset_siren,2.19,17.98
c7b40619-7d5e-4c89-b9e4-46583c206b33,6687291f-004c-4243-8e3b-9fc7f1ee9629,bb0e6590-5361-49f4-a50f-90b6103837d0,2026-01-08 05:37:53.724980,idle,101.3,asset_gun_01,44.41,68.6
e8a1bf2a-5bce-42ca-8f28-e3634d857d54,6687291f-004c-4243-8e3b-9fc7f1ee9629,bb0e6590-5361-49f4-a50f-90b6103837d0,2026-01-08 05:38:20.724980,touch,85.7,asset_siren,42.94,63.14
39572e6a-1376-4807-8ecb-974e2e590a85,6687291f-004c-4243-8e3b-9fc7f1ee9629,bb0e6590-5361-49f4-a50f-90b6103837d0,2026-01-08 05:38:33.724980,spawn_object,84.0,asset_gun_01,49.58,78.57
95dc84d8-3492-4801-80bc-f9e1e4c29a2d,6687291f-004c-4243-8e3b-9fc7f1ee9629,bb0e6590-5361-49f4-a50f-90b6103837d0,2026-01-08 05:38:56.724980,spawn_object,101.7,asset_gun_01,84.27,82.47
98f313ac-56be-43a1-855e-5bd136a9e001,6687291f-004c-4243-8e3b-9fc7f1ee9629,bb0e6590-5361-49f4-a50f-90b6103837d0,2026-01-08 05:39:22.724980,touch,104.1,asset_siren,16.65,52.67
221e427a-03bf-400d-8cb8-e250d3a994f6,6687291f-004c-4243-8e3b-9fc7f1ee9629,bb0e6590-5361-49f4-a50f-90b6103837d0,2026-01-08 05:39:43.724980,touch,101.3,asset_gun_01,25.58,27.01
965a8eb5-5e75-42b6-9514-7fc6e5c68feb,6687291f-004c-4243-8e3b-9fc7f1ee9629,bb0e6590-5361-49f4-a50f-90b6103837d0,2026-01-08 05:40:01.724980,touch,65.3,asset_gun_01,49.66,58.48
6c87a9b0-37a9-4ace-b7b7-2bd0cd5bb528,6687291f-004c-4243-8e3b-9fc7f1ee9629,bb0e6590-5361-49f4-a50f-90b6103837d0,2026-01-08 05:40:24.724980,touch,73.2,asset_siren,55.91,29.96
1a1206ba-3632-4209-84b8-e3eb3ad0e603,6687291f-004c-4243-8e3b-9fc7f1ee9629,bb0e6590-5361-49f4-a50f-90b6103837d0,2026-01-08 05:40:35.724980,idle,74.5,asset_siren,87.01,38.25
150071a4-72b5-4c00-8b0f-933f0c34f36a,6687291f-004c-4243-8e3b-9fc7f1ee9629,bb0e6590-5361-49f4-a50f-90b6103837d0,2026-01-08 05:40:56.724980,spawn_object,70.2,asset_gun_01,39.81,52.51
d17e424b-6e43-4cd4-910b-d990c15c2c2e,6687291f-004c-4243-8e3b-9fc7f1ee9629,bb0e6590-5361-49f4-a50f-90b6103837d0,2026-01-08 05:41:09.724980,spawn_object,83.7,asset_siren,1.48,50.02
fa55d888-4467-4365-96d2-43b1f1b30e71,6687291f-004c-4243-8e3b-9fc7f1ee9629,bb0e6590-5361-49f4-a50f-90b6103837d0,2026-01-08 05:41:21.724980,spawn_object,79.5,asset_siren,22.54,31.84
5d02fda5-d055-4572-bddd-c1df188e1da8,6687291f-004c-4243-8e3b-9fc7f1ee9629,bb0e6590-5361-49f4-a50f-90b6103837d0,2026-01-08 05:41:28.724980,touch,85.5,asset_siren,28.61,85.49
ff4e3419-a084-4140-b5ba-e1c08c586968,6687291f-004c-4243-8e3b-9fc7f1ee9629,bb0e6590-5361-49f4-a50f-90b6103837d0,2026-01-08 05:41:36.724980,touch,75.3,asset_gun_01,8.04,53.68
b9c0dcc1-1290-4b8a-b639-8c47d591041f,6687291f-004c-4243-8e3b-9fc7f1ee9629,bb0e6590-5361-49f4-a50f-90b6103837d0,2026-01-08 05:42:03.724980,touch,77.4,asset_gun_01,39.51,47.5
8ac42023-2da5-4925-b6fa-65e973af9be2,6687291f-004c-4243-8e3b-9fc7f1ee9629,bb0e6590-5361-49f4-a50f-90b6103837d0,2026-01-08 05:42:12.724980,idle,77.4,asset_gun_01,87.59,53.78
5bde2dd1-6b9f-4e7b-8e67-58139948d0e9,6687291f-004c-4243-8e3b-9fc7f1ee9629,bb0e6590-5361-49f4-a50f-90b6103837d0,2026-01-08 05:42:17.724980,spawn_object,59.6,asset_gun_01,33.98,37.68
b203bc46-d696-4743-9d33-c0b79466b156,6687291f-004c-4243-8e3b-9fc7f1ee9629,bb0e6590-5361-49f4-a50f-90b6103837d0,2026-01-08 05:42:35.724980,spawn_object,79.1,asset_siren,98.86,78.73
baf73ec6-58a0-4fd8-a492-dccdcb3b29f5,6687291f-004c-4243-8e3b-9fc7f1ee9629,bb0e6590-5361-49f4-a50f-90b6103837d0,2026-01-08 05:42:43.724980,idle,89.6,asset_siren,85.32,68.76
6279ac21-ade4-45e2-a08b-e4875b4c07a0,6687291f-004c-4243-8e3b-9fc7f1ee9629,bb0e6590-5361-49f4-a50f-90b6103837d0,2026-01-08 05:42:58.724980,spawn_object,98.6,asset_gun_01,63.09,97.68
4b146ec1-20d9-4c56-8a72-54a521c01127,6687291f-004c-4243-8e3b-9fc7f1ee9629,bb0e6590-5361-49f4-a50f-90b6103837d0,2026-01-08 05:43:24.724980,spawn_object,69.3,asset_gun_01,50.34,36.08
6fa55a77-e6d1-4651-83d5-b6fc859c3953,6687291f-004c-4243-8e3b-9fc7f1ee9629,bb0e6590-5361-49f4-a50f-90b6103837d0,2026-01-08 05:43:45.724980,spawn_object,84.8,asset_gun_01,21.29,45.35
8218dcce-f8f3-4da4-94a3-0b024b51a705,6687291f-004c-4243-8e3b-9fc7f1ee9629,bb0e6590-5361-49f4-a50f-90b6103837d0,2026-01-08 05:43:58.724980,spawn_object,75.1,asset_gun_01,85.46,63.13
1bd0695a-d7d6-445f-89e1-9a3a955198e5,6687291f-004c-4243-8e3b-9fc7f1ee9629,bb0e6590-5361-49f4-a50f-90b6103837d0,2026-01-08 05:44:28.724980,spawn_object,78.4,asset_siren,19.68,74.67
ed91166a-679a-4777-9194-5e5ef5811d98,6687291f-004c-4243-8e3b-9fc7f1ee9629,bb0e6590-5361-49f4-a50f-90b6103837d0,2026-01-08 05:44:52.724980,idle,82.5,cube,84.97,82.21
db379cb1-bc43-4d2f-8520-d81ef2a8b6b9,6687291f-004c-4243-8e3b-9fc7f1ee9629,bb0e6590-5361-49f4-a50f-90b6103837d0,2026-01-08 05:45:14.724980,spawn_object,85.2,asset_siren,55.89,2.72
659d2ee5-1b77-48cd-aeab-cad04cfdb87f,6687291f-004c-4243-8e3b-9fc7f1ee9629,bb0e6590-5361-49f4-a50f-90b6103837d0,2026-01-08 05:45:35.724980,touch,73.1,asset_gun_01,44.15,80.75
c692b615-ab01-43c4-b186-1d89df13e6ec,6687291f-004c-4243-8e3b-9fc7f1ee9629,bb0e6590-5361-49f4-a50f-90b6103837d0,2026-01-08 05:45:42.724980,spawn_object,104.7,asset_siren,68.18,96.74
ce7ee615-80ec-47aa-8a10-27de718168ee,f7c27658-92ff-47ee-bfef-4853e09d87bb,de1b00a8-ce00-4433-942b-4c30fb3b4501,2026-01-08 01:24:28.724980,explore,40.9,paintbrush,91.91,50.62
94d842cd-0ff7-4496-98fb-f4f620c58fda,f7c27658-92ff-47ee-bfef-4853e09d87bb,de1b00a8-ce00-4433-942b-4c30fb3b4501,2026-01-08 01:24:41.724980,explore,42.6,flower,89.69,16.98
1a5ce7e9-c08a-43f1-8593-ffeb86049900,f7c27658-92ff-47ee-bfef-4853e09d87bb,de1b00a8-ce00-4433-942b-4c30fb3b4501,2026-01-08 01:25:03.724980,explore,45.1,paintbrush,94.78,76.1
9fd527fd-6afc-47e9-a6b6-0c89cb39a25d,f7c27658-92ff-47ee-bfef-4853e09d87bb,de1b00a8-ce00-4433-942b-4c30fb3b4501,2026-01-08 01:25:30.724980,explore,31.8,cube,3.64,27.64
b1e66be6-f853-47ed-986d-7188c5759740,f7c27658-92ff-47ee-bfef-4853e09d87bb,de1b00a8-ce00-4433-942b-4c30fb3b4501,2026-01-08 01:25:52.724980,explore,38.9,cube,85.33,46.66
d9ee7729-0166-4115-9ada-f0d16f1bf5af,f7c27658-92ff-47ee-bfef-4853e09d87bb,de1b00a8-ce00-4433-942b-4c30fb3b4501,2026-01-08 01:26:01.724980,explore,41.2,cube,30.53,36.48
deb4c586-c6e1-43b0-b06a-26082a860b16,f7c27658-92ff-47ee-bfef-4853e09d87bb,de1b00a8-ce00-4433-942b-4c30fb3b4501,2026-01-08 01:26:26.724980,spawn_object,47.8,cube,17.55,64.18
3202ee9e-1195-4154-bcf1-d094a9983746,f7c27658-92ff-47ee-bfef-4853e09d87bb,de1b00a8-ce00-4433-942b-4c30fb3b4501,2026-01-08 01:26:52.724980,explore,37.7,paintbrush,28.1,77.49
96f7c6ce-0a2d-4c9f-9b30-8bb6b9d9759b,f7c27658-92ff-47ee-bfef-4853e09d87bb,de1b00a8-ce00-4433-942b-4c30fb3b4501,2026-01-08 01:27:14.724980,spawn_object,36.9,cube,56.78,85.33
434af817-7f0d-44ba-bc7d-09946a33371c,f7c27658-92ff-47ee-bfef-4853e09d87bb,de1b00a8-ce00-4433-942b-4c30fb3b4501,2026-01-08 01:27:39.724980,explore,47.4,flower,90.47,3.6
b98fc4d0-1d41-4207-9cac-e1de55d3398a,f7c27658-92ff-47ee-bfef-4853e09d87bb,de1b00a8-ce00-4433-942b-4c30fb3b4501,2026-01-08 01:28:02.724980,spawn_object,38.8,flower,54.14,48.52
ea630163-5dca-4bf7-ae42-8608c68b2e1d,f7c27658-92ff-47ee-bfef-4853e09d87bb,de1b00a8-ce00-4433-942b-4c30fb3b4501,2026-01-08 01:28:32.724980,wave,45.3,flower,50.06,42.06
365b2417-ea18-45ae-bd19-ec1f9f3a7878,f7c27658-92ff-47ee-bfef-4853e09d87bb,de1b00a8-ce00-4433-942b-4c30fb3b4501,2026-01-08 01:28:50.724980,wave,30.0,paintbrush,3.78,15.71
ecebcd51-e865-4297-a749-b805e6a17044,f7c27658-92ff-47ee-bfef-4853e09d87bb,de1b00a8-ce00-4433-942b-4c30fb3b4501,2026-01-08 01:29:17.724980,explore,46.0,cube,67.81,97.79
765f3126-2fed-462f-8b15-751fa4e2a0e0,f7c27658-92ff-47ee-bfef-4853e09d87bb,de1b00a8-ce00-4433-942b-4c30fb3b4501,2026-01-08 01:29:27.724980,explore,36.2,paintbrush,5.36,40.22
a45b8f8d-aba6-44ee-8cac-3a193d11ffa9,f7c27658-92ff-47ee-bfef-4853e09d87bb,de1b00a8-ce00-4433-942b-4c30fb3b4501,2026-01-08 01:29:36.724980,explore,38.4,flower,33.23,51.44
85d0f35b-f8f2-4611-be40-75c69281b3ee,f7c27658-92ff-47ee-bfef-4853e09d87bb,de1b00a8-ce00-4433-942b-4c30fb3b4501,2026-01-08 01:29:48.724980,explore,42.7,cube,87.88,89.22
a139fce4-457f-4f1a-9448-e3c23dc28afd,f7c27658-92ff-47ee-bfef-4853e09d87bb,de1b00a8-ce00-4433-942b-4c30fb3b4501,2026-01-08 01:30:12.724980,explore,41.4,flower,60.63,65.0
e0c33654-056a-43ea-9efa-55945b6f83b5,f7c27658-92ff-47ee-bfef-4853e09d87bb,de1b00a8-ce00-4433-942b-4c30fb3b4501,2026-01-08 01:30:30.724980,explore,44.0,cube,42.78,17.93
3e1cb307-a4ed-4d8e-a10e-19b4a4646336,f7c27658-92ff-47ee-bfef-4853e09d87bb,de1b00a8-ce00-4433-942b-4c30fb3b4501,2026-01-08 01:30:37.724980,spawn_object,37.0,paintbrush,24.07,40.76
e26dc5da-981c-41e0-9a06-052b1630c2ca,f7c27658-92ff-47ee-bfef-4853e09d87bb,de1b00a8-ce00-4433-942b-4c30fb3b4501,2026-01-08 01:30:49.724980,explore,40.2,cube,79.25,87.15
c10c0ab9-2a75-45e4-8025-7cde78565aeb,f7c27658-92ff-47ee-bfef-4853e09d87bb,de1b00a8-ce00-4433-942b-4c30fb3b4501,2026-01-08 01:31:13.724980,explore,37.6,flower,90.19,88.56
1c7ea057-6d7e-4797-87fb-4ceb50ea96c2,f7c27658-92ff-47ee-bfef-4853e09d87bb,de1b00a8-ce00-4433-942b-4c30fb3b4501,2026-01-08 01:31:37.724980,explore,36.3,flower,44.53,7.76
de0465f8-5e4c-48d8-a3eb-2f8930724d63,f7c27658-92ff-47ee-bfef-4853e09d87bb,de1b00a8-ce00-4433-942b-4c30fb3b4501,2026-01-08 01:32:03.724980,explore,35.5,paintbrush,58.05,29.14
94f30c91-5c17-4694-bf8a-bf1a6f112882,f7c27658-92ff-47ee-bfef-4853e09d87bb,de1b00a8-ce00-4433-942b-4c30fb3b4501,2026-01-08 01:32:16.724980,explore,39.1,flower,20.66,27.22
aab17d01-9a23-46ff-9816-7598ed9b0e69,f7c27658-92ff-47ee-bfef-4853e09d87bb,de1b00a8-ce00-4433-942b-4c30fb3b4501,2026-01-08 01:32:32.724980,explore,41.6,flower,84.33,34.8
15e4b843-f2c5-4f95-8840-00d46391f2e1,f7c27658-92ff-47ee-bfef-4853e09d87bb,de1b00a8-ce00-4433-942b-4c30fb3b4501,2026-01-08 01:32:57.724980,wave,42.8,paintbrush,38.95,37.82
8b9151fc-3bb4-4b83-862a-338437fde355,f7c27658-92ff-47ee-bfef-4853e09d87bb,de1b00a8-ce00-4433-942b-4c30fb3b4501,2026-01-08 01:33:18.724980,explore,41.5,paintbrush,96.63,72.33
241314a1-3964-4933-a94c-552c5a43135b,f7c27658-92ff-47ee-bfef-4853e09d87bb,de1b00a8-ce00-4433-942b-4c30fb3b4501,2026-01-08 01:33:25.724980,explore,40.7,cube,65.23,64.23
c132c5d3-262d-4b62-9230-3f4fcc4490d9,f7c27658-92ff-47ee-bfef-4853e09d87bb,de1b00a8-ce00-4433-942b-4c30fb3b4501,2026-01-08 01:33:37.724980,explore,45.4,paintbrush,67.05,54.63
115d0726-51ed-4188-8472-22832466d6b0,fcf1078d-bfd9-42ba-bd36-cdb81f3b02de,956ae271-00c4-4662-a0cd-636985b49fdf,2026-01-07 16:42:10.724980,explore,35.9,flower,39.91,76.7
aac96293-becc-4ce1-ab73-616fd52872fd,fcf1078d-bfd9-42ba-bd36-cdb81f3b02de,956ae271-00c4-4662-a0cd-636985b49fdf,2026-01-07 16:42:22.724980,explore,33.3,flower,8.88,1.87
580856f9-28c7-40ce-b740-0fc96f3aa797,fcf1078d-bfd9-42ba-bd36-cdb81f3b02de,956ae271-00c4-4662-a0cd-636985b49fdf,2026-01-07 16:42:50.724980,explore,39.3,cube,44.1,51.19
dabe6d61-94eb-4a47-8dda-381f375e4583,fcf1078d-bfd9-42ba-bd36-cdb81f3b02de,956ae271-00c4-4662-a0cd-636985b49fdf,2026-01-07 16:43:17.724980,spawn_object,38.8,flower,91.06,9.66
23344a83-5a32-4558-90b3-af8febd43c66,fcf1078d-bfd9-42ba-bd36-cdb81f3b02de,956ae271-00c4-4662-a0cd-636985b49fdf,2026-01-07 16:43:37.724980,explore,38.3,paintbrush,52.53,8.73
6d7b3f76-0f52-40d9-b01a-c132ae0bfbaa,fcf1078d-bfd9-42ba-bd36-cdb81f3b02de,956ae271-00c4-4662-a0cd-636985b49fdf,2026-01-07 16:43:44.724980,explore,38.5,cube,91.61,32.43
55ad930b-1562-4b8b-949b-ed112de4d780,fcf1078d-bfd9-42ba-bd36-cdb81f3b02de,956ae271-00c4-4662-a0cd-636985b49fdf,2026-01-07 16:43:49.724980,explore,33.3,flower,3.18,27.4
cf0390c0-dbe4-4a1b-a062-8e443cb3de1a,fcf1078d-bfd9-42ba-bd36-cdb81f3b02de,956ae271-00c4-4662-a0cd-636985b49fdf,2026-01-07 16:44:12.724980,spawn_object,40.6,cube,9.12,77.55
f73a625c-7937-494f-a9bb-2a575b879c40,fcf1078d-bfd9-42ba-bd36-cdb81f3b02de,956ae271-00c4-4662-a0cd-636985b49fdf,2026-01-07 16:44:21.724980,explore,39.5,cube,68.57,53.69
ba857b03-173d-4975-bee1-c0a0441f0e16,fcf1078d-bfd9-42ba-bd36-cdb81f3b02de,956ae271-00c4-4662-a0cd-636985b49fdf,2026-01-07 16:44:31.724980,explore,38.0,paintbrush,46.45,1.37
c373f5a9-19f3-4d41-9d2f-a2043a8ca1c9,fcf1078d-bfd9-42ba-bd36-cdb81f3b02de,956ae271-00c4-4662-a0cd-636985b49fdf,2026-01-07 16:44:46.724980,explore,38.3,cube,74.75,0.9
c19b955d-5d28-4f4a-a927-781827417528,fcf1078d-bfd9-42ba-bd36-cdb81f3b02de,956ae271-00c4-4662-a0cd-636985b49fdf,2026-01-07 16:45:10.724980,wave,33.5,flower,70.28,49.35
d2c5ece8-a013-4181-b7a3-1de517c2ab6b,fcf1078d-bfd9-42ba-bd36-cdb81f3b02de,956ae271-00c4-4662-a0cd-636985b49fdf,2026-01-07 16:45:35.724980,explore,44.1,paintbrush,50.72,7.13
61ec8c9d-5c1a-48e5-93e8-77ca52c1a3e7,fcf1078d-bfd9-42ba-bd36-cdb81f3b02de,956ae271-00c4-4662-a0cd-636985b49fdf,2026-01-07 16:46:05.724980,explore,32.7,cube,44.33,78.2
520a8587-2553-4bbb-83e8-600da5d91b33,fcf1078d-bfd9-42ba-bd36-cdb81f3b02de,956ae271-00c4-4662-a0cd-636985b49fdf,2026-01-07 16:46:33.724980,explore,38.3,flower,68.26,89.82
1f53e1cd-7072-417e-bbf8-aaa96fa522c0,fcf1078d-bfd9-42ba-bd36-cdb81f3b02de,956ae271-00c4-4662-a0cd-636985b49fdf,2026-01-07 16:46:56.724980,explore,46.1,cube,45.23,7.28
e1a02f76-6e30-47ff-89bd-b04c397857f6,fcf1078d-bfd9-42ba-bd36-cdb81f3b02de,956ae271-00c4-4662-a0cd-636985b49fdf,2026-01-07 16:47:26.724980,explore,35.0,cube,2.02,63.81
633552d8-748c-4e01-9086-6bc0d6b2cbd6,fcf1078d-bfd9-42ba-bd36-cdb81f3b02de,956ae271-00c4-4662-a0cd-636985b49fdf,2026-01-07 16:47:38.724980,explore,49.0,flower,70.19,67.53
a0f7d58f-a253-446f-b5d9-01aaeb4a9691,fcf1078d-bfd9-42ba-bd36-cdb81f3b02de,956ae271-00c4-4662-a0cd-636985b49fdf,2026-01-07 16:47:44.724980,explore,41.5,cube,93.63,85.04
187e5dc4-6f82-469b-b112-2924a23727da,fcf1078d-bfd9-42ba-bd36-cdb81f3b02de,956ae271-00c4-4662-a0cd-636985b49fdf,2026-01-07 16:47:58.724980,spawn_object,45.9,cube,39.11,73.18
5ea67414-6c59-4fe7-b90f-38ad2334c61c,fcf1078d-bfd9-42ba-bd36-cdb81f3b02de,956ae271-00c4-4662-a0cd-636985b49fdf,2026-01-07 16:48:27.724980,explore,39.9,flower,22.49,77.43
fa6393e1-ba0b-4cba-a5ee-5d1b07cde592,fcf1078d-bfd9-42ba-bd36-cdb81f3b02de,956ae271-00c4-4662-a0cd-636985b49fdf,2026-01-07 16:48:42.724980,explore,41.8,flower,1.98,96.12
1afb3715-e9f7-47ef-9ae5-0ae9af063d66,72b3bbe6-5a35-49b2-88f6-de8d5ba9bf27,a5f42625-187d-4b3e-9a00-a9e044951352,2026-01-08 03:30:22.724980,wave,32.3,paintbrush,10.66,11.4
7d106410-2ee3-4d8e-95cf-4c22b338b631,72b3bbe6-5a35-49b2-88f6-de8d5ba9bf27,a5f42625-187d-4b3e-9a00-a9e044951352,2026-01-08 03:30:28.724980,wave,37.8,paintbrush,73.48,1.82
7c46941f-b8c0-4318-99b0-1f60afb601e5,72b3bbe6-5a35-49b2-88f6-de8d5ba9bf27,a5f42625-187d-4b3e-9a00-a9e044951352,2026-01-08 03:30:56.724980,explore,34.1,paintbrush,25.24,90.74
5166c2ac-a852-40c9-8de9-496b424a10c6,72b3bbe6-5a35-49b2-88f6-de8d5ba9bf27,a5f42625-187d-4b3e-9a00-a9e044951352,2026-01-08 03:31:26.724980,explore,31.8,paintbrush,40.43,41.28
1847d0ec-5595-470f-8237-4c97d6827c0b,72b3bbe6-5a35-49b2-88f6-de8d5ba9bf27,a5f42625-187d-4b3e-9a00-a9e044951352,2026-01-08 03:31:47.724980,explore,31.9,cube,72.15,30.93
e9eeb9ea-15c2-493d-9d07-40f5dfed2ab0,72b3bbe6-5a35-49b2-88f6-de8d5ba9bf27,a5f42625-187d-4b3e-9a00-a9e044951352,2026-01-08 03:32:07.724980,explore,33.8,flower,2.02,54.23
07f5321c-548e-422f-9ffd-5ae63dc10401,72b3bbe6-5a35-49b2-88f6-de8d5ba9bf27,a5f42625-187d-4b3e-9a00-a9e044951352,2026-01-08 03:32:29.724980,spawn_object,42.2,cube,49.38,80.78
111069e0-0bd9-4130-a090-ac6f40333e33,72b3bbe6-5a35-49b2-88f6-de8d5ba9bf27,a5f42625-187d-4b3e-9a00-a9e044951352,2026-01-08 03:32:57.724980,explore,39.2,cube,89.08,19.31
55a58838-c5be-405c-b5ab-0abc7fd29906,72b3bbe6-5a35-49b2-88f6-de8d5ba9bf27,a5f42625-187d-4b3e-9a00-a9e044951352,2026-01-08 03:33:04.724980,wave,40.9,flower,62.73,11.01
e6324fc9-70fa-441c-a39c-c5ccdf85954a,72b3bbe6-5a35-49b2-88f6-de8d5ba9bf27,a5f42625-187d-4b3e-9a00-a9e044951352,2026-01-08 03:33:11.724980,explore,40.4,flower,34.8,73.73
f42e888b-7721-4db4-b75b-9bab2ae8a711,72b3bbe6-5a35-49b2-88f6-de8d5ba9bf27,a5f42625-187d-4b3e-9a00-a9e044951352,2026-01-08 03:33:31.724980,wave,31.3,cube,56.11,23.41
00815246-94e2-4cc5-9dae-f4c78a6ce3d8,72b3bbe6-5a35-49b2-88f6-de8d5ba9bf27,a5f42625-187d-4b3e-9a00-a9e044951352,2026-01-08 03:33:58.724980,wave,33.9,cube,55.59,54.03
9f4077e7-c176-408f-850e-7dc49a9e0207,72b3bbe6-5a35-49b2-88f6-de8d5ba9bf27,a5f42625-187d-4b3e-9a00-a9e044951352,2026-01-08 03:34:08.724980,wave,41.3,cube,43.06,86.76
57ea1e4a-8836-405e-a302-2c5632b77988,72b3bbe6-5a35-49b2-88f6-de8d5ba9bf27,a5f42625-187d-4b3e-9a00-a9e044951352,2026-01-08 03:34:37.724980,wave,38.2,flower,81.26,62.12
ae8a10cf-ba66-4b0a-af78-f639242201df,72b3bbe6-5a35-49b2-88f6-de8d5ba9bf27,a5f42625-187d-4b3e-9a00-a9e044951352,2026-01-08 03:34:47.724980,explore,39.9,cube,58.19,56.49
5a35c642-27a4-43e8-badb-7d3c533086ec,72b3bbe6-5a35-49b2-88f6-de8d5ba9bf27,a5f42625-187d-4b3e-9a00-a9e044951352,2026-01-08 03:34:52.724980,explore,45.0,paintbrush,85.08,42.02
a1c20fc8-3df3-49e7-93df-10e99d49b801,72b3bbe6-5a35-49b2-88f6-de8d5ba9bf27,a5f42625-187d-4b3e-9a00-a9e044951352,2026-01-08 03:35:01.724980,explore,38.2,flower,19.81,30.31
c482110b-c7d3-407f-bee7-c97c91e60f35,72b3bbe6-5a35-49b2-88f6-de8d5ba9bf27,a5f42625-187d-4b3e-9a00-a9e044951352,2026-01-08 03:35:20.724980,explore,49.7,flower,54.02,71.33
1ac15aa3-4c64-471e-9e2e-2f044cb9ebb4,72b3bbe6-5a35-49b2-88f6-de8d5ba9bf27,a5f42625-187d-4b3e-9a00-a9e044951352,2026-01-08 03:35:25.724980,explore,42.1,cube,23.29,71.67
42717bb5-2f95-45ca-bb73-5e274beb6d48,72b3bbe6-5a35-49b2-88f6-de8d5ba9bf27,a5f42625-187d-4b3e-9a00-a9e044951352,2026-01-08 03:35:49.724980,wave,40.1,flower,61.08,35.1
d2573a83-7dfd-483d-82dc-75a4bfcb745e,72b3bbe6-5a35-49b2-88f6-de8d5ba9bf27,a5f42625-187d-4b3e-9a00-a9e044951352,2026-01-08 03:36:01.724980,explore,44.9,cube,95.98,97.94
aac50667-8e7f-4961-9918-da3032b34154,72b3bbe6-5a35-49b2-88f6-de8d5ba9bf27,a5f42625-187d-4b3e-9a00-a9e044951352,2026-01-08 03:36:27.724980,wave,43.6,paintbrush,93.46,99.77
d2141c97-b1d0-4a72-88db-fb7a6603cdbd,72b3bbe6-5a35-49b2-88f6-de8d5ba9bf27,a5f42625-187d-4b3e-9a00-a9e044951352,2026-01-08 03:36:48.724980,wave,38.2,flower,53.03,4.55
9d79179e-c03e-456d-8b5d-df0e035df6a8,72b3bbe6-5a35-49b2-88f6-de8d5ba9bf27,a5f42625-187d-4b3e-9a00-a9e044951352,2026-01-08 03:37:05.724980,explore,35.8,cube,89.7,47.57
6a13cf43-eaab-46e8-89b4-0e24bf1ac4f8,72b3bbe6-5a35-49b2-88f6-de8d5ba9bf27,a5f42625-187d-4b3e-9a00-a9e044951352,2026-01-08 03:37:10.724980,explore,37.2,flower,52.93,98.22
d47bbd63-018f-4eb9-8bed-45813443d1aa,72b3bbe6-5a35-49b2-88f6-de8d5ba9bf27,a5f42625-187d-4b3e-9a00-a9e044951352,2026-01-08 03:37:32.724980,spawn_object,31.8,flower,7.41,50.15
32a3d403-eefd-484c-806d-e43f71bc4b71,72b3bbe6-5a35-49b2-88f6-de8d5ba9bf27,a5f42625-187d-4b3e-9a00-a9e044951352,2026-01-08 03:37:59.724980,explore,39.9,cube,69.76,53.34
21408c1a-b776-4210-b57c-3504e1db9700,72b3bbe6-5a35-49b2-88f6-de8d5ba9bf27,a5f42625-187d-4b3e-9a00-a9e044951352,2026-01-08 03:38:15.724980,explore,34.2,paintbrush,91.49,22.15
07d27ede-384d-4ea2-ab4a-4f03253e92bc,72b3bbe6-5a35-49b2-88f6-de8d5ba9bf27,a5f42625-187d-4b3e-9a00-a9e044951352,2026-01-08 03:38:34.724980,explore,35.0,paintbrush,28.75,60.51
0520cf0a-b4d6-4a58-9e20-ce357f72f50c,72b3bbe6-5a35-49b2-88f6-de8d5ba9bf27,a5f42625-187d-4b3e-9a00-a9e044951352,2026-01-08 03:39:04.724980,explore,44.1,paintbrush,17.3,80.99
2c03144f-de66-40ae-a337-cabe54ee51f8,72b3bbe6-5a35-49b2-88f6-de8d5ba9bf27,a5f42625-187d-4b3e-9a00-a9e044951352,2026-01-08 03:39:28.724980,explore,39.3,cube,27.33,36.07
d658c82a-a06d-4e9a-8745-5613fa595b6a,256d17c1-4aab-47d9-a91b-11c155ebc887,666e2772-a68d-49a5-a3b1-8c01977f3f8c,2026-01-07 22:09:18.724980,explore,43.7,paintbrush,92.56,7.82
c57fa428-bea2-42ad-b470-67f36816ae0f,256d17c1-4aab-47d9-a91b-11c155ebc887,666e2772-a68d-49a5-a3b1-8c01977f3f8c,2026-01-07 22:09:30.724980,explore,42.2,flower,0.22,97.24
069244d6-c8b0-44d0-8857-59077e88b69f,256d17c1-4aab-47d9-a91b-11c155ebc887,666e2772-a68d-49a5-a3b1-8c01977f3f8c,2026-01-07 22:09:55.724980,wave,41.8,flower,8.61,22.99
b0b90f80-438b-49a9-8392-8036c61f0a48,256d17c1-4aab-47d9-a91b-11c155ebc887,666e2772-a68d-49a5-a3b1-8c01977f3f8c,2026-01-07 22:10:03.724980,spawn_object,45.7,cube,6.05,0.91
0fae66ef-dfb9-40f1-abac-9cbbb9feef0a,256d17c1-4aab-47d9-a91b-11c155ebc887,666e2772-a68d-49a5-a3b1-8c01977f3f8c,2026-01-07 22:10:16.724980,explore,44.2,paintbrush,71.88,56.23
876a1f37-d996-41fb-afd0-48772569cd3f,256d17c1-4aab-47d9-a91b-11c155ebc887,666e2772-a68d-49a5-a3b1-8c01977f3f8c,2026-01-07 22:10:41.724980,wave,44.5,flower,43.11,23.11
942bb579-bcca-4c29-bf3a-394f4b00c2db,256d17c1-4aab-47d9-a91b-11c155ebc887,666e2772-a68d-49a5-a3b1-8c01977f3f8c,2026-01-07 22:11:07.724980,explore,43.1,paintbrush,87.24,7.52
770fd7fa-bc19-402d-b7c6-dfbc41f75a36,256d17c1-4aab-47d9-a91b-11c155ebc887,666e2772-a68d-49a5-a3b1-8c01977f3f8c,2026-01-07 22:11:36.724980,explore,45.1,flower,80.89,35.1
0b211ed4-9632-4576-b7e5-5979123b5145,256d17c1-4aab-47d9-a91b-11c155ebc887,666e2772-a68d-49a5-a3b1-8c01977f3f8c,2026-01-07 22:12:03.724980,explore,36.9,flower,15.95,74.36
a1f268cb-fa7c-44c2-9699-546281848699,256d17c1-4aab-47d9-a91b-11c155ebc887,666e2772-a68d-49a5-a3b1-8c01977f3f8c,2026-01-07 22:12:12.724980,explore,33.7,flower,87.01,36.74
96118a91-ca80-44a2-9a7f-64f05a080c2c,256d17c1-4aab-47d9-a91b-11c155ebc887,666e2772-a68d-49a5-a3b1-8c01977f3f8c,2026-01-07 22:12:30.724980,explore,43.5,flower,65.17,26.95
db59dd59-d13f-4320-8249-d5e36787f404,256d17c1-4aab-47d9-a91b-11c155ebc887,666e2772-a68d-49a5-a3b1-8c01977f3f8c,2026-01-07 22:12:56.724980,explore,48.0,paintbrush,64.02,46.25
bceb3abc-98da-4bc8-b595-5d4c65b16297,256d17c1-4aab-47d9-a91b-11c155ebc887,666e2772-a68d-49a5-a3b1-8c01977f3f8c,2026-01-07 22:13:20.724980,wave,32.8,cube,56.98,9.75
e90c4d4c-bc83-4091-a456-5199462017b7,256d17c1-4aab-47d9-a91b-11c155ebc887,666e2772-a68d-49a5-a3b1-8c01977f3f8c,2026-01-07 22:13:31.724980,explore,46.9,paintbrush,66.98,52.07
6ac026c2-d10f-4c03-b020-57d26cf84927,256d17c1-4aab-47d9-a91b-11c155ebc887,666e2772-a68d-49a5-a3b1-8c01977f3f8c,2026-01-07 22:13:43.724980,explore,34.0,paintbrush,68.77,83.61
da8e527f-21ff-4cde-8f52-73efb8e08137,256d17c1-4aab-47d9-a91b-11c155ebc887,666e2772-a68d-49a5-a3b1-8c01977f3f8c,2026-01-07 22:14:04.724980,spawn_object,41.5,cube,9.65,21.89
29779196-1c16-4eda-98fb-584a706b3983,256d17c1-4aab-47d9-a91b-11c155ebc887,666e2772-a68d-49a5-a3b1-8c01977f3f8c,2026-01-07 22:14:12.724980,wave,39.7,cube,94.61,21.54
429db832-e70b-47d3-857b-c79836ed7a3d,256d17c1-4aab-47d9-a91b-11c155ebc887,666e2772-a68d-49a5-a3b1-8c01977f3f8c,2026-01-07 22:14:30.724980,explore,40.6,cube,71.56,89.31
ae84d263-cb72-49ea-bac5-4f2111fc17a3,256d17c1-4aab-47d9-a91b-11c155ebc887,666e2772-a68d-49a5-a3b1-8c01977f3f8c,2026-01-07 22:14:35.724980,explore,40.9,flower,76.55,75.76
3176c915-0ecb-4a3f-8383-06a6db574c5d,256d17c1-4aab-47d9-a91b-11c155ebc887,666e2772-a68d-49a5-a3b1-8c01977f3f8c,2026-01-07 22:14:54.724980,explore,44.6,cube,75.55,53.91
a180ad6e-8b32-4df5-9700-b53d628fecf5,256d17c1-4aab-47d9-a91b-11c155ebc887,666e2772-a68d-49a5-a3b1-8c01977f3f8c,2026-01-07 22:15:02.724980,wave,39.2,cube,5.92,45.34
4a057949-6795-4be1-bab2-938bca755aba,256d17c1-4aab-47d9-a91b-11c155ebc887,666e2772-a68d-49a5-a3b1-8c01977f3f8c,2026-01-07 22:15:10.724980,wave,43.9,paintbrush,22.81,34.38
f40a0587-70c3-41fb-99bc-5d643496faba,256d17c1-4aab-47d9-a91b-11c155ebc887,666e2772-a68d-49a5-a3b1-8c01977f3f8c,2026-01-07 22:15:18.724980,explore,40.0,flower,48.12,65.83
f5608dc6-2363-4594-88dc-7c6904904e92,256d17c1-4aab-47d9-a91b-11c155ebc887,666e2772-a68d-49a5-a3b1-8c01977f3f8c,2026-01-07 22:15:44.724980,wave,37.3,flower,74.49,18.98
0f99f5e6-ec38-4108-819c-0487ec560250,256d17c1-4aab-47d9-a91b-11c155ebc887,666e2772-a68d-49a5-a3b1-8c01977f3f8c,2026-01-07 22:16:01.724980,explore,38.3,cube,49.69,62.11
4c7d257c-13b3-4247-a7c6-7f050a6f2e05,256d17c1-4aab-47d9-a91b-11c155ebc887,666e2772-a68d-49a5-a3b1-8c01977f3f8c,2026-01-07 22:16:20.724980,spawn_object,41.6,flower,34.5,28.52
911e41c0-75ac-4756-bc5b-5f0704f139b7,256d17c1-4aab-47d9-a91b-11c155ebc887,666e2772-a68d-49a5-a3b1-8c01977f3f8c,2026-01-07 22:16:33.724980,wave,33.1,paintbrush,10.85,34.97
82eda479-2486-421a-8c21-889c91074eba,256d17c1-4aab-47d9-a91b-11c155ebc887,666e2772-a68d-49a5-a3b1-8c01977f3f8c,2026-01-07 22:16:38.724980,explore,45.9,flower,35.34,0.69
40d3dc4c-c21d-46af-80c3-7af76c67abe4,256d17c1-4aab-47d9-a91b-11c155ebc887,666e2772-a68d-49a5-a3b1-8c01977f3f8c,2026-01-07 22:16:54.724980,explore,33.3,flower,84.72,63.07
bad8676d-c957-4bd6-bd54-784433e727ff,256d17c1-4aab-47d9-a91b-11c155ebc887,666e2772-a68d-49a5-a3b1-8c01977f3f8c,2026-01-07 22:17:14.724980,explore,32.2,cube,91.69,30.7
c681102c-b233-4bb1-9106-49bc5baf13b1,256d17c1-4aab-47d9-a91b-11c155ebc887,666e2772-a68d-49a5-a3b1-8c01977f3f8c,2026-01-07 22:17:43.724980,explore,36.4,flower,50.62,12.67
8b77b18b-23d0-4171-8111-ba6c560ab3fe,256d17c1-4aab-47d9-a91b-11c155ebc887,666e2772-a68d-49a5-a3b1-8c01977f3f8c,2026-01-07 22:17:50.724980,explore,36.6,cube,12.41,84.94
dddbd693-57e1-44ba-8969-624d2d3bf3cd,6d41cd7c-7df1-4157-a5c5-1adbc4668c34,0d5e498c-3ba4-4812-937f-f57caefeee07,2026-01-08 07:30:26.724980,wave,37.9,flower,96.9,32.98
17002e6b-d009-4de9-98bd-f021d87d18c6,6d41cd7c-7df1-4157-a5c5-1adbc4668c34,0d5e498c-3ba4-4812-937f-f57caefeee07,2026-01-08 07:30:49.724980,explore,41.6,flower,12.16,4.83
1dfa03c7-1d87-4e9d-9930-0d1383df0c72,6d41cd7c-7df1-4157-a5c5-1adbc4668c34,0d5e498c-3ba4-4812-937f-f57caefeee07,2026-01-08 07:30:56.724980,wave,37.0,flower,16.58,62.34
b9bf5b8d-47f1-46ab-8dd0-a15b5cc4100c,6d41cd7c-7df1-4157-a5c5-1adbc4668c34,0d5e498c-3ba4-4812-937f-f57caefeee07,2026-01-08 07:31:23.724980,explore,36.3,flower,75.43,55.82
19e4cbfc-0f9a-48a7-aa0e-17236ea6a111,6d41cd7c-7df1-4157-a5c5-1adbc4668c34,0d5e498c-3ba4-4812-937f-f57caefeee07,2026-01-08 07:31:34.724980,explore,38.6,flower,88.6,66.69
5a7de082-b611-4a5e-8e6c-886caa0fd702,6d41cd7c-7df1-4157-a5c5-1adbc4668c34,0d5e498c-3ba4-4812-937f-f57caefeee07,2026-01-08 07:31:52.724980,explore,42.5,flower,32.2,71.53
db934419-8bb8-4fd0-bf72-cbc2de19b555,6d41cd7c-7df1-4157-a5c5-1adbc4668c34,0d5e498c-3ba4-4812-937f-f57caefeee07,2026-01-08 07:31:57.724980,explore,36.3,cube,7.02,98.75
862b058b-728d-44c9-a934-15f37ee7742e,6d41cd7c-7df1-4157-a5c5-1adbc4668c34,0d5e498c-3ba4-4812-937f-f57caefeee07,2026-01-08 07:32:26.724980,explore,40.9,cube,19.8,62.2
f7a95476-86d0-442a-ab5a-8f55c637cf25,6d41cd7c-7df1-4157-a5c5-1adbc4668c34,0d5e498c-3ba4-4812-937f-f57caefeee07,2026-01-08 07:32:52.724980,wave,38.9,flower,89.47,34.03
13c1a368-f2c2-45d6-a94f-548f3fad0b09,6d41cd7c-7df1-4157-a5c5-1adbc4668c34,0d5e498c-3ba4-4812-937f-f57caefeee07,2026-01-08 07:33:15.724980,explore,37.7,cube,41.93,66.11
dd760848-b631-4bc5-b425-c0c0efbe23c0,6d41cd7c-7df1-4157-a5c5-1adbc4668c34,0d5e498c-3ba4-4812-937f-f57caefeee07,2026-01-08 07:33:28.724980,explore,47.7,flower,75.52,49.9
5d453681-abf2-4d48-95c0-7999e7c32c72,6d41cd7c-7df1-4157-a5c5-1adbc4668c34,0d5e498c-3ba4-4812-937f-f57caefeee07,2026-01-08 07:33:41.724980,wave,33.8,paintbrush,32.51,86.12
c772388e-eb41-402c-9813-2d4351c252de,6d41cd7c-7df1-4157-a5c5-1adbc4668c34,0d5e498c-3ba4-4812-937f-f57caefeee07,2026-01-08 07:33:56.724980,explore,28.4,paintbrush,96.54,12.61
1234d235-a04b-4673-a4b2-0fafd6e8a235,6d41cd7c-7df1-4157-a5c5-1adbc4668c34,0d5e498c-3ba4-4812-937f-f57caefeee07,2026-01-08 07:34:16.724980,wave,44.6,paintbrush,84.8,78.55
b5780986-b692-4350-a174-de6d70a6d34f,6d41cd7c-7df1-4157-a5c5-1adbc4668c34,0d5e498c-3ba4-4812-937f-f57caefeee07,2026-01-08 07:34:31.724980,explore,35.3,cube,56.87,36.89
02eb0a37-1293-4961-a4a2-4cbf82bfe41c,6d41cd7c-7df1-4157-a5c5-1adbc4668c34,0d5e498c-3ba4-4812-937f-f57caefeee07,2026-01-08 07:34:37.724980,explore,32.5,flower,84.5,73.29
755835e7-f269-4510-976f-31da3cf1bc9e,a3cb64b0-1d1e-4d96-8498-0c23a216635f,3cd86961-96cc-4865-b0c8-1dd3bd59a5fb,2026-01-08 06:06:22.724980,explore,34.3,flower,24.56,59.38
306adcd4-fe6e-4c7f-aa3a-096abd6167d9,a3cb64b0-1d1e-4d96-8498-0c23a216635f,3cd86961-96cc-4865-b0c8-1dd3bd59a5fb,2026-01-08 06:06:33.724980,explore,40.6,flower,83.72,98.61
9a57c46f-f90e-4b4e-a9c3-02cb2e3341b3,a3cb64b0-1d1e-4d96-8498-0c23a216635f,3cd86961-96cc-4865-b0c8-1dd3bd59a5fb,2026-01-08 06:06:56.724980,explore,42.5,flower,31.52,17.76
2649a6c2-4dbf-4994-bff8-5e0e949cdfd4,a3cb64b0-1d1e-4d96-8498-0c23a216635f,3cd86961-96cc-4865-b0c8-1dd3bd59a5fb,2026-01-08 06:07:21.724980,wave,40.6,cube,13.69,32.96
27344073-92f6-4809-a06a-3699e0a8c076,a3cb64b0-1d1e-4d96-8498-0c23a216635f,3cd86961-96cc-4865-b0c8-1dd3bd59a5fb,2026-01-08 06:07:26.724980,explore,44.0,flower,93.85,41.07
0220bd71-e6c7-49f5-9b31-03795a6cdfe6,a3cb64b0-1d1e-4d96-8498-0c23a216635f,3cd86961-96cc-4865-b0c8-1dd3bd59a5fb,2026-01-08 06:07:33.724980,explore,35.9,paintbrush,98.92,59.08
6b4fcdb4-9c1f-4099-856e-7251814a5880,a3cb64b0-1d1e-4d96-8498-0c23a216635f,3cd86961-96cc-4865-b0c8-1dd3bd59a5fb,2026-01-08 06:07:55.724980,explore,38.7,cube,80.07,39.22
60648aae-3416-45c6-bb4d-ce1434a59bd9,a3cb64b0-1d1e-4d96-8498-0c23a216635f,3cd86961-96cc-4865-b0c8-1dd3bd59a5fb,2026-01-08 06:08:01.724980,wave,49.9,paintbrush,7.62,67.23
4603a897-9a58-4dd1-896f-395d93ddefb2,a3cb64b0-1d1e-4d96-8498-0c23a216635f,3cd86961-96cc-4865-b0c8-1dd3bd59a5fb,2026-01-08 06:08:30.724980,wave,44.9,cube,57.04,40.25
fca33f5d-e17d-4286-b751-dfebf7351af6,a3cb64b0-1d1e-4d96-8498-0c23a216635f,3cd86961-96cc-4865-b0c8-1dd3bd59a5fb,2026-01-08 06:08:44.724980,wave,41.7,paintbrush,83.01,30.34
e06b78be-5a8a-4af6-95a7-5c369ed5d8c0,a3cb64b0-1d1e-4d96-8498-0c23a216635f,3cd86961-96cc-4865-b0c8-1dd3bd59a5fb,2026-01-08 06:09:00.724980,explore,32.1,flower,52.8,13.21
cf2decfa-5680-4981-a9c9-bdf798f3e78a,a3cb64b0-1d1e-4d96-8498-0c23a216635f,3cd86961-96cc-4865-b0c8-1dd3bd59a5fb,2026-01-08 06:09:05.724980,explore,42.8,cube,79.11,47.18
ca2e1a38-5d95-48a3-b689-928a9340613f,a3cb64b0-1d1e-4d96-8498-0c23a216635f,3cd86961-96cc-4865-b0c8-1dd3bd59a5fb,2026-01-08 06:09:27.724980,explore,41.9,paintbrush,54.99,0.56
437d56af-0243-4496-b16e-d29024529e67,a3cb64b0-1d1e-4d96-8498-0c23a216635f,3cd86961-96cc-4865-b0c8-1dd3bd59a5fb,2026-01-08 06:09:47.724980,explore,38.7,cube,12.96,57.2
08af1c8f-905a-4ef6-bc31-4ea9b442ca10,a3cb64b0-1d1e-4d96-8498-0c23a216635f,3cd86961-96cc-4865-b0c8-1dd3bd59a5fb,2026-01-08 06:09:58.724980,wave,39.3,paintbrush,34.4,26.92
f7808c11-58e0-4e36-b6c9-178e59515986,a3cb64b0-1d1e-4d96-8498-0c23a216635f,3cd86961-96cc-4865-b0c8-1dd3bd59a5fb,2026-01-08 06:10:17.724980,explore,38.3,paintbrush,36.66,88.05
aa853b28-211c-48a0-af4f-44d5509feaf4,a3cb64b0-1d1e-4d96-8498-0c23a216635f,3cd86961-96cc-4865-b0c8-1dd3bd59a5fb,2026-01-08 06:10:47.724980,explore,33.7,flower,27.17,78.15
3c113379-e72b-4e2e-9e39-9cabc1c883c7,a3cb64b0-1d1e-4d96-8498-0c23a216635f,3cd86961-96cc-4865-b0c8-1dd3bd59a5fb,2026-01-08 06:10:53.724980,wave,40.8,paintbrush,94.43,22.73
f3376aef-b561-4221-a5f1-870501e7acf1,a3cb64b0-1d1e-4d96-8498-0c23a216635f,3cd86961-96cc-4865-b0c8-1dd3bd59a5fb,2026-01-08 06:11:22.724980,explore,33.5,flower,79.69,95.62
f1a04bf4-0fe3-485d-83b7-82f76ade963e,a3cb64b0-1d1e-4d96-8498-0c23a216635f,3cd86961-96cc-4865-b0c8-1dd3bd59a5fb,2026-01-08 06:11:33.724980,wave,40.8,cube,90.35,48.12
0625194e-1ef1-49ad-8957-dd02561698c4,a3cb64b0-1d1e-4d96-8498-0c23a216635f,3cd86961-96cc-4865-b0c8-1dd3bd59a5fb,2026-01-08 06:11:42.724980,wave,48.3,cube,77.02,10.15
1ec82626-712d-422c-9948-58513068ede1,a3cb64b0-1d1e-4d96-8498-0c23a216635f,3cd86961-96cc-4865-b0c8-1dd3bd59a5fb,2026-01-08 06:12:09.724980,wave,45.2,cube,59.88,75.14
251479e6-f6dc-4f9e-bb68-a1223079a880,a3cb64b0-1d1e-4d96-8498-0c23a216635f,3cd86961-96cc-4865-b0c8-1dd3bd59a5fb,2026-01-08 06:12:37.724980,spawn_object,45.7,cube,36.54,98.95
1c7bf2f1-982c-4c6b-87c9-22c1c2c5fd78,a3cb64b0-1d1e-4d96-8498-0c23a216635f,3cd86961-96cc-4865-b0c8-1dd3bd59a5fb,2026-01-08 06:13:02.724980,wave,33.8,flower,50.55,77.27
b96a69a6-e109-4108-8f51-91419fb0934b,a3cb64b0-1d1e-4d96-8498-0c23a216635f,3cd86961-96cc-4865-b0c8-1dd3bd59a5fb,2026-01-08 06:13:16.724980,explore,41.4,paintbrush,74.52,76.48
e8e74c5e-62ed-487e-86a6-f5d31dfc3046,a3cb64b0-1d1e-4d96-8498-0c23a216635f,3cd86961-96cc-4865-b0c8-1dd3bd59a5fb,2026-01-08 06:13:29.724980,spawn_object,36.8,cube,53.32,21.32
2e8f399b-deb4-4136-8f6d-868e8e63fea2,a3cb64b0-1d1e-4d96-8498-0c23a216635f,3cd86961-96cc-4865-b0c8-1dd3bd59a5fb,2026-01-08 06:13:46.724980,explore,32.9,cube,18.11,68.33
bfa5157a-bfbf-4db6-a44c-a67cbc783ab5,a3cb64b0-1d1e-4d96-8498-0c23a216635f,3cd86961-96cc-4865-b0c8-1dd3bd59a5fb,2026-01-08 06:14:13.724980,explore,41.1,flower,75.52,96.6
888f5c1d-3d1a-4c65-981b-d9745a0566f4,a3cb64b0-1d1e-4d96-8498-0c23a216635f,3cd86961-96cc-4865-b0c8-1dd3bd59a5fb,2026-01-08 06:14:22.724980,spawn_object,43.1,paintbrush,6.8,81.01
6dea7747-8974-4f0b-abff-5ade6c0586f6,a3cb64b0-1d1e-4d96-8498-0c23a216635f,3cd86961-96cc-4865-b0c8-1dd3bd59a5fb,2026-01-08 06:14:30.724980,explore,38.7,cube,32.3,24.13
eb8cb32a-396e-42a2-a1ca-9451299ea559,a3cb64b0-1d1e-4d96-8498-0c23a216635f,3cd86961-96cc-4865-b0c8-1dd3bd59a5fb,2026-01-08 06:14:40.724980,wave,34.8,cube,11.78,33.67
e05d96d7-1fcc-4cb9-ad28-430eea0f7391,92179f42-17b2-431a-9e85-7ba787d4140c,7117d805-76d3-4166-9eed-3fcb927355cd,2026-01-08 06:45:30.724980,explore,41.4,paintbrush,47.52,35.05
4b0db99f-8c69-485c-b7fc-bb7c1b884ae0,92179f42-17b2-431a-9e85-7ba787d4140c,7117d805-76d3-4166-9eed-3fcb927355cd,2026-01-08 06:45:49.724980,explore,38.1,paintbrush,33.35,46.53
b442df16-4672-4d21-bac2-9aad5333004c,92179f42-17b2-431a-9e85-7ba787d4140c,7117d805-76d3-4166-9eed-3fcb927355cd,2026-01-08 06:46:18.724980,wave,37.1,flower,62.93,56.26
8090fb31-f22a-4fe8-ac57-2b7f127f0c88,92179f42-17b2-431a-9e85-7ba787d4140c,7117d805-76d3-4166-9eed-3fcb927355cd,2026-01-08 06:46:29.724980,wave,31.1,flower,19.43,33.67
6a52a30d-2f2c-465f-9ed0-0cfa7083226b,92179f42-17b2-431a-9e85-7ba787d4140c,7117d805-76d3-4166-9eed-3fcb927355cd,2026-01-08 06:46:35.724980,spawn_object,40.9,cube,71.91,46.55
d60c6705-35c3-4410-8a90-5d144b2b807b,92179f42-17b2-431a-9e85-7ba787d4140c,7117d805-76d3-4166-9eed-3fcb927355cd,2026-01-08 06:46:41.724980,spawn_object,43.5,paintbrush,31.33,84.37
3d8cfef6-767d-4181-aeaa-9885e177ad19,92179f42-17b2-431a-9e85-7ba787d4140c,7117d805-76d3-4166-9eed-3fcb927355cd,2026-01-08 06:47:00.724980,explore,37.5,flower,65.57,68.61
f7c51425-1d8b-43bf-b828-aab2bd984167,92179f42-17b2-431a-9e85-7ba787d4140c,7117d805-76d3-4166-9eed-3fcb927355cd,2026-01-08 06:47:21.724980,explore,38.4,cube,59.39,67.58
dc249578-d349-47f2-82a5-a02075e1b5a5,92179f42-17b2-431a-9e85-7ba787d4140c,7117d805-76d3-4166-9eed-3fcb927355cd,2026-01-08 06:47:49.724980,explore,43.8,flower,93.55,57.23
3c1bb778-3f17-46a4-a888-cc47b188952a,92179f42-17b2-431a-9e85-7ba787d4140c,7117d805-76d3-4166-9eed-3fcb927355cd,2026-01-08 06:47:58.724980,explore,40.0,cube,0.79,29.94
2c2a4c01-6d3b-4755-b002-e4871c3d1c5c,92179f42-17b2-431a-9e85-7ba787d4140c,7117d805-76d3-4166-9eed-3fcb927355cd,2026-01-08 06:48:10.724980,explore,40.0,paintbrush,58.24,84.11
4ccb77df-eb1c-4fa0-991e-5688674d6bba,92179f42-17b2-431a-9e85-7ba787d4140c,7117d805-76d3-4166-9eed-3fcb927355cd,2026-01-08 06:48:30.724980,explore,42.2,paintbrush,66.78,21.58
c96f74c0-261c-4ada-85e0-779c74d557da,92179f42-17b2-431a-9e85-7ba787d4140c,7117d805-76d3-4166-9eed-3fcb927355cd,2026-01-08 06:48:57.724980,wave,43.4,cube,66.7,31.47
c41f960a-56c2-44f9-b610-942d6fccc87d,92179f42-17b2-431a-9e85-7ba787d4140c,7117d805-76d3-4166-9eed-3fcb927355cd,2026-01-08 06:49:27.724980,wave,47.9,cube,32.11,43.51
69d590cb-0905-479d-a1b2-7397853a66e5,92179f42-17b2-431a-9e85-7ba787d4140c,7117d805-76d3-4166-9eed-3fcb927355cd,2026-01-08 06:49:47.724980,wave,49.1,paintbrush,76.2,85.74
cc02d9f1-5aba-4a1e-9c56-f268df201200,92179f42-17b2-431a-9e85-7ba787d4140c,7117d805-76d3-4166-9eed-3fcb927355cd,2026-01-08 06:49:55.724980,explore,37.2,cube,99.5,58.59
43a12537-8018-4245-98f0-0d663acd6b45,92179f42-17b2-431a-9e85-7ba787d4140c,7117d805-76d3-4166-9eed-3fcb927355cd,2026-01-08 06:50:10.724980,explore,46.9,cube,54.62,40.56
0cfb83a0-7ecf-44d4-91bb-7c76d179f61e,92179f42-17b2-431a-9e85-7ba787d4140c,7117d805-76d3-4166-9eed-3fcb927355cd,2026-01-08 06:50:25.724980,wave,37.9,cube,2.29,35.65
49932ee2-d6f8-4842-b5f6-ed8828f7f024,92179f42-17b2-431a-9e85-7ba787d4140c,7117d805-76d3-4166-9eed-3fcb927355cd,2026-01-08 06:50:33.724980,explore,35.3,paintbrush,64.6,47.69
ebf73e0d-d9fe-486b-a458-06102fc11b10,7e0f840c-8e12-48fb-b6ac-c6ff68fdbeca,2a3cd47a-9f0d-449b-b186-2aa12c9727f4,2026-01-08 01:13:09.724980,wave,28.0,flower,75.88,68.06
3074fa1d-7a4d-4190-992d-61a8da018b46,7e0f840c-8e12-48fb-b6ac-c6ff68fdbeca,2a3cd47a-9f0d-449b-b186-2aa12c9727f4,2026-01-08 01:13:30.724980,explore,34.6,flower,19.9,35.76
4e67965e-2b1d-474b-90df-efe724e46b87,7e0f840c-8e12-48fb-b6ac-c6ff68fdbeca,2a3cd47a-9f0d-449b-b186-2aa12c9727f4,2026-01-08 01:13:59.724980,wave,38.4,paintbrush,58.84,1.01
250a372d-4959-4d28-a81e-f7c36a42c65e,7e0f840c-8e12-48fb-b6ac-c6ff68fdbeca,2a3cd47a-9f0d-449b-b186-2aa12c9727f4,2026-01-08 01:14:29.724980,explore,41.8,cube,13.06,20.77
701ada1c-2571-4446-9266-a4d9f70b5e74,7e0f840c-8e12-48fb-b6ac-c6ff68fdbeca,2a3cd47a-9f0d-449b-b186-2aa12c9727f4,2026-01-08 01:14:47.724980,wave,43.6,flower,12.68,78.66
a0aa9edd-6599-4fa7-acf9-656c056427fe,7e0f840c-8e12-48fb-b6ac-c6ff68fdbeca,2a3cd47a-9f0d-449b-b186-2aa12c9727f4,2026-01-08 01:15:10.724980,explore,40.5,flower,28.76,40.88
fc98648e-b547-4964-bb8a-429d16e128cc,7e0f840c-8e12-48fb-b6ac-c6ff68fdbeca,2a3cd47a-9f0d-449b-b186-2aa12c9727f4,2026-01-08 01:15:36.724980,explore,32.5,flower,77.46,62.58
3afb6aba-aa77-40f6-9b04-bbfe2e5b7dcf,7e0f840c-8e12-48fb-b6ac-c6ff68fdbeca,2a3cd47a-9f0d-449b-b186-2aa12c9727f4,2026-01-08 01:15:56.724980,wave,33.2,flower,12.85,53.64
28f9aefc-84af-4928-bc5d-a9b64de1f16a,7e0f840c-8e12-48fb-b6ac-c6ff68fdbeca,2a3cd47a-9f0d-449b-b186-2aa12c9727f4,2026-01-08 01:16:04.724980,wave,40.5,cube,0.12,91.23
c0d888ce-54c2-4aba-ba64-5109785df633,7e0f840c-8e12-48fb-b6ac-c6ff68fdbeca,2a3cd47a-9f0d-449b-b186-2aa12c9727f4,2026-01-08 01:16:22.724980,spawn_object,41.0,flower,41.36,42.78
6f3c0dbb-6ee6-40fe-add0-a1129181f183,7e0f840c-8e12-48fb-b6ac-c6ff68fdbeca,2a3cd47a-9f0d-449b-b186-2aa12c9727f4,2026-01-08 01:16:42.724980,explore,43.1,flower,87.93,97.05
61aac6f9-d44c-4668-85f4-605ab254e097,7e0f840c-8e12-48fb-b6ac-c6ff68fdbeca,2a3cd47a-9f0d-449b-b186-2aa12c9727f4,2026-01-08 01:17:03.724980,wave,46.4,flower,42.42,66.76
0f1d40dd-fca6-4735-a4f8-4626c7c47f16,7e0f840c-8e12-48fb-b6ac-c6ff68fdbeca,2a3cd47a-9f0d-449b-b186-2aa12c9727f4,2026-01-08 01:17:15.724980,explore,33.2,paintbrush,58.06,92.63
53a5d6b3-278d-4133-8f62-823ddf99cc04,7e0f840c-8e12-48fb-b6ac-c6ff68fdbeca,2a3cd47a-9f0d-449b-b186-2aa12c9727f4,2026-01-08 01:17:28.724980,explore,41.1,flower,83.05,77.93
94f94c0e-63db-4c4a-a89b-90ebc6c23110,7e0f840c-8e12-48fb-b6ac-c6ff68fdbeca,2a3cd47a-9f0d-449b-b186-2aa12c9727f4,2026-01-08 01:17:34.724980,explore,46.8,flower,83.66,82.39
6e382316-bb2e-4e59-ac11-8cb0b0d856d1,7e0f840c-8e12-48fb-b6ac-c6ff68fdbeca,2a3cd47a-9f0d-449b-b186-2aa12c9727f4,2026-01-08 01:17:52.724980,spawn_object,37.4,flower,37.58,93.48
d5d48d0b-6aa1-4b8d-9e6e-a26d8ca6da45,7e0f840c-8e12-48fb-b6ac-c6ff68fdbeca,2a3cd47a-9f0d-449b-b186-2aa12c9727f4,2026-01-08 01:18:09.724980,spawn_object,40.2,flower,80.55,54.88
4e46a73e-a4f3-469b-a31b-a922f0d81ce2,7e0f840c-8e12-48fb-b6ac-c6ff68fdbeca,2a3cd47a-9f0d-449b-b186-2aa12c9727f4,2026-01-08 01:18:21.724980,spawn_object,51.2,flower,95.71,15.06
90cc06e7-776f-4818-af05-b4341c51e27e,7e0f840c-8e12-48fb-b6ac-c6ff68fdbeca,2a3cd47a-9f0d-449b-b186-2aa12c9727f4,2026-01-08 01:18:33.724980,wave,38.7,cube,10.27,36.1
215135dd-cff8-42f1-a6a9-021412a7fec1,7e0f840c-8e12-48fb-b6ac-c6ff68fdbeca,2a3cd47a-9f0d-449b-b186-2aa12c9727f4,2026-01-08 01:18:46.724980,wave,39.9,flower,91.55,13.97
35619ec0-cfc8-4056-b2e4-33a36c3b7a77,7e0f840c-8e12-48fb-b6ac-c6ff68fdbeca,2a3cd47a-9f0d-449b-b186-2aa12c9727f4,2026-01-08 01:18:59.724980,wave,38.0,paintbrush,79.68,92.44
9435372d-5b4c-4924-9c40-2a018dc95111,7e0f840c-8e12-48fb-b6ac-c6ff68fdbeca,2a3cd47a-9f0d-449b-b186-2aa12c9727f4,2026-01-08 01:19:14.724980,explore,33.0,paintbrush,51.63,88.08
a9d0b3e2-d846-46dc-ad82-531bdfff256f,7e0f840c-8e12-48fb-b6ac-c6ff68fdbeca,2a3cd47a-9f0d-449b-b186-2aa12c9727f4,2026-01-08 01:19:32.724980,wave,39.8,flower,83.59,30.03
118fc176-7f36-484c-a173-fa10ce26e916,7e0f840c-8e12-48fb-b6ac-c6ff68fdbeca,2a3cd47a-9f0d-449b-b186-2aa12c9727f4,2026-01-08 01:19:43.724980,explore,47.0,paintbrush,26.65,49.16
d4fe1f46-402f-4bda-8507-98c33769bab9,7e0f840c-8e12-48fb-b6ac-c6ff68fdbeca,2a3cd47a-9f0d-449b-b186-2aa12c9727f4,2026-01-08 01:20:04.724980,explore,38.3,paintbrush,91.92,18.27
693041be-8b84-4512-ad3f-fd4065474c7c,7e0f840c-8e12-48fb-b6ac-c6ff68fdbeca,2a3cd47a-9f0d-449b-b186-2aa12c9727f4,2026-01-08 01:20:15.724980,wave,33.9,cube,85.58,80.35
c1fd8a9c-6a3d-4ae5-a9ac-0b328a378ee0,7e0f840c-8e12-48fb-b6ac-c6ff68fdbeca,2a3cd47a-9f0d-449b-b186-2aa12c9727f4,2026-01-08 01:20:36.724980,explore,35.5,flower,26.38,65.72
24d4d937-56ef-44e2-ad3b-e79818293bbf,7e0f840c-8e12-48fb-b6ac-c6ff68fdbeca,2a3cd47a-9f0d-449b-b186-2aa12c9727f4,2026-01-08 01:20:47.724980,explore,48.4,flower,44.83,39.68
28e43bcc-9d73-4783-9121-c35e3599f4f8,b72cc5cc-8f48-45cc-8dd0-babe79819820,6a8c6d97-1713-492d-a552-ced693da3404,2026-01-08 01:45:14.724980,explore,39.1,cube,90.37,23.52
d7b99b94-b4a4-4165-a82d-c9817e6c5df2,b72cc5cc-8f48-45cc-8dd0-babe79819820,6a8c6d97-1713-492d-a552-ced693da3404,2026-01-08 01:45:23.724980,wave,36.3,cube,51.13,64.73
5729e113-e5b3-413e-9484-a7fe6b824dbf,b72cc5cc-8f48-45cc-8dd0-babe79819820,6a8c6d97-1713-492d-a552-ced693da3404,2026-01-08 01:45:28.724980,explore,24.9,cube,1.7,58.26
10b2d558-f996-42ea-9cae-816053f57b1e,b72cc5cc-8f48-45cc-8dd0-babe79819820,6a8c6d97-1713-492d-a552-ced693da3404,2026-01-08 01:45:46.724980,explore,43.6,paintbrush,24.78,58.36
c4d24404-564a-4bc3-80f1-f90bc50dc560,b72cc5cc-8f48-45cc-8dd0-babe79819820,6a8c6d97-1713-492d-a552-ced693da3404,2026-01-08 01:45:52.724980,explore,36.5,cube,46.88,34.94
05f4dc92-17fd-4fe3-9190-eb243bbc91d0,b72cc5cc-8f48-45cc-8dd0-babe79819820,6a8c6d97-1713-492d-a552-ced693da3404,2026-01-08 01:45:59.724980,explore,40.3,flower,5.45,42.1
b5521cab-0102-45fc-bd0a-9f85a2880d3e,b72cc5cc-8f48-45cc-8dd0-babe79819820,6a8c6d97-1713-492d-a552-ced693da3404,2026-01-08 01:46:19.724980,explore,42.5,cube,38.84,85.26
d239bf8c-7a89-4118-86fd-7e5c6f3b1b6b,b72cc5cc-8f48-45cc-8dd0-babe79819820,6a8c6d97-1713-492d-a552-ced693da3404,2026-01-08 01:46:46.724980,wave,45.7,cube,81.58,1.14
7038bd54-899e-44ae-979d-1c6dc8d3f9dd,b72cc5cc-8f48-45cc-8dd0-babe79819820,6a8c6d97-1713-492d-a552-ced693da3404,2026-01-08 01:47:09.724980,wave,43.7,paintbrush,48.16,14.46
c0d0c0b3-a105-43ae-b02d-8665859efe70,b72cc5cc-8f48-45cc-8dd0-babe79819820,6a8c6d97-1713-492d-a552-ced693da3404,2026-01-08 01:47:19.724980,wave,39.1,cube,21.04,46.27
306742bc-c2e5-48b8-89fd-2f375c41e182,b72cc5cc-8f48-45cc-8dd0-babe79819820,6a8c6d97-1713-492d-a552-ced693da3404,2026-01-08 01:47:40.724980,explore,38.2,flower,70.89,19.45
d52d428d-d2fc-4fb7-a77c-7866cdabdcc5,b72cc5cc-8f48-45cc-8dd0-babe79819820,6a8c6d97-1713-492d-a552-ced693da3404,2026-01-08 01:47:52.724980,explore,55.0,paintbrush,31.82,80.0
2e1b7090-1e97-45dc-9373-ae6740c3a550,b72cc5cc-8f48-45cc-8dd0-babe79819820,6a8c6d97-1713-492d-a552-ced693da3404,2026-01-08 01:48:10.724980,explore,43.2,flower,98.76,47.02
a54337de-76a2-44f6-b39c-7f00c00ae687,b72cc5cc-8f48-45cc-8dd0-babe79819820,6a8c6d97-1713-492d-a552-ced693da3404,2026-01-08 01:48:20.724980,explore,41.0,flower,64.4,60.22
2b1969f9-280c-441b-8c89-4a4afa6e1bd7,b72cc5cc-8f48-45cc-8dd0-babe79819820,6a8c6d97-1713-492d-a552-ced693da3404,2026-01-08 01:48:42.724980,wave,43.0,flower,30.01,78.57
5276f8e2-c928-4107-84cf-1ce7663b17c1,b72cc5cc-8f48-45cc-8dd0-babe79819820,6a8c6d97-1713-492d-a552-ced693da3404,2026-01-08 01:48:48.724980,wave,45.1,cube,9.04,77.83
7b061667-dec9-4c46-a18e-61ef8ea1b641,b72cc5cc-8f48-45cc-8dd0-babe79819820,6a8c6d97-1713-492d-a552-ced693da3404,2026-01-08 01:49:06.724980,wave,33.8,flower,98.55,88.51
8130eb30-d5a8-4c24-893f-312e14dd60b9,b72cc5cc-8f48-45cc-8dd0-babe79819820,6a8c6d97-1713-492d-a552-ced693da3404,2026-01-08 01:49:23.724980,explore,43.5,paintbrush,93.74,50.85
39a881f3-1254-4126-8465-0687dc5b4a68,b72cc5cc-8f48-45cc-8dd0-babe79819820,6a8c6d97-1713-492d-a552-ced693da3404,2026-01-08 01:49:43.724980,explore,42.6,cube,22.35,59.22
6da3d853-3f1c-4dfe-b5b3-beda9fd1c216,b72cc5cc-8f48-45cc-8dd0-babe79819820,6a8c6d97-1713-492d-a552-ced693da3404,2026-01-08 01:50:07.724980,wave,37.9,paintbrush,71.81,33.87
74f8bfa6-b2af-40b7-8ac2-5da641a233f4,b72cc5cc-8f48-45cc-8dd0-babe79819820,6a8c6d97-1713-492d-a552-ced693da3404,2026-01-08 01:50:28.724980,explore,27.6,cube,22.36,54.31
ce1f643e-7e72-4a49-b364-ad2d908995f9,b72cc5cc-8f48-45cc-8dd0-babe79819820,6a8c6d97-1713-492d-a552-ced693da3404,2026-01-08 01:50:58.724980,explore,32.0,flower,11.81,50.91
d5fb1979-66eb-40b5-9e69-bb175559d131,b72cc5cc-8f48-45cc-8dd0-babe79819820,6a8c6d97-1713-492d-a552-ced693da3404,2026-01-08 01:51:08.724980,wave,38.7,paintbrush,78.19,56.84
44c77342-32c3-4ef1-b2b2-726a06cea993,b72cc5cc-8f48-45cc-8dd0-babe79819820,6a8c6d97-1713-492d-a552-ced693da3404,2026-01-08 01:51:23.724980,wave,46.4,cube,57.54,86.03
3afe069f-d29f-4780-8a25-b77918d50b4d,b72cc5cc-8f48-45cc-8dd0-babe79819820,6a8c6d97-1713-492d-a552-ced693da3404,2026-01-08 01:51:46.724980,explore,39.6,paintbrush,82.78,63.31
206c20d1-e1a4-447c-9a56-13d5920c941b,b72cc5cc-8f48-45cc-8dd0-babe79819820,6a8c6d97-1713-492d-a552-ced693da3404,2026-01-08 01:51:51.724980,explore,47.0,flower,16.44,32.16
e4597296-b68c-4ad9-838c-1554bf69c8c2,b72cc5cc-8f48-45cc-8dd0-babe79819820,6a8c6d97-1713-492d-a552-ced693da3404,2026-01-08 01:52:05.724980,explore,44.7,flower,29.38,76.68
5a1b833e-3804-45f1-a220-52c222bd4b58,b72cc5cc-8f48-45cc-8dd0-babe79819820,6a8c6d97-1713-492d-a552-ced693da3404,2026-01-08 01:52:19.724980,explore,38.8,flower,26.41,14.82
9c723d0d-4821-4f54-b63a-4e1a5a2d3b33,b72cc5cc-8f48-45cc-8dd0-babe79819820,6a8c6d97-1713-492d-a552-ced693da3404,2026-01-08 01:52:48.724980,explore,43.1,flower,26.88,32.64
8956d4b5-1272-42d6-ad1c-7195dbc5e34b,b72cc5cc-8f48-45cc-8dd0-babe79819820,6a8c6d97-1713-492d-a552-ced693da3404,2026-01-08 01:52:57.724980,explore,47.7,cube,94.97,15.62
4d4f66b7-35f0-42d7-a45e-3e497328f807,b72cc5cc-8f48-45cc-8dd0-babe79819820,6a8c6d97-1713-492d-a552-ced693da3404,2026-01-08 01:53:03.724980,spawn_object,46.6,cube,47.09,79.94
c197d505-47f7-4d70-931d-7dca1eea6c9f,b72cc5cc-8f48-45cc-8dd0-babe79819820,6a8c6d97-1713-492d-a552-ced693da3404,2026-01-08 01:53:19.724980,wave,44.0,paintbrush,66.26,94.43
bc1196cc-3ffa-4a2d-8ac2-8fca6158a600,b72cc5cc-8f48-45cc-8dd0-babe79819820,6a8c6d97-1713-492d-a552-ced693da3404,2026-01-08 01:53:26.724980,explore,32.4,cube,82.51,78.71
acbf6472-2550-4dbb-b0e2-190cd5ff33d6,b72cc5cc-8f48-45cc-8dd0-babe79819820,6a8c6d97-1713-492d-a552-ced693da3404,2026-01-08 01:53:53.724980,spawn_object,48.9,flower,53.0,54.91
bab4fc24-e1a1-4e6f-a668-c329d23bd47f,1f141204-aa52-4f89-9395-922e305a023e,05b0c606-bee0-4239-8b21-0487fb3f0829,2026-01-08 00:42:25.724980,explore,43.3,flower,67.23,94.42
a31d8a83-dcdd-4b77-816e-f99ec49e67dc,1f141204-aa52-4f89-9395-922e305a023e,05b0c606-bee0-4239-8b21-0487fb3f0829,2026-01-08 00:42:48.724980,explore,39.5,flower,70.39,97.88
bcb53d8a-3754-4fdf-b80f-89a6db3bb85b,1f141204-aa52-4f89-9395-922e305a023e,05b0c606-bee0-4239-8b21-0487fb3f0829,2026-01-08 00:43:04.724980,spawn_object,31.1,paintbrush,70.31,76.26
bffbb872-382e-44b3-ae83-ae1af8541d14,1f141204-aa52-4f89-9395-922e305a023e,05b0c606-bee0-4239-8b21-0487fb3f0829,2026-01-08 00:43:20.724980,explore,35.3,paintbrush,39.92,97.63
5a8284c5-896f-4ef5-a407-e0f960e0e8b7,1f141204-aa52-4f89-9395-922e305a023e,05b0c606-bee0-4239-8b21-0487fb3f0829,2026-01-08 00:43:28.724980,spawn_object,42.1,flower,35.54,82.03
cd590038-4cbd-48a7-ad5e-25a3dd9a334b,1f141204-aa52-4f89-9395-922e305a023e,05b0c606-bee0-4239-8b21-0487fb3f0829,2026-01-08 00:43:49.724980,explore,46.5,paintbrush,22.25,6.96
f6bfcb05-d0eb-414a-8fc6-512fa2acc949,1f141204-aa52-4f89-9395-922e305a023e,05b0c606-bee0-4239-8b21-0487fb3f0829,2026-01-08 00:44:16.724980,explore,41.4,flower,72.82,73.64
993ec28c-60bb-45d2-9da7-2a0e677768fe,1f141204-aa52-4f89-9395-922e305a023e,05b0c606-bee0-4239-8b21-0487fb3f0829,2026-01-08 00:44:29.724980,explore,36.2,cube,3.48,37.57
3ddedc91-175e-4266-86e3-921a83bf8f3d,1f141204-aa52-4f89-9395-922e305a023e,05b0c606-bee0-4239-8b21-0487fb3f0829,2026-01-08 00:44:35.724980,spawn_object,40.2,flower,83.46,88.57
c6fa42ce-b559-4069-bf3b-36670493ac58,1f141204-aa52-4f89-9395-922e305a023e,05b0c606-bee0-4239-8b21-0487fb3f0829,2026-01-08 00:44:52.724980,explore,40.8,cube,0.42,91.19
9c09cec8-db89-4724-9400-d36dc76a2373,1f141204-aa52-4f89-9395-922e305a023e,05b0c606-bee0-4239-8b21-0487fb3f0829,2026-01-08 00:45:20.724980,wave,37.4,cube,38.57,10.52
2366c7f7-6361-49f5-be15-cb58b2975ec4,1f141204-aa52-4f89-9395-922e305a023e,05b0c606-bee0-4239-8b21-0487fb3f0829,2026-01-08 00:45:30.724980,explore,36.3,paintbrush,29.52,74.56
04a99144-8194-49b9-ad22-e0d16e32a989,1f141204-aa52-4f89-9395-922e305a023e,05b0c606-bee0-4239-8b21-0487fb3f0829,2026-01-08 00:45:53.724980,wave,33.3,cube,76.93,10.56
2e8d63fd-38b8-4a47-88d7-8a33dadda139,1f141204-aa52-4f89-9395-922e305a023e,05b0c606-bee0-4239-8b21-0487fb3f0829,2026-01-08 00:46:22.724980,explore,43.9,cube,88.36,66.53
0bda5a1e-5fd0-4295-bceb-7c80d5809a0c,1f141204-aa52-4f89-9395-922e305a023e,05b0c606-bee0-4239-8b21-0487fb3f0829,2026-01-08 00:46:51.724980,spawn_object,40.0,paintbrush,66.93,0.7
24db037c-682a-42b1-9249-086fd586c99d,1f141204-aa52-4f89-9395-922e305a023e,05b0c606-bee0-4239-8b21-0487fb3f0829,2026-01-08 00:47:03.724980,explore,47.0,cube,22.32,68.21
7193777e-75fb-43db-a7e3-4a066d7a6d60,1f141204-aa52-4f89-9395-922e305a023e,05b0c606-bee0-4239-8b21-0487fb3f0829,2026-01-08 00:47:30.724980,explore,35.9,flower,95.66,78.84
6b20cfbc-55f2-445d-8572-28815e5806a6,1f141204-aa52-4f89-9395-922e305a023e,05b0c606-bee0-4239-8b21-0487fb3f0829,2026-01-08 00:47:41.724980,explore,43.9,cube,49.55,80.26
d50ac891-6fe7-4641-be51-75b1980a3193,1f141204-aa52-4f89-9395-922e305a023e,05b0c606-bee0-4239-8b21-0487fb3f0829,2026-01-08 00:48:05.724980,wave,40.4,paintbrush,6.62,32.5
1279e955-dbfd-4012-889f-df00b4fe2504,1f141204-aa52-4f89-9395-922e305a023e,05b0c606-bee0-4239-8b21-0487fb3f0829,2026-01-08 00:48:10.724980,explore,36.5,cube,24.27,72.92
45cf1791-5add-4203-b6c7-51ba8f76ca2a,1f141204-aa52-4f89-9395-922e305a023e,05b0c606-bee0-4239-8b21-0487fb3f0829,2026-01-08 00:48:20.724980,explore,37.2,flower,23.16,98.37
0cfd22c9-6cbc-4e0f-93ab-89488b7e2168,1f141204-aa52-4f89-9395-922e305a023e,05b0c606-bee0-4239-8b21-0487fb3f0829,2026-01-08 00:48:29.724980,explore,41.3,paintbrush,30.5,2.87
607e2956-a2a4-46f0-9a98-6fc2bb4f7b4e,1f141204-aa52-4f89-9395-922e305a023e,05b0c606-bee0-4239-8b21-0487fb3f0829,2026-01-08 00:48:58.724980,explore,35.1,paintbrush,90.13,53.45
98070feb-eee2-44f9-b0a6-de4d1bbe6974,1f141204-aa52-4f89-9395-922e305a023e,05b0c606-bee0-4239-8b21-0487fb3f0829,2026-01-08 00:49:10.724980,wave,38.3,flower,73.7,58.87
0935dfc8-0f1b-4267-91e3-5819b30ee4da,1f141204-aa52-4f89-9395-922e305a023e,05b0c606-bee0-4239-8b21-0487fb3f0829,2026-01-08 00:49:34.724980,wave,38.0,paintbrush,27.62,4.82
c5f9c1a3-72d4-4dbf-b687-22454534ac00,1f141204-aa52-4f89-9395-922e305a023e,05b0c606-bee0-4239-8b21-0487fb3f0829,2026-01-08 00:49:58.724980,wave,38.3,flower,9.02,65.8
433ece18-08df-4094-b0c2-38d6529ee648,1f141204-aa52-4f89-9395-922e305a023e,05b0c606-bee0-4239-8b21-0487fb3f0829,2026-01-08 00:50:13.724980,explore,39.4,flower,79.64,82.88
c0c64b90-bc7b-4fc9-9769-0207fa2c7982,1f141204-aa52-4f89-9395-922e305a023e,05b0c606-bee0-4239-8b21-0487fb3f0829,2026-01-08 00:50:20.724980,wave,46.6,flower,16.91,79.14
13ddcad2-bc0a-4e33-89d8-b3254778b742,1f141204-aa52-4f89-9395-922e305a023e,05b0c606-bee0-4239-8b21-0487fb3f0829,2026-01-08 00:50:38.724980,explore,41.6,flower,98.9,1.95
a6640deb-20bf-4d27-9048-fc72bae8a9ec,1f141204-aa52-4f89-9395-922e305a023e,05b0c606-bee0-4239-8b21-0487fb3f0829,2026-01-08 00:50:59.724980,wave,44.6,paintbrush,9.74,18.2
4fb70a84-134d-4b7b-ad17-b5f93a53656f,1f141204-aa52-4f89-9395-922e305a023e,05b0c606-bee0-4239-8b21-0487fb3f0829,2026-01-08 00:51:12.724980,explore,36.5,flower,87.34,95.89
68f26655-ebd8-4c42-b44b-86382ecaef14,1f141204-aa52-4f89-9395-922e305a023e,05b0c606-bee0-4239-8b21-0487fb3f0829,2026-01-08 00:51:17.724980,explore,38.3,cube,64.16,55.16
542731dd-b8a4-4bf2-a0e1-600f088a259d,1f141204-aa52-4f89-9395-922e305a023e,05b0c606-bee0-4239-8b21-0487fb3f0829,2026-01-08 00:51:41.724980,explore,35.7,cube,41.95,72.68
bb4b6190-6c17-4e61-951f-3aae32bb8921,1f141204-aa52-4f89-9395-922e305a023e,05b0c606-bee0-4239-8b21-0487fb3f0829,2026-01-08 00:52:07.724980,wave,47.1,paintbrush,72.81,80.65
ddd312d3-9eb0-4ce4-ad4e-4e6779aea289,1f141204-aa52-4f89-9395-922e305a023e,05b0c606-bee0-4239-8b21-0487fb3f0829,2026-01-08 00:52:29.724980,wave,40.9,paintbrush,80.69,25.65
17391c7f-3491-4b43-a71f-2f267e057520,1f141204-aa52-4f89-9395-922e305a023e,05b0c606-bee0-4239-8b21-0487fb3f0829,2026-01-08 00:52:45.724980,wave,42.1,cube,29.28,57.09
45c7435a-10ec-4c00-b22d-8bc5ea3bd69c,1f141204-aa52-4f89-9395-922e305a023e,05b0c606-bee0-4239-8b21-0487fb3f0829,2026-01-08 00:52:57.724980,explore,51.1,flower,98.75,82.29
69a4e450-3a5c-499b-b001-bf166b72be52,1f141204-aa52-4f89-9395-922e305a023e,05b0c606-bee0-4239-8b21-0487fb3f0829,2026-01-08 00:53:25.724980,wave,46.9,paintbrush,78.85,17.26
ef450796-aec6-46b0-a5e9-3e3a37d2301e,725a89c7-3423-446c-a11d-7b8ca82f5e16,ab0915b1-dfd6-4e12-ab21-5d3056eda1ca,2026-01-08 05:13:33.724980,explore,41.6,paintbrush,78.76,43.65
7e914741-1534-47ae-b42a-793f5b412693,725a89c7-3423-446c-a11d-7b8ca82f5e16,ab0915b1-dfd6-4e12-ab21-5d3056eda1ca,2026-01-08 05:13:55.724980,wave,34.8,flower,20.79,19.54
3bfd417c-14fe-4a41-a374-9782dfbaf851,725a89c7-3423-446c-a11d-7b8ca82f5e16,ab0915b1-dfd6-4e12-ab21-5d3056eda1ca,2026-01-08 05:14:21.724980,explore,37.1,flower,91.73,41.76
ce890680-539c-4d36-8913-86fafda3cd8d,725a89c7-3423-446c-a11d-7b8ca82f5e16,ab0915b1-dfd6-4e12-ab21-5d3056eda1ca,2026-01-08 05:14:35.724980,explore,38.2,paintbrush,7.23,99.08
d654828f-3a18-4b05-8ae7-18320965420c,725a89c7-3423-446c-a11d-7b8ca82f5e16,ab0915b1-dfd6-4e12-ab21-5d3056eda1ca,2026-01-08 05:14:53.724980,wave,41.4,cube,42.92,80.64
bce4f6a9-977a-4f1f-b6da-dd0187789b7e,725a89c7-3423-446c-a11d-7b8ca82f5e16,ab0915b1-dfd6-4e12-ab21-5d3056eda1ca,2026-01-08 05:15:20.724980,wave,35.8,flower,82.34,51.32
d7cf8e5e-e574-465e-a09c-5cf8af499f45,725a89c7-3423-446c-a11d-7b8ca82f5e16,ab0915b1-dfd6-4e12-ab21-5d3056eda1ca,2026-01-08 05:15:27.724980,explore,45.3,paintbrush,37.65,56.93
93c39375-45b7-4110-b5d9-ab23ec65d212,725a89c7-3423-446c-a11d-7b8ca82f5e16,ab0915b1-dfd6-4e12-ab21-5d3056eda1ca,2026-01-08 05:15:37.724980,explore,50.3,paintbrush,95.67,64.63
6f588aa0-0908-4776-a8a3-bcb3973ed038,725a89c7-3423-446c-a11d-7b8ca82f5e16,ab0915b1-dfd6-4e12-ab21-5d3056eda1ca,2026-01-08 05:16:07.724980,spawn_object,42.2,flower,13.39,46.98
cd639a94-9f48-4bb9-b01f-3694ebdf3d7f,725a89c7-3423-446c-a11d-7b8ca82f5e16,ab0915b1-dfd6-4e12-ab21-5d3056eda1ca,2026-01-08 05:16:26.724980,wave,41.5,cube,49.29,29.77
ba2bc0ea-b6e3-45ec-9a1f-19fb66ea5c45,725a89c7-3423-446c-a11d-7b8ca82f5e16,ab0915b1-dfd6-4e12-ab21-5d3056eda1ca,2026-01-08 05:16:46.724980,wave,30.1,flower,54.71,3.45
df8e32e9-4240-4659-9f7c-db4cdd15d663,725a89c7-3423-446c-a11d-7b8ca82f5e16,ab0915b1-dfd6-4e12-ab21-5d3056eda1ca,2026-01-08 05:17:09.724980,explore,33.0,flower,54.34,85.64
3531904d-9222-43a3-9c3b-fdda94b8f537,725a89c7-3423-446c-a11d-7b8ca82f5e16,ab0915b1-dfd6-4e12-ab21-5d3056eda1ca,2026-01-08 05:17:16.724980,explore,39.8,paintbrush,46.68,76.28
ff60a490-1de7-47e5-b509-c4f338f788d3,725a89c7-3423-446c-a11d-7b8ca82f5e16,ab0915b1-dfd6-4e12-ab21-5d3056eda1ca,2026-01-08 05:17:24.724980,explore,48.7,flower,0.97,41.14
d9b43525-9e1c-4ae6-82ec-e69186e4f0e8,725a89c7-3423-446c-a11d-7b8ca82f5e16,ab0915b1-dfd6-4e12-ab21-5d3056eda1ca,2026-01-08 05:17:49.724980,wave,43.8,paintbrush,23.4,9.11
fa6fb863-30dd-439c-bb84-c6819a718407,725a89c7-3423-446c-a11d-7b8ca82f5e16,ab0915b1-dfd6-4e12-ab21-5d3056eda1ca,2026-01-08 05:18:05.724980,explore,37.9,cube,77.83,17.96
a6085e0d-6fd8-4ddb-8659-acfb920e30dd,725a89c7-3423-446c-a11d-7b8ca82f5e16,ab0915b1-dfd6-4e12-ab21-5d3056eda1ca,2026-01-08 05:18:28.724980,explore,36.7,paintbrush,26.11,97.73
5d973120-5e43-40cf-a839-ba7cb9aedc01,725a89c7-3423-446c-a11d-7b8ca82f5e16,ab0915b1-dfd6-4e12-ab21-5d3056eda1ca,2026-01-08 05:18:36.724980,explore,37.1,paintbrush,89.64,3.25
52287a77-cee7-4e1f-8539-ee8a843b8c58,554655d4-a199-4cce-97e3-9cd9710e8fb0,628f6f6a-c3e6-4d9a-9d28-c040abdf8a62,2026-01-08 03:27:27.724980,explore,46.1,flower,77.38,29.17
faf5412f-76b3-4b59-bd2f-70b96823ac8f,554655d4-a199-4cce-97e3-9cd9710e8fb0,628f6f6a-c3e6-4d9a-9d28-c040abdf8a62,2026-01-08 03:27:57.724980,explore,34.0,paintbrush,21.29,41.48
83bf1c09-64b1-4994-ab45-308234c8fef3,554655d4-a199-4cce-97e3-9cd9710e8fb0,628f6f6a-c3e6-4d9a-9d28-c040abdf8a62,2026-01-08 03:28:03.724980,explore,41.9,flower,16.25,79.92
ea153bb4-74e0-4880-b21b-70816aaff1c8,554655d4-a199-4cce-97e3-9cd9710e8fb0,628f6f6a-c3e6-4d9a-9d28-c040abdf8a62,2026-01-08 03:28:21.724980,explore,43.2,cube,43.4,37.62
4e38f349-96bd-4453-8f9f-d7248a76e572,554655d4-a199-4cce-97e3-9cd9710e8fb0,628f6f6a-c3e6-4d9a-9d28-c040abdf8a62,2026-01-08 03:28:42.724980,spawn_object,44.3,flower,4.52,38.58
e1d55bc5-989b-4322-91a7-b0a34f835912,554655d4-a199-4cce-97e3-9cd9710e8fb0,628f6f6a-c3e6-4d9a-9d28-c040abdf8a62,2026-01-08 03:28:49.724980,wave,37.8,cube,28.88,28.15
c9a2ae01-547b-47b1-b7a4-6774a7d52faf,554655d4-a199-4cce-97e3-9cd9710e8fb0,628f6f6a-c3e6-4d9a-9d28-c040abdf8a62,2026-01-08 03:28:58.724980,wave,37.7,paintbrush,77.41,28.69
42807b98-ce80-4524-bcf0-8617b426f616,554655d4-a199-4cce-97e3-9cd9710e8fb0,628f6f6a-c3e6-4d9a-9d28-c040abdf8a62,2026-01-08 03:29:23.724980,explore,39.5,paintbrush,63.11,61.69
06961167-8621-4130-976d-8b88146baab6,554655d4-a199-4cce-97e3-9cd9710e8fb0,628f6f6a-c3e6-4d9a-9d28-c040abdf8a62,2026-01-08 03:29:50.724980,spawn_object,31.6,paintbrush,0.03,19.98
d79b1199-d81c-479d-b200-77baa22c399d,554655d4-a199-4cce-97e3-9cd9710e8fb0,628f6f6a-c3e6-4d9a-9d28-c040abdf8a62,2026-01-08 03:29:58.724980,explore,35.5,flower,60.23,98.07
4a63a41b-83f4-457e-adc9-682596db6aa3,554655d4-a199-4cce-97e3-9cd9710e8fb0,628f6f6a-c3e6-4d9a-9d28-c040abdf8a62,2026-01-08 03:30:20.724980,explore,47.3,cube,40.27,15.94
f39b3282-7b48-4846-97c0-5cd3c42aa4d4,554655d4-a199-4cce-97e3-9cd9710e8fb0,628f6f6a-c3e6-4d9a-9d28-c040abdf8a62,2026-01-08 03:30:37.724980,explore,39.6,cube,80.12,30.46
9301fdb2-47f7-42a9-967d-b6c514ac28ce,554655d4-a199-4cce-97e3-9cd9710e8fb0,628f6f6a-c3e6-4d9a-9d28-c040abdf8a62,2026-01-08 03:30:55.724980,wave,43.7,paintbrush,64.28,22.59
e35f6e81-c477-4f00-aba7-aceae11d9c2a,554655d4-a199-4cce-97e3-9cd9710e8fb0,628f6f6a-c3e6-4d9a-9d28-c040abdf8a62,2026-01-08 03:31:24.724980,wave,40.9,cube,39.82,5.93
57205cfb-f9c2-4090-ab88-1f702f131bdb,554655d4-a199-4cce-97e3-9cd9710e8fb0,628f6f6a-c3e6-4d9a-9d28-c040abdf8a62,2026-01-08 03:31:48.724980,explore,40.5,cube,8.65,44.54
224775ab-71d0-4472-a617-bc8527b91dc1,554655d4-a199-4cce-97e3-9cd9710e8fb0,628f6f6a-c3e6-4d9a-9d28-c040abdf8a62,2026-01-08 03:32:17.724980,explore,35.6,flower,93.34,94.58
7a2a7ea6-e68b-4b36-a9dc-fac7a683d9c1,554655d4-a199-4cce-97e3-9cd9710e8fb0,628f6f6a-c3e6-4d9a-9d28-c040abdf8a62,2026-01-08 03:32:31.724980,explore,41.8,paintbrush,28.34,69.05
1ade39fd-64a6-49ee-bc89-dac09781ffe3,554655d4-a199-4cce-97e3-9cd9710e8fb0,628f6f6a-c3e6-4d9a-9d28-c040abdf8a62,2026-01-08 03:32:48.724980,wave,44.0,paintbrush,16.6,38.92
2a3b0317-688f-4f81-a7c4-259fa7383f4b,554655d4-a199-4cce-97e3-9cd9710e8fb0,628f6f6a-c3e6-4d9a-9d28-c040abdf8a62,2026-01-08 03:33:05.724980,wave,36.2,cube,94.97,46.04
db7bf7ea-fcf0-4372-bf13-8ca29fbecdc3,554655d4-a199-4cce-97e3-9cd9710e8fb0,628f6f6a-c3e6-4d9a-9d28-c040abdf8a62,2026-01-08 03:33:15.724980,explore,35.5,flower,94.42,76.74
f41182a4-320e-462b-a506-68e4c5068cd4,554655d4-a199-4cce-97e3-9cd9710e8fb0,628f6f6a-c3e6-4d9a-9d28-c040abdf8a62,2026-01-08 03:33:37.724980,wave,54.2,paintbrush,24.34,6.12
807f7c72-ee41-4635-b25c-ad26bb9aa348,554655d4-a199-4cce-97e3-9cd9710e8fb0,628f6f6a-c3e6-4d9a-9d28-c040abdf8a62,2026-01-08 03:34:05.724980,spawn_object,34.7,paintbrush,31.76,36.09
b2563334-d49f-4aec-9fa1-1b6fb8f9e3fe,554655d4-a199-4cce-97e3-9cd9710e8fb0,628f6f6a-c3e6-4d9a-9d28-c040abdf8a62,2026-01-08 03:34:32.724980,wave,44.7,flower,34.37,30.85
82d55ed7-e370-49c3-a956-baa2e488ec7e,554655d4-a199-4cce-97e3-9cd9710e8fb0,628f6f6a-c3e6-4d9a-9d28-c040abdf8a62,2026-01-08 03:34:49.724980,explore,36.1,paintbrush,63.05,25.92
d5a4e8b5-94dd-4ede-8810-8f9c8e6e1596,554655d4-a199-4cce-97e3-9cd9710e8fb0,628f6f6a-c3e6-4d9a-9d28-c040abdf8a62,2026-01-08 03:35:17.724980,explore,34.5,paintbrush,94.94,88.41
95b32e0a-b6c4-4f8e-b4ca-1dc7973c5a34,554655d4-a199-4cce-97e3-9cd9710e8fb0,628f6f6a-c3e6-4d9a-9d28-c040abdf8a62,2026-01-08 03:35:25.724980,wave,37.5,paintbrush,62.32,98.94
f92dc065-adc2-4308-95ea-fddafc711bf1,554655d4-a199-4cce-97e3-9cd9710e8fb0,628f6f6a-c3e6-4d9a-9d28-c040abdf8a62,2026-01-08 03:35:41.724980,explore,38.6,cube,97.76,7.65
57779449-5903-4121-87d1-91fe2d82a4f6,554655d4-a199-4cce-97e3-9cd9710e8fb0,628f6f6a-c3e6-4d9a-9d28-c040abdf8a62,2026-01-08 03:36:06.724980,wave,30.7,flower,87.43,70.7
e9e6f9e6-bc92-461a-b935-0a536bcc2a91,554655d4-a199-4cce-97e3-9cd9710e8fb0,628f6f6a-c3e6-4d9a-9d28-c040abdf8a62,2026-01-08 03:36:34.724980,explore,38.2,flower,18.08,41.65
3c41602c-c2f2-487c-a96d-1692cd402883,554655d4-a199-4cce-97e3-9cd9710e8fb0,628f6f6a-c3e6-4d9a-9d28-c040abdf8a62,2026-01-08 03:37:03.724980,wave,36.5,flower,85.13,18.54
b8f08839-dc74-499d-b79f-e4053935f352,554655d4-a199-4cce-97e3-9cd9710e8fb0,628f6f6a-c3e6-4d9a-9d28-c040abdf8a62,2026-01-08 03:37:19.724980,wave,47.4,flower,94.25,92.71
da3353e7-9c3b-426b-9061-2847d8735eed,a025e074-9c9e-4245-b12f-d5db8f7d73f8,3007846d-54a5-43aa-9587-d7c83f30d1e0,2026-01-08 00:38:18.724980,wave,38.8,cube,44.96,89.41
808845c8-d48b-427b-99bc-f76720844a78,a025e074-9c9e-4245-b12f-d5db8f7d73f8,3007846d-54a5-43aa-9587-d7c83f30d1e0,2026-01-08 00:38:38.724980,explore,39.2,flower,5.67,0.34
69564ea4-bf2d-4b17-a680-299744064660,a025e074-9c9e-4245-b12f-d5db8f7d73f8,3007846d-54a5-43aa-9587-d7c83f30d1e0,2026-01-08 00:38:51.724980,wave,43.3,cube,28.79,81.66
277b5b51-3946-4c74-9217-ccb604a910b7,a025e074-9c9e-4245-b12f-d5db8f7d73f8,3007846d-54a5-43aa-9587-d7c83f30d1e0,2026-01-08 00:39:19.724980,explore,49.3,cube,4.05,5.77
223205d2-73e6-4bd1-8830-5aba38866786,a025e074-9c9e-4245-b12f-d5db8f7d73f8,3007846d-54a5-43aa-9587-d7c83f30d1e0,2026-01-08 00:39:37.724980,spawn_object,41.4,flower,29.26,28.34
c3f7aba1-6371-47f8-a85e-ce67ae6be645,a025e074-9c9e-4245-b12f-d5db8f7d73f8,3007846d-54a5-43aa-9587-d7c83f30d1e0,2026-01-08 00:40:01.724980,explore,49.4,cube,21.75,44.56
2aa0b90b-7934-4503-beef-6f246280b77e,a025e074-9c9e-4245-b12f-d5db8f7d73f8,3007846d-54a5-43aa-9587-d7c83f30d1e0,2026-01-08 00:40:25.724980,explore,44.2,cube,85.58,87.24
8e6906cc-8d86-49b0-b02c-f25bdde1943e,a025e074-9c9e-4245-b12f-d5db8f7d73f8,3007846d-54a5-43aa-9587-d7c83f30d1e0,2026-01-08 00:40:52.724980,wave,44.5,flower,75.53,70.85
8609a150-63b7-4dde-890c-ad294864668e,a025e074-9c9e-4245-b12f-d5db8f7d73f8,3007846d-54a5-43aa-9587-d7c83f30d1e0,2026-01-08 00:41:14.724980,explore,35.9,cube,20.96,55.98
1d3bd71d-eb2d-4e29-92cd-7dc1d7129a00,a025e074-9c9e-4245-b12f-d5db8f7d73f8,3007846d-54a5-43aa-9587-d7c83f30d1e0,2026-01-08 00:41:22.724980,wave,45.8,flower,80.99,46.83
5f1d64fa-c167-48b6-8039-5d04da791010,a025e074-9c9e-4245-b12f-d5db8f7d73f8,3007846d-54a5-43aa-9587-d7c83f30d1e0,2026-01-08 00:41:37.724980,explore,43.7,flower,94.1,86.72
2377ef48-6611-453c-a83e-06edfe945a7a,a025e074-9c9e-4245-b12f-d5db8f7d73f8,3007846d-54a5-43aa-9587-d7c83f30d1e0,2026-01-08 00:42:03.724980,explore,37.9,cube,43.93,49.42
a0746184-335b-4dd6-9c04-b5abf1ab8deb,a025e074-9c9e-4245-b12f-d5db8f7d73f8,3007846d-54a5-43aa-9587-d7c83f30d1e0,2026-01-08 00:42:32.724980,explore,40.7,cube,63.36,88.7
6339ab72-d7bf-406d-9ad0-379ccba6672d,a025e074-9c9e-4245-b12f-d5db8f7d73f8,3007846d-54a5-43aa-9587-d7c83f30d1e0,2026-01-08 00:42:51.724980,spawn_object,32.7,paintbrush,42.05,14.85
c757ef3d-66d2-466d-8c2d-2ce8a9b9f708,a025e074-9c9e-4245-b12f-d5db8f7d73f8,3007846d-54a5-43aa-9587-d7c83f30d1e0,2026-01-08 00:43:13.724980,spawn_object,33.5,paintbrush,15.23,79.61
cb4be32d-a5ec-44a3-8923-7c1e5f9eab63,a025e074-9c9e-4245-b12f-d5db8f7d73f8,3007846d-54a5-43aa-9587-d7c83f30d1e0,2026-01-08 00:43:32.724980,wave,45.8,paintbrush,97.67,26.27
ce684d26-e2ee-4a55-b0fb-ca58d463802b,a025e074-9c9e-4245-b12f-d5db8f7d73f8,3007846d-54a5-43aa-9587-d7c83f30d1e0,2026-01-08 00:44:01.724980,wave,41.6,paintbrush,86.98,13.77
70ae4beb-e0a7-4418-9aa9-ab5a16a58e51,a025e074-9c9e-4245-b12f-d5db8f7d73f8,3007846d-54a5-43aa-9587-d7c83f30d1e0,2026-01-08 00:44:25.724980,explore,35.6,cube,83.08,11.73
c570d713-1eef-4a98-ab07-05f9eb8cfb8d,a025e074-9c9e-4245-b12f-d5db8f7d73f8,3007846d-54a5-43aa-9587-d7c83f30d1e0,2026-01-08 00:44:30.724980,wave,40.8,flower,1.16,34.19
87e3bdff-be2b-4555-ace3-7f2bbd549618,a025e074-9c9e-4245-b12f-d5db8f7d73f8,3007846d-54a5-43aa-9587-d7c83f30d1e0,2026-01-08 00:44:44.724980,explore,34.2,flower,24.54,48.13
345e9b05-e4d5-4bf1-9f08-87aa330334b2,a025e074-9c9e-4245-b12f-d5db8f7d73f8,3007846d-54a5-43aa-9587-d7c83f30d1e0,2026-01-08 00:45:02.724980,spawn_object,43.2,flower,27.93,26.62
40c0a70e-ba20-42ee-b0d0-77ce5b12924f,a025e074-9c9e-4245-b12f-d5db8f7d73f8,3007846d-54a5-43aa-9587-d7c83f30d1e0,2026-01-08 00:45:19.724980,explore,43.6,paintbrush,9.2,77.54
317cd09f-efa5-4293-be01-df180a261a79,a025e074-9c9e-4245-b12f-d5db8f7d73f8,3007846d-54a5-43aa-9587-d7c83f30d1e0,2026-01-08 00:45:44.724980,explore,38.5,cube,61.65,63.91
c12f115e-8500-458a-9682-c3b588f62c7f,a025e074-9c9e-4245-b12f-d5db8f7d73f8,3007846d-54a5-43aa-9587-d7c83f30d1e0,2026-01-08 00:45:52.724980,explore,39.8,paintbrush,55.73,12.18
8078a971-67e1-4404-9a9d-ac798e7b28b4,a025e074-9c9e-4245-b12f-d5db8f7d73f8,3007846d-54a5-43aa-9587-d7c83f30d1e0,2026-01-08 00:46:01.724980,wave,42.1,flower,4.89,40.31
66c2cb4d-368e-486f-ace0-9c2264ec0443,a025e074-9c9e-4245-b12f-d5db8f7d73f8,3007846d-54a5-43aa-9587-d7c83f30d1e0,2026-01-08 00:46:28.724980,explore,37.7,paintbrush,58.43,31.48
5bed7db5-7443-4218-949c-2c549cf9208a,a025e074-9c9e-4245-b12f-d5db8f7d73f8,3007846d-54a5-43aa-9587-d7c83f30d1e0,2026-01-08 00:46:39.724980,explore,40.1,paintbrush,64.8,22.72
00f90365-e2c0-4e61-ace3-29c67ab6a236,962151a5-a918-4456-9ee9-4ca0de0a8e36,a28af649-8cf5-4ea6-abdb-f4c53ff1862c,2026-01-08 01:21:09.724980,explore,32.8,paintbrush,38.52,80.26
13de993e-1650-40e0-b058-d0f679096818,962151a5-a918-4456-9ee9-4ca0de0a8e36,a28af649-8cf5-4ea6-abdb-f4c53ff1862c,2026-01-08 01:21:34.724980,explore,37.0,flower,65.75,19.73
f256a650-279e-4262-99e4-bd940ffb02b8,962151a5-a918-4456-9ee9-4ca0de0a8e36,a28af649-8cf5-4ea6-abdb-f4c53ff1862c,2026-01-08 01:21:48.724980,explore,36.5,cube,78.39,20.07
9ecea1c1-e07d-4931-8491-3f60fb53b406,962151a5-a918-4456-9ee9-4ca0de0a8e36,a28af649-8cf5-4ea6-abdb-f4c53ff1862c,2026-01-08 01:22:04.724980,wave,44.3,paintbrush,90.7,6.86
5fb48f32-84cc-4e70-b7b4-3986dd83c8d0,962151a5-a918-4456-9ee9-4ca0de0a8e36,a28af649-8cf5-4ea6-abdb-f4c53ff1862c,2026-01-08 01:22:10.724980,spawn_object,30.2,flower,66.93,22.5
61300454-1c8b-4eb2-b68a-d8fa0c617ca5,962151a5-a918-4456-9ee9-4ca0de0a8e36,a28af649-8cf5-4ea6-abdb-f4c53ff1862c,2026-01-08 01:22:16.724980,wave,43.1,cube,34.86,23.78
b4f6d730-3a02-4550-b9c1-feba0895380e,962151a5-a918-4456-9ee9-4ca0de0a8e36,a28af649-8cf5-4ea6-abdb-f4c53ff1862c,2026-01-08 01:22:36.724980,explore,39.7,cube,8.69,81.28
c0c84b9c-9418-43a6-84af-daa6ed24deae,962151a5-a918-4456-9ee9-4ca0de0a8e36,a28af649-8cf5-4ea6-abdb-f4c53ff1862c,2026-01-08 01:22:49.724980,wave,46.5,paintbrush,42.32,48.96
711e1631-071d-49ab-a9c0-168ab77834c3,962151a5-a918-4456-9ee9-4ca0de0a8e36,a28af649-8cf5-4ea6-abdb-f4c53ff1862c,2026-01-08 01:23:00.724980,explore,38.0,flower,31.34,42.76
96d1dd07-7d11-4880-8314-8d9fc15251de,962151a5-a918-4456-9ee9-4ca0de0a8e36,a28af649-8cf5-4ea6-abdb-f4c53ff1862c,2026-01-08 01:23:12.724980,wave,46.4,paintbrush,57.03,45.46
957fffe5-7ac8-4f3c-a0f8-ac3bc24eada2,962151a5-a918-4456-9ee9-4ca0de0a8e36,a28af649-8cf5-4ea6-abdb-f4c53ff1862c,2026-01-08 01:23:37.724980,wave,43.5,flower,71.93,70.06
64424998-2c5a-420a-bb65-b7c3a4d77419,962151a5-a918-4456-9ee9-4ca0de0a8e36,a28af649-8cf5-4ea6-abdb-f4c53ff1862c,2026-01-08 01:23:45.724980,explore,44.3,cube,94.37,19.09
5e7e6309-95ef-47f6-b6fc-8c8f2a67cb58,962151a5-a918-4456-9ee9-4ca0de0a8e36,a28af649-8cf5-4ea6-abdb-f4c53ff1862c,2026-01-08 01:24:00.724980,explore,43.0,paintbrush,25.27,77.06
0c5d045a-666a-4fef-ac47-850648df9a67,962151a5-a918-4456-9ee9-4ca0de0a8e36,a28af649-8cf5-4ea6-abdb-f4c53ff1862c,2026-01-08 01:24:15.724980,explore,38.9,paintbrush,41.76,58.51
27a4553a-1f1f-4b2c-8e9a-0da31939a372,962151a5-a918-4456-9ee9-4ca0de0a8e36,a28af649-8cf5-4ea6-abdb-f4c53ff1862c,2026-01-08 01:24:26.724980,explore,46.2,paintbrush,63.08,78.61
92a926ce-ba36-45a1-b87a-61330e80a459,962151a5-a918-4456-9ee9-4ca0de0a8e36,a28af649-8cf5-4ea6-abdb-f4c53ff1862c,2026-01-08 01:24:46.724980,explore,39.0,flower,71.01,40.5
296b1e56-7c23-4052-a683-25a94a12dedc,962151a5-a918-4456-9ee9-4ca0de0a8e36,a28af649-8cf5-4ea6-abdb-f4c53ff1862c,2026-01-08 01:24:54.724980,explore,42.2,flower,52.27,51.53
fec89feb-9675-4c5e-876e-39c0acc4a137,962151a5-a918-4456-9ee9-4ca0de0a8e36,a28af649-8cf5-4ea6-abdb-f4c53ff1862c,2026-01-08 01:25:22.724980,spawn_object,36.4,flower,11.93,16.7
dfe63872-2f22-47ea-b0ac-2c80fe7702b5,962151a5-a918-4456-9ee9-4ca0de0a8e36,a28af649-8cf5-4ea6-abdb-f4c53ff1862c,2026-01-08 01:25:30.724980,explore,40.6,flower,13.03,71.75
a44fd7af-0261-4e25-8190-c3b9071f13b5,439516b7-d9e5-4a9f-bb38-8037f1597b30,9239e37a-b750-48fe-9548-8f65d1fc489f,2026-01-07 21:59:28.724980,explore,39.5,cube,15.72,79.75
0c4f8945-a8b5-4aca-ac63-45a8aeaf68bb,439516b7-d9e5-4a9f-bb38-8037f1597b30,9239e37a-b750-48fe-9548-8f65d1fc489f,2026-01-07 21:59:55.724980,wave,33.3,paintbrush,81.66,27.99
fad99513-f6de-438a-9f02-f810a5c0082f,439516b7-d9e5-4a9f-bb38-8037f1597b30,9239e37a-b750-48fe-9548-8f65d1fc489f,2026-01-07 22:00:21.724980,explore,38.0,cube,75.32,49.76
817d2f5d-b0ee-43c6-9177-665be5b0a2c7,439516b7-d9e5-4a9f-bb38-8037f1597b30,9239e37a-b750-48fe-9548-8f65d1fc489f,2026-01-07 22:00:34.724980,explore,47.1,cube,69.79,26.99
56fb1bf9-db03-4c83-95e0-c6a73f19aaee,439516b7-d9e5-4a9f-bb38-8037f1597b30,9239e37a-b750-48fe-9548-8f65d1fc489f,2026-01-07 22:01:00.724980,explore,45.7,flower,87.46,36.96
4db54978-6793-4674-9854-bf7d89c817ac,439516b7-d9e5-4a9f-bb38-8037f1597b30,9239e37a-b750-48fe-9548-8f65d1fc489f,2026-01-07 22:01:25.724980,explore,39.0,paintbrush,59.27,55.82
445e7def-22c6-4539-b30f-62650527122f,439516b7-d9e5-4a9f-bb38-8037f1597b30,9239e37a-b750-48fe-9548-8f65d1fc489f,2026-01-07 22:01:37.724980,explore,39.7,paintbrush,66.49,52.03
fca5c225-f8ca-4771-8d90-e12b5f4b2462,439516b7-d9e5-4a9f-bb38-8037f1597b30,9239e37a-b750-48fe-9548-8f65d1fc489f,2026-01-07 22:01:51.724980,explore,33.8,flower,10.41,17.59
f2d3c299-e0a8-45a7-8ae8-23d96abebe5c,439516b7-d9e5-4a9f-bb38-8037f1597b30,9239e37a-b750-48fe-9548-8f65d1fc489f,2026-01-07 22:01:57.724980,explore,42.6,paintbrush,92.81,65.03
f87a155c-a846-419f-a960-0961dff97a86,439516b7-d9e5-4a9f-bb38-8037f1597b30,9239e37a-b750-48fe-9548-8f65d1fc489f,2026-01-07 22:02:18.724980,explore,41.9,flower,53.89,92.66
605cc46f-b404-4034-bdb8-34accaac05cb,439516b7-d9e5-4a9f-bb38-8037f1597b30,9239e37a-b750-48fe-9548-8f65d1fc489f,2026-01-07 22:02:24.724980,wave,38.1,paintbrush,97.85,79.64
c49a2f81-ad84-4fcc-88a5-7291bba449ef,439516b7-d9e5-4a9f-bb38-8037f1597b30,9239e37a-b750-48fe-9548-8f65d1fc489f,2026-01-07 22:02:50.724980,wave,37.5,flower,25.16,32.79
62f45b05-c826-4065-a79a-ac5fba01a4cc,439516b7-d9e5-4a9f-bb38-8037f1597b30,9239e37a-b750-48fe-9548-8f65d1fc489f,2026-01-07 22:03:06.724980,explore,33.5,cube,58.13,91.75
8a337325-2070-4c72-88ab-25f1d8b26028,439516b7-d9e5-4a9f-bb38-8037f1597b30,9239e37a-b750-48fe-9548-8f65d1fc489f,2026-01-07 22:03:30.724980,wave,39.3,flower,24.91,79.61
d99d7db4-2085-4adf-86e6-506277260561,57cdbf5d-a9a9-4725-8dd3-199a5cbc6031,d084293a-b90d-4f4a-99ae-e492372f77f3,2026-01-07 18:55:09.724980,wave,41.8,cube,22.22,69.48
bff716f9-edde-4775-bc35-3199d20fe603,57cdbf5d-a9a9-4725-8dd3-199a5cbc6031,d084293a-b90d-4f4a-99ae-e492372f77f3,2026-01-07 18:55:22.724980,wave,39.6,cube,84.61,40.7
111460ad-3ac4-496a-a59d-68cd349facf4,57cdbf5d-a9a9-4725-8dd3-199a5cbc6031,d084293a-b90d-4f4a-99ae-e492372f77f3,2026-01-07 18:55:45.724980,explore,38.7,flower,40.1,54.09
0f043d47-0c80-42bc-ad5b-e7c8136673dd,57cdbf5d-a9a9-4725-8dd3-199a5cbc6031,d084293a-b90d-4f4a-99ae-e492372f77f3,2026-01-07 18:56:03.724980,spawn_object,36.3,cube,30.43,19.49
7d754819-29df-4cf1-b8c3-d8e057b4aff9,57cdbf5d-a9a9-4725-8dd3-199a5cbc6031,d084293a-b90d-4f4a-99ae-e492372f77f3,2026-01-07 18:56:22.724980,explore,43.8,cube,27.33,35.58
e3eaad62-3ebf-401e-8b46-97c82f29b810,57cdbf5d-a9a9-4725-8dd3-199a5cbc6031,d084293a-b90d-4f4a-99ae-e492372f77f3,2026-01-07 18:56:40.724980,explore,36.7,paintbrush,13.34,68.46
6048cc93-8947-4c03-b2fe-3ea0986b47ad,57cdbf5d-a9a9-4725-8dd3-199a5cbc6031,d084293a-b90d-4f4a-99ae-e492372f77f3,2026-01-07 18:57:02.724980,explore,39.4,cube,49.11,4.7
e34830dc-d8ae-4865-bdae-995affd62434,57cdbf5d-a9a9-4725-8dd3-199a5cbc6031,d084293a-b90d-4f4a-99ae-e492372f77f3,2026-01-07 18:57:12.724980,explore,31.8,paintbrush,15.38,9.7
8c8a238d-b80b-4c44-b5aa-5110e02fe43a,57cdbf5d-a9a9-4725-8dd3-199a5cbc6031,d084293a-b90d-4f4a-99ae-e492372f77f3,2026-01-07 18:57:31.724980,explore,43.7,flower,39.69,63.23
a5359be3-0ad4-4a57-8956-d1b2a3d4fbda,57cdbf5d-a9a9-4725-8dd3-199a5cbc6031,d084293a-b90d-4f4a-99ae-e492372f77f3,2026-01-07 18:57:49.724980,wave,36.1,paintbrush,16.55,72.46
4473e333-3f98-44ad-a608-fe8e8ffa26a6,57cdbf5d-a9a9-4725-8dd3-199a5cbc6031,d084293a-b90d-4f4a-99ae-e492372f77f3,2026-01-07 18:58:17.724980,explore,44.9,paintbrush,29.79,40.3
f0c9142f-cf87-441c-ad38-3c2c3ed17ea2,57cdbf5d-a9a9-4725-8dd3-199a5cbc6031,d084293a-b90d-4f4a-99ae-e492372f77f3,2026-01-07 18:58:29.724980,explore,42.6,paintbrush,78.7,5.71
2fcf8836-1571-4ca7-82e6-085bc02bc774,57cdbf5d-a9a9-4725-8dd3-199a5cbc6031,d084293a-b90d-4f4a-99ae-e492372f77f3,2026-01-07 18:58:52.724980,explore,37.1,cube,93.41,20.86
c39a8e14-30fc-4c0e-80b0-dd7179b548a9,57cdbf5d-a9a9-4725-8dd3-199a5cbc6031,d084293a-b90d-4f4a-99ae-e492372f77f3,2026-01-07 18:59:21.724980,explore,41.9,cube,97.49,46.56
119d98ec-ec81-483e-9a92-b20509e3d932,57cdbf5d-a9a9-4725-8dd3-199a5cbc6031,d084293a-b90d-4f4a-99ae-e492372f77f3,2026-01-07 18:59:41.724980,explore,39.0,paintbrush,98.56,92.13
3b48827f-e354-424e-bfb5-9fe412c4684a,57cdbf5d-a9a9-4725-8dd3-199a5cbc6031,d084293a-b90d-4f4a-99ae-e492372f77f3,2026-01-07 19:00:06.724980,spawn_object,42.6,paintbrush,25.22,72.96
da14f001-b2bd-4009-ade9-5b9bc62a1def,57cdbf5d-a9a9-4725-8dd3-199a5cbc6031,d084293a-b90d-4f4a-99ae-e492372f77f3,2026-01-07 19:00:13.724980,explore,36.5,flower,32.89,96.19
fd85da8d-4ec4-4ccc-b4a7-273ad438fb8c,57cdbf5d-a9a9-4725-8dd3-199a5cbc6031,d084293a-b90d-4f4a-99ae-e492372f77f3,2026-01-07 19:00:27.724980,explore,40.4,cube,96.5,73.42
d4d5e28e-0e36-4271-8a5e-01ede4dab63d,57cdbf5d-a9a9-4725-8dd3-199a5cbc6031,d084293a-b90d-4f4a-99ae-e492372f77f3,2026-01-07 19:00:52.724980,explore,28.4,flower,70.11,51.62
4a14546d-c13a-4e18-8b7c-6d8bb2c482dd,57cdbf5d-a9a9-4725-8dd3-199a5cbc6031,d084293a-b90d-4f4a-99ae-e492372f77f3,2026-01-07 19:00:58.724980,explore,44.1,paintbrush,79.14,73.33
8a177065-86f8-4670-8a5c-4b344a870809,57cdbf5d-a9a9-4725-8dd3-199a5cbc6031,d084293a-b90d-4f4a-99ae-e492372f77f3,2026-01-07 19:01:16.724980,wave,42.3,flower,93.85,23.5
30255400-24b7-417e-ae60-02a042810573,57cdbf5d-a9a9-4725-8dd3-199a5cbc6031,d084293a-b90d-4f4a-99ae-e492372f77f3,2026-01-07 19:01:30.724980,wave,29.6,flower,4.4,10.85
cf8f6fba-b8ad-44a3-8c94-f8f3cbfe9d77,57cdbf5d-a9a9-4725-8dd3-199a5cbc6031,d084293a-b90d-4f4a-99ae-e492372f77f3,2026-01-07 19:01:40.724980,wave,29.5,flower,37.78,34.83
ef6d6c2e-9195-4cca-9b7c-194ec52e8591,57cdbf5d-a9a9-4725-8dd3-199a5cbc6031,d084293a-b90d-4f4a-99ae-e492372f77f3,2026-01-07 19:01:51.724980,spawn_object,32.1,cube,99.92,55.82
45a07a3e-d6bf-42da-ba3f-4cfcfb09bd7e,57cdbf5d-a9a9-4725-8dd3-199a5cbc6031,d084293a-b90d-4f4a-99ae-e492372f77f3,2026-01-07 19:02:18.724980,explore,39.5,flower,73.27,55.27
a8f63e89-9c7f-4cb8-8bf2-f87bb12e4f1b,57cdbf5d-a9a9-4725-8dd3-199a5cbc6031,d084293a-b90d-4f4a-99ae-e492372f77f3,2026-01-07 19:02:24.724980,explore,39.5,paintbrush,30.7,15.0
1e3bd697-4bee-40ff-b5d9-1dd052c7a9a0,57cdbf5d-a9a9-4725-8dd3-199a5cbc6031,d084293a-b90d-4f4a-99ae-e492372f77f3,2026-01-07 19:02:44.724980,explore,38.0,paintbrush,12.18,83.35
cc6acc3a-e454-407c-842f-e3ba1dd34cc7,57cdbf5d-a9a9-4725-8dd3-199a5cbc6031,d084293a-b90d-4f4a-99ae-e492372f77f3,2026-01-07 19:02:53.724980,explore,41.1,flower,48.96,41.87
a2728798-d5f1-4165-959e-773bd4ea1267,57cdbf5d-a9a9-4725-8dd3-199a5cbc6031,d084293a-b90d-4f4a-99ae-e492372f77f3,2026-01-07 19:03:05.724980,wave,39.7,cube,58.73,83.7
f49e565e-89dd-4f07-8dda-1864038e7947,57cdbf5d-a9a9-4725-8dd3-199a5cbc6031,d084293a-b90d-4f4a-99ae-e492372f77f3,2026-01-07 19:03:15.724980,explore,34.4,flower,27.26,61.73
a5314468-0b5a-4947-b4b1-65cf3d5e3709,57cdbf5d-a9a9-4725-8dd3-199a5cbc6031,d084293a-b90d-4f4a-99ae-e492372f77f3,2026-01-07 19:03:26.724980,explore,34.8,flower,80.07,65.59
e05e1115-6d3d-4d78-93ad-f37f89f9ced7,57cdbf5d-a9a9-4725-8dd3-199a5cbc6031,d084293a-b90d-4f4a-99ae-e492372f77f3,2026-01-07 19:03:40.724980,explore,45.7,cube,1.72,86.77
e9325727-45d7-482b-9a9c-247e7f9d962d,57cdbf5d-a9a9-4725-8dd3-199a5cbc6031,d084293a-b90d-4f4a-99ae-e492372f77f3,2026-01-07 19:03:56.724980,explore,34.4,flower,58.3,29.31
8fbc0c3a-2c3d-47bc-b8af-755a1417ee70,57cdbf5d-a9a9-4725-8dd3-199a5cbc6031,d084293a-b90d-4f4a-99ae-e492372f77f3,2026-01-07 19:04:13.724980,explore,43.8,flower,39.17,72.73
18fa86b2-eae4-43b3-b715-03b215ac2e02,57cdbf5d-a9a9-4725-8dd3-199a5cbc6031,d084293a-b90d-4f4a-99ae-e492372f77f3,2026-01-07 19:04:26.724980,explore,42.3,flower,96.33,93.22
1e52eaaf-a77f-40c3-b349-59893d0b2eff,432f4dad-a48a-46b8-aced-7b383d644ef8,b62037fd-dd09-4337-9f1e-00c59051552d,2026-01-08 04:38:33.724980,explore,32.5,flower,64.37,65.86
b5bf6610-73f0-4a01-be50-d3f9126ed218,432f4dad-a48a-46b8-aced-7b383d644ef8,b62037fd-dd09-4337-9f1e-00c59051552d,2026-01-08 04:38:59.724980,wave,32.8,paintbrush,89.51,80.62
a0692f5c-a715-4ab3-a632-d2aa89df9da8,432f4dad-a48a-46b8-aced-7b383d644ef8,b62037fd-dd09-4337-9f1e-00c59051552d,2026-01-08 04:39:08.724980,wave,37.0,paintbrush,40.22,30.91
4518a6d8-e71e-4200-8cc1-69b727d7739f,432f4dad-a48a-46b8-aced-7b383d644ef8,b62037fd-dd09-4337-9f1e-00c59051552d,2026-01-08 04:39:28.724980,wave,37.2,paintbrush,69.5,71.2
114f26ac-d0e1-4063-89a3-ebcf66af50ee,432f4dad-a48a-46b8-aced-7b383d644ef8,b62037fd-dd09-4337-9f1e-00c59051552d,2026-01-08 04:39:47.724980,wave,44.3,flower,55.94,19.48
5bbd03f8-2036-4c7d-9bfb-30caaf2c1815,432f4dad-a48a-46b8-aced-7b383d644ef8,b62037fd-dd09-4337-9f1e-00c59051552d,2026-01-08 04:40:05.724980,explore,39.6,paintbrush,70.75,20.45
66086c3a-72aa-4b3f-b93b-2791349d69bb,432f4dad-a48a-46b8-aced-7b383d644ef8,b62037fd-dd09-4337-9f1e-00c59051552d,2026-01-08 04:40:34.724980,explore,33.7,flower,63.08,98.07
29d662eb-a58d-4a86-a498-96ae5253b805,432f4dad-a48a-46b8-aced-7b383d644ef8,b62037fd-dd09-4337-9f1e-00c59051552d,2026-01-08 04:41:00.724980,wave,45.0,paintbrush,11.32,47.61
b560229b-8be2-4516-ba94-eb2211660af3,432f4dad-a48a-46b8-aced-7b383d644ef8,b62037fd-dd09-4337-9f1e-00c59051552d,2026-01-08 04:41:17.724980,explore,44.2,cube,92.07,5.6
bfdd2d03-93df-401a-b38b-dc75ec02a140,432f4dad-a48a-46b8-aced-7b383d644ef8,b62037fd-dd09-4337-9f1e-00c59051552d,2026-01-08 04:41:42.724980,wave,43.8,paintbrush,60.51,6.93
f0c738f3-cc30-406f-8a92-d4b1d3f6ebfa,432f4dad-a48a-46b8-aced-7b383d644ef8,b62037fd-dd09-4337-9f1e-00c59051552d,2026-01-08 04:41:50.724980,wave,42.0,cube,55.86,91.07
07e46513-f8f4-4ca3-985d-66416986defd,432f4dad-a48a-46b8-aced-7b383d644ef8,b62037fd-dd09-4337-9f1e-00c59051552d,2026-01-08 04:42:09.724980,explore,41.6,flower,51.18,62.27
a6cfde13-b8ab-4e38-9d63-b0a2d2bdc553,432f4dad-a48a-46b8-aced-7b383d644ef8,b62037fd-dd09-4337-9f1e-00c59051552d,2026-01-08 04:42:30.724980,wave,40.4,cube,22.86,64.7
d26f957f-687f-4703-a596-8976bb285791,432f4dad-a48a-46b8-aced-7b383d644ef8,b62037fd-dd09-4337-9f1e-00c59051552d,2026-01-08 04:42:45.724980,explore,41.3,flower,47.36,60.0
7a71d756-857d-4ec1-b915-d80edbc12073,432f4dad-a48a-46b8-aced-7b383d644ef8,b62037fd-dd09-4337-9f1e-00c59051552d,2026-01-08 04:43:09.724980,wave,43.2,flower,58.68,93.75
1c1e4f72-d077-40eb-8858-49be3f628a5f,432f4dad-a48a-46b8-aced-7b383d644ef8,b62037fd-dd09-4337-9f1e-00c59051552d,2026-01-08 04:43:21.724980,wave,41.5,flower,66.3,69.17
4939e366-4939-440a-8ecf-4c9b8bdef139,432f4dad-a48a-46b8-aced-7b383d644ef8,b62037fd-dd09-4337-9f1e-00c59051552d,2026-01-08 04:43:33.724980,explore,33.5,flower,78.04,47.35
45538eb3-375e-4c50-a7d8-68217d565694,432f4dad-a48a-46b8-aced-7b383d644ef8,b62037fd-dd09-4337-9f1e-00c59051552d,2026-01-08 04:44:02.724980,explore,40.1,paintbrush,16.54,20.28
1336082c-b28c-489d-90a3-96352bd56cfe,432f4dad-a48a-46b8-aced-7b383d644ef8,b62037fd-dd09-4337-9f1e-00c59051552d,2026-01-08 04:44:15.724980,wave,31.8,paintbrush,12.86,40.75
9386c647-71dd-4627-8b7f-75343b8766b7,432f4dad-a48a-46b8-aced-7b383d644ef8,b62037fd-dd09-4337-9f1e-00c59051552d,2026-01-08 04:44:26.724980,explore,43.4,paintbrush,9.6,38.89
2d43f8c3-b536-4f7f-9b80-ad82ecc089e8,432f4dad-a48a-46b8-aced-7b383d644ef8,b62037fd-dd09-4337-9f1e-00c59051552d,2026-01-08 04:44:45.724980,wave,39.6,paintbrush,53.57,17.42
ee673c4b-6572-49a4-82b0-c933652866e5,432f4dad-a48a-46b8-aced-7b383d644ef8,b62037fd-dd09-4337-9f1e-00c59051552d,2026-01-08 04:44:59.724980,wave,41.3,flower,32.44,20.85
24500191-c211-42be-b10d-bb5e0829e483,432f4dad-a48a-46b8-aced-7b383d644ef8,b62037fd-dd09-4337-9f1e-00c59051552d,2026-01-08 04:45:22.724980,explore,33.4,cube,95.56,45.82
133c3ef4-652d-4415-8d25-43cdb32a5778,432f4dad-a48a-46b8-aced-7b383d644ef8,b62037fd-dd09-4337-9f1e-00c59051552d,2026-01-08 04:45:39.724980,spawn_object,39.4,flower,91.15,71.4
1372ef9d-54b7-4633-a1ba-b90870e86696,432f4dad-a48a-46b8-aced-7b383d644ef8,b62037fd-dd09-4337-9f1e-00c59051552d,2026-01-08 04:45:55.724980,wave,46.6,flower,69.95,60.37
ebedc2d6-ac82-4a38-82de-4f40d343afcb,432f4dad-a48a-46b8-aced-7b383d644ef8,b62037fd-dd09-4337-9f1e-00c59051552d,2026-01-08 04:46:21.724980,spawn_object,35.5,paintbrush,8.02,99.18
459a7fad-4bcc-45c3-95c3-fe343671f6a6,432f4dad-a48a-46b8-aced-7b383d644ef8,b62037fd-dd09-4337-9f1e-00c59051552d,2026-01-08 04:46:27.724980,wave,44.3,paintbrush,92.43,69.96
a86b5405-47f6-42a7-b799-d0c493de8c4c,432f4dad-a48a-46b8-aced-7b383d644ef8,b62037fd-dd09-4337-9f1e-00c59051552d,2026-01-08 04:46:33.724980,explore,52.6,paintbrush,57.66,65.08
ae676023-6ce2-4e71-9f1d-9985f0d43a6f,432f4dad-a48a-46b8-aced-7b383d644ef8,b62037fd-dd09-4337-9f1e-00c59051552d,2026-01-08 04:46:48.724980,wave,38.0,paintbrush,70.48,45.0
f96b0acc-bb53-4748-9b3e-5ab4edad6a57,432f4dad-a48a-46b8-aced-7b383d644ef8,b62037fd-dd09-4337-9f1e-00c59051552d,2026-01-08 04:47:12.724980,wave,38.1,paintbrush,34.41,0.42
4b50098f-c340-4b0b-9d7d-aacb7538cd7e,432f4dad-a48a-46b8-aced-7b383d644ef8,b62037fd-dd09-4337-9f1e-00c59051552d,2026-01-08 04:47:20.724980,explore,42.6,paintbrush,19.39,92.12
2cc6d43f-9130-44c9-87f2-690a46f6f766,432f4dad-a48a-46b8-aced-7b383d644ef8,b62037fd-dd09-4337-9f1e-00c59051552d,2026-01-08 04:47:25.724980,explore,34.5,flower,45.62,96.63
275494cd-0793-4341-ac05-759fd665b2f2,432f4dad-a48a-46b8-aced-7b383d644ef8,b62037fd-dd09-4337-9f1e-00c59051552d,2026-01-08 04:47:31.724980,explore,36.1,cube,76.69,21.27
db90ed45-79e9-4846-ac8a-2bad9db19f12,432f4dad-a48a-46b8-aced-7b383d644ef8,b62037fd-dd09-4337-9f1e-00c59051552d,2026-01-08 04:47:58.724980,explore,31.8,flower,25.76,14.8
1cb89b90-8a19-4056-82ce-a3d42ed1e38f,432f4dad-a48a-46b8-aced-7b383d644ef8,b62037fd-dd09-4337-9f1e-00c59051552d,2026-01-08 04:48:18.724980,explore,45.7,flower,70.57,1.76
d6315492-86e2-4f0c-911d-31e55ec50646,432f4dad-a48a-46b8-aced-7b383d644ef8,b62037fd-dd09-4337-9f1e-00c59051552d,2026-01-08 04:48:35.724980,explore,27.8,flower,57.38,91.79
547f4930-0897-48a1-9c85-86054faaa1a2,432f4dad-a48a-46b8-aced-7b383d644ef8,b62037fd-dd09-4337-9f1e-00c59051552d,2026-01-08 04:48:41.724980,wave,45.7,flower,27.6,89.51
851f1416-50f9-4395-a1f6-304c42b3e2e9,432f4dad-a48a-46b8-aced-7b383d644ef8,b62037fd-dd09-4337-9f1e-00c59051552d,2026-01-08 04:49:05.724980,explore,44.6,cube,31.42,76.97
059f4779-19e8-485a-80a9-9659af2ebe91,432f4dad-a48a-46b8-aced-7b383d644ef8,b62037fd-dd09-4337-9f1e-00c59051552d,2026-01-08 04:49:22.724980,explore,37.3,cube,71.49,91.82
254e8b22-2b24-44c6-9082-7ffb32867f47,55a576f0-2d87-4d2d-9d76-86c1302d6787,d86a7c1b-510e-4b14-acb9-d8c4468ce14e,2026-01-08 04:21:13.724980,explore,39.4,paintbrush,94.24,24.66
b9f07332-5d1a-4fb5-ae54-0e377ad52a58,55a576f0-2d87-4d2d-9d76-86c1302d6787,d86a7c1b-510e-4b14-acb9-d8c4468ce14e,2026-01-08 04:21:19.724980,spawn_object,39.3,flower,68.52,59.45
3f7de898-26d3-4f16-9194-a4a8a9077946,55a576f0-2d87-4d2d-9d76-86c1302d6787,d86a7c1b-510e-4b14-acb9-d8c4468ce14e,2026-01-08 04:21:37.724980,explore,39.2,paintbrush,28.98,6.93
420fc1e1-d683-4743-9256-95e478433c55,55a576f0-2d87-4d2d-9d76-86c1302d6787,d86a7c1b-510e-4b14-acb9-d8c4468ce14e,2026-01-08 04:22:05.724980,explore,34.7,cube,62.66,27.48
93bbcbfa-0dc5-4182-a286-8d3fd82267dc,55a576f0-2d87-4d2d-9d76-86c1302d6787,d86a7c1b-510e-4b14-acb9-d8c4468ce14e,2026-01-08 04:22:26.724980,explore,39.8,cube,90.32,97.86
8105edca-2776-432a-9f15-901922e4cc60,55a576f0-2d87-4d2d-9d76-86c1302d6787,d86a7c1b-510e-4b14-acb9-d8c4468ce14e,2026-01-08 04:22:35.724980,explore,40.5,paintbrush,89.87,56.91
590e3cf9-dc06-472b-a9de-aab0b3a01d76,55a576f0-2d87-4d2d-9d76-86c1302d6787,d86a7c1b-510e-4b14-acb9-d8c4468ce14e,2026-01-08 04:22:54.724980,wave,37.0,paintbrush,76.1,45.08
efd2c0fb-df23-49f3-995c-c64ebf4525ea,55a576f0-2d87-4d2d-9d76-86c1302d6787,d86a7c1b-510e-4b14-acb9-d8c4468ce14e,2026-01-08 04:22:59.724980,wave,31.2,flower,2.88,16.52
4d762de9-f502-4b37-aa13-13dd75215528,55a576f0-2d87-4d2d-9d76-86c1302d6787,d86a7c1b-510e-4b14-acb9-d8c4468ce14e,2026-01-08 04:23:21.724980,explore,41.8,paintbrush,75.87,18.06
f35f6abf-e1d5-4967-bf40-22ef876cbc64,55a576f0-2d87-4d2d-9d76-86c1302d6787,d86a7c1b-510e-4b14-acb9-d8c4468ce14e,2026-01-08 04:23:27.724980,wave,36.8,paintbrush,39.18,9.82
3a23abf1-81a7-4433-ae72-20017210a836,55a576f0-2d87-4d2d-9d76-86c1302d6787,d86a7c1b-510e-4b14-acb9-d8c4468ce14e,2026-01-08 04:23:35.724980,wave,40.4,flower,90.42,97.11
34b89581-05c6-432b-9ed8-03fcc0a45bae,55a576f0-2d87-4d2d-9d76-86c1302d6787,d86a7c1b-510e-4b14-acb9-d8c4468ce14e,2026-01-08 04:23:42.724980,explore,34.5,cube,25.04,2.8
006deaec-7690-4566-a1e7-bedec72128fd,55a576f0-2d87-4d2d-9d76-86c1302d6787,d86a7c1b-510e-4b14-acb9-d8c4468ce14e,2026-01-08 04:24:10.724980,explore,40.1,paintbrush,78.01,75.27
6e9b9746-7f69-4fc7-8b09-75b7bd96132d,55a576f0-2d87-4d2d-9d76-86c1302d6787,d86a7c1b-510e-4b14-acb9-d8c4468ce14e,2026-01-08 04:24:23.724980,spawn_object,43.7,cube,32.25,49.96
84ba5b49-679b-434f-b49e-2aec50073ada,55a576f0-2d87-4d2d-9d76-86c1302d6787,d86a7c1b-510e-4b14-acb9-d8c4468ce14e,2026-01-08 04:24:45.724980,explore,36.0,paintbrush,13.71,46.52
ee593c8f-a948-42ec-8b79-618802ba555c,55a576f0-2d87-4d2d-9d76-86c1302d6787,d86a7c1b-510e-4b14-acb9-d8c4468ce14e,2026-01-08 04:25:03.724980,explore,49.8,flower,77.15,14.12
ce694819-df7b-4cda-b3e8-ba58e2142d6d,55a576f0-2d87-4d2d-9d76-86c1302d6787,d86a7c1b-510e-4b14-acb9-d8c4468ce14e,2026-01-08 04:25:20.724980,wave,33.4,cube,91.96,42.64
d25d7469-f8f8-4f88-9c89-76dbe6b2749d,55a576f0-2d87-4d2d-9d76-86c1302d6787,d86a7c1b-510e-4b14-acb9-d8c4468ce14e,2026-01-08 04:25:26.724980,wave,40.2,paintbrush,25.72,74.77
b0443eca-9858-4586-b444-7c9d13a7dee1,55a576f0-2d87-4d2d-9d76-86c1302d6787,d86a7c1b-510e-4b14-acb9-d8c4468ce14e,2026-01-08 04:25:39.724980,spawn_object,39.3,flower,31.38,6.55
c3caec6f-eb99-4d3e-9f3e-f41db7a02b9b,55a576f0-2d87-4d2d-9d76-86c1302d6787,d86a7c1b-510e-4b14-acb9-d8c4468ce14e,2026-01-08 04:25:44.724980,explore,35.6,flower,53.79,98.85
8e0334ab-1e14-4c6c-8680-5bee07bf8863,55a576f0-2d87-4d2d-9d76-86c1302d6787,d86a7c1b-510e-4b14-acb9-d8c4468ce14e,2026-01-08 04:26:13.724980,wave,35.6,cube,64.04,50.37
b140a0c0-9ffa-4439-a536-748c0afcf6ee,55a576f0-2d87-4d2d-9d76-86c1302d6787,d86a7c1b-510e-4b14-acb9-d8c4468ce14e,2026-01-08 04:26:27.724980,explore,33.9,paintbrush,1.4,85.86
7933f91d-c1f5-4f6f-9037-579f4cbe0db1,55a576f0-2d87-4d2d-9d76-86c1302d6787,d86a7c1b-510e-4b14-acb9-d8c4468ce14e,2026-01-08 04:26:45.724980,explore,32.0,paintbrush,47.56,66.23
73294a33-5f91-4293-8c48-5a8a517728dc,55a576f0-2d87-4d2d-9d76-86c1302d6787,d86a7c1b-510e-4b14-acb9-d8c4468ce14e,2026-01-08 04:26:50.724980,spawn_object,35.5,cube,4.02,10.66
df69a8f8-54a9-42fa-a8ec-dfe393a511ba,55a576f0-2d87-4d2d-9d76-86c1302d6787,d86a7c1b-510e-4b14-acb9-d8c4468ce14e,2026-01-08 04:27:11.724980,explore,43.0,cube,75.48,81.09
a7495d60-4df6-422f-92c2-d51aba11a899,55a576f0-2d87-4d2d-9d76-86c1302d6787,d86a7c1b-510e-4b14-acb9-d8c4468ce14e,2026-01-08 04:27:26.724980,explore,38.2,cube,8.48,1.15
af6f2030-e267-4917-9e4d-6a551f59e75e,55a576f0-2d87-4d2d-9d76-86c1302d6787,d86a7c1b-510e-4b14-acb9-d8c4468ce14e,2026-01-08 04:27:31.724980,spawn_object,40.8,flower,28.65,86.76
1f70db11-0d3d-4ca5-8aea-f71540d27aee,55a576f0-2d87-4d2d-9d76-86c1302d6787,d86a7c1b-510e-4b14-acb9-d8c4468ce14e,2026-01-08 04:27:48.724980,wave,36.9,cube,84.28,52.22
18c386ac-72c7-4a32-8e30-eff29e0b4228,55a576f0-2d87-4d2d-9d76-86c1302d6787,d86a7c1b-510e-4b14-acb9-d8c4468ce14e,2026-01-08 04:28:11.724980,explore,48.0,paintbrush,37.02,89.14
5096a9d4-043f-42ec-bb68-e0f2e1449661,55a576f0-2d87-4d2d-9d76-86c1302d6787,d86a7c1b-510e-4b14-acb9-d8c4468ce14e,2026-01-08 04:28:20.724980,wave,41.1,flower,83.23,43.98
b1064ee4-8fb0-4e03-9f21-bf11445f91cb,55a576f0-2d87-4d2d-9d76-86c1302d6787,d86a7c1b-510e-4b14-acb9-d8c4468ce14e,2026-01-08 04:28:46.724980,wave,35.6,paintbrush,89.07,64.13
03bc3678-95e1-4fe9-a4e3-3aa995738e2c,55a576f0-2d87-4d2d-9d76-86c1302d6787,d86a7c1b-510e-4b14-acb9-d8c4468ce14e,2026-01-08 04:29:01.724980,explore,36.3,paintbrush,70.67,25.68
921e6d1b-5287-4b8a-9ecd-5ebeddf050e7,55a576f0-2d87-4d2d-9d76-86c1302d6787,d86a7c1b-510e-4b14-acb9-d8c4468ce14e,2026-01-08 04:29:21.724980,explore,47.3,flower,90.78,14.71
fad6e99b-1433-4684-8f57-e86460845750,55a576f0-2d87-4d2d-9d76-86c1302d6787,d86a7c1b-510e-4b14-acb9-d8c4468ce14e,2026-01-08 04:29:30.724980,explore,47.1,cube,28.25,35.78
470cdef5-92ab-4d77-8323-87880dd70600,55a576f0-2d87-4d2d-9d76-86c1302d6787,d86a7c1b-510e-4b14-acb9-d8c4468ce14e,2026-01-08 04:29:58.724980,explore,44.5,flower,58.14,64.09
bf902bb7-27bc-4878-a244-ab88de0fec11,55a576f0-2d87-4d2d-9d76-86c1302d6787,d86a7c1b-510e-4b14-acb9-d8c4468ce14e,2026-01-08 04:30:26.724980,explore,41.4,cube,47.77,88.08
934b10a1-6d55-461b-a1d9-af9ebe0245d3,55a576f0-2d87-4d2d-9d76-86c1302d6787,d86a7c1b-510e-4b14-acb9-d8c4468ce14e,2026-01-08 04:30:36.724980,wave,44.3,paintbrush,3.34,80.29
17146af1-c99f-4cae-a807-06f0a8e8e99b,94c0f82c-7c85-4c39-9bf3-371d6b7239ff,ab1e493f-facc-4297-9016-868331b82d54,2026-01-08 03:36:24.724980,explore,35.1,cube,17.32,87.86
039a3b96-93c5-45eb-9794-504f6b57c2f0,94c0f82c-7c85-4c39-9bf3-371d6b7239ff,ab1e493f-facc-4297-9016-868331b82d54,2026-01-08 03:36:35.724980,explore,42.7,paintbrush,89.11,98.98
599e15fd-c6b8-4315-b6a6-83429b011bb5,94c0f82c-7c85-4c39-9bf3-371d6b7239ff,ab1e493f-facc-4297-9016-868331b82d54,2026-01-08 03:36:42.724980,explore,40.1,flower,98.72,42.01
022103cc-5c0d-4509-9a3e-ba7b1ae89640,94c0f82c-7c85-4c39-9bf3-371d6b7239ff,ab1e493f-facc-4297-9016-868331b82d54,2026-01-08 03:36:59.724980,explore,39.7,flower,0.87,14.57
cd7dacce-a0e0-4772-a7c1-d70f9b98de8c,94c0f82c-7c85-4c39-9bf3-371d6b7239ff,ab1e493f-facc-4297-9016-868331b82d54,2026-01-08 03:37:25.724980,wave,33.6,paintbrush,39.11,42.01
aaa15e8a-4466-4880-915d-d75a52f09af5,94c0f82c-7c85-4c39-9bf3-371d6b7239ff,ab1e493f-facc-4297-9016-868331b82d54,2026-01-08 03:37:48.724980,explore,42.3,flower,4.32,86.83
6d762ef9-7aa0-4a37-a775-cd4fdba53de1,94c0f82c-7c85-4c39-9bf3-371d6b7239ff,ab1e493f-facc-4297-9016-868331b82d54,2026-01-08 03:37:59.724980,wave,33.7,flower,88.87,76.75
68bd8bdf-7ad7-4555-9d21-893240c68940,94c0f82c-7c85-4c39-9bf3-371d6b7239ff,ab1e493f-facc-4297-9016-868331b82d54,2026-01-08 03:38:16.724980,explore,30.3,paintbrush,99.51,22.4
373e00df-7dbe-481f-a178-894a90028f28,94c0f82c-7c85-4c39-9bf3-371d6b7239ff,ab1e493f-facc-4297-9016-868331b82d54,2026-01-08 03:38:21.724980,explore,35.8,cube,58.48,88.43
83b3978c-23fe-40b9-8a00-1ad3a15bea82,94c0f82c-7c85-4c39-9bf3-371d6b7239ff,ab1e493f-facc-4297-9016-868331b82d54,2026-01-08 03:38:41.724980,wave,42.9,flower,78.68,72.31
5c491b2b-38af-4ed3-8ba2-581063a50abd,94c0f82c-7c85-4c39-9bf3-371d6b7239ff,ab1e493f-facc-4297-9016-868331b82d54,2026-01-08 03:39:02.724980,explore,39.7,cube,53.52,73.83
ac824a72-10b0-49db-ae97-6c0beeffa230,94c0f82c-7c85-4c39-9bf3-371d6b7239ff,ab1e493f-facc-4297-9016-868331b82d54,2026-01-08 03:39:19.724980,explore,38.2,paintbrush,72.57,77.01
42a17b42-7608-4269-8cbd-17fb6110d13c,94c0f82c-7c85-4c39-9bf3-371d6b7239ff,ab1e493f-facc-4297-9016-868331b82d54,2026-01-08 03:39:39.724980,explore,35.1,flower,18.13,3.59
1c83d86c-4a4a-4206-8d98-28a7c498bc1c,94c0f82c-7c85-4c39-9bf3-371d6b7239ff,ab1e493f-facc-4297-9016-868331b82d54,2026-01-08 03:39:52.724980,explore,37.7,flower,13.68,62.41
143bb2d0-9e38-4660-8c6f-f19a92387825,94c0f82c-7c85-4c39-9bf3-371d6b7239ff,ab1e493f-facc-4297-9016-868331b82d54,2026-01-08 03:40:18.724980,wave,46.0,flower,13.63,73.59
6e78b93a-f71d-48d9-b2e0-2a307da71608,94c0f82c-7c85-4c39-9bf3-371d6b7239ff,ab1e493f-facc-4297-9016-868331b82d54,2026-01-08 03:40:41.724980,explore,38.3,flower,16.42,73.4
37b55656-fe91-4ca3-a198-23f0cf69f9a2,94c0f82c-7c85-4c39-9bf3-371d6b7239ff,ab1e493f-facc-4297-9016-868331b82d54,2026-01-08 03:41:05.724980,wave,38.2,paintbrush,85.28,72.18
8b2efe3c-9ef4-4900-864c-89253f3a1ed4,94c0f82c-7c85-4c39-9bf3-371d6b7239ff,ab1e493f-facc-4297-9016-868331b82d54,2026-01-08 03:41:23.724980,explore,39.4,paintbrush,34.6,87.8
7e0d1919-5df3-42db-91b6-4c6075c0510d,94c0f82c-7c85-4c39-9bf3-371d6b7239ff,ab1e493f-facc-4297-9016-868331b82d54,2026-01-08 03:41:46.724980,spawn_object,39.9,paintbrush,1.97,21.52
6a21af87-d69b-4632-b01e-a539b510dc30,94c0f82c-7c85-4c39-9bf3-371d6b7239ff,ab1e493f-facc-4297-9016-868331b82d54,2026-01-08 03:41:59.724980,wave,45.4,cube,91.56,99.97
b27b73e8-2dbe-4e4f-b4f0-be6fac4e8395,94c0f82c-7c85-4c39-9bf3-371d6b7239ff,ab1e493f-facc-4297-9016-868331b82d54,2026-01-08 03:42:11.724980,explore,42.8,flower,81.77,19.09
e219cb39-029a-4d55-8df6-ce9de76d2584,94c0f82c-7c85-4c39-9bf3-371d6b7239ff,ab1e493f-facc-4297-9016-868331b82d54,2026-01-08 03:42:41.724980,wave,35.7,flower,38.84,67.3
4046e62e-7485-45d9-87de-94d674f2dd24,94c0f82c-7c85-4c39-9bf3-371d6b7239ff,ab1e493f-facc-4297-9016-868331b82d54,2026-01-08 03:43:06.724980,spawn_object,44.7,flower,57.19,0.61
319e4aac-de2c-49fb-ab28-25ca666723ee,94c0f82c-7c85-4c39-9bf3-371d6b7239ff,ab1e493f-facc-4297-9016-868331b82d54,2026-01-08 03:43:19.724980,explore,37.3,paintbrush,56.68,97.23
c85bcff8-5716-4f69-ad9e-f641cda037a2,94c0f82c-7c85-4c39-9bf3-371d6b7239ff,ab1e493f-facc-4297-9016-868331b82d54,2026-01-08 03:43:43.724980,explore,46.7,cube,12.05,59.63
2ad1c6c1-ad4e-4b0f-8c79-051e2e04a755,94c0f82c-7c85-4c39-9bf3-371d6b7239ff,ab1e493f-facc-4297-9016-868331b82d54,2026-01-08 03:44:06.724980,wave,34.6,flower,9.78,68.17
07ef09cb-91a6-4bde-81ed-a51aae127795,94c0f82c-7c85-4c39-9bf3-371d6b7239ff,ab1e493f-facc-4297-9016-868331b82d54,2026-01-08 03:44:29.724980,wave,43.0,cube,81.92,25.65
720b6216-2af0-436d-8ad4-59968d5b9a79,94c0f82c-7c85-4c39-9bf3-371d6b7239ff,ab1e493f-facc-4297-9016-868331b82d54,2026-01-08 03:44:42.724980,explore,36.3,flower,14.68,49.02
edf85f84-8970-4458-a67a-794bf17d45d1,94c0f82c-7c85-4c39-9bf3-371d6b7239ff,ab1e493f-facc-4297-9016-868331b82d54,2026-01-08 03:44:49.724980,explore,45.1,flower,10.72,82.67
009333ba-f8d6-4185-b012-e88da7c32c28,94c0f82c-7c85-4c39-9bf3-371d6b7239ff,ab1e493f-facc-4297-9016-868331b82d54,2026-01-08 03:45:02.724980,explore,32.1,cube,83.11,3.24
720a082a-56ef-4e17-ae57-5222f2a3ce74,94c0f82c-7c85-4c39-9bf3-371d6b7239ff,ab1e493f-facc-4297-9016-868331b82d54,2026-01-08 03:45:21.724980,explore,36.1,cube,69.48,34.39
04923e80-5036-4b8b-82cb-aa58f425fc85,94c0f82c-7c85-4c39-9bf3-371d6b7239ff,ab1e493f-facc-4297-9016-868331b82d54,2026-01-08 03:45:28.724980,spawn_object,42.0,cube,90.01,86.45
38ca4ba8-db58-435a-bbdc-8db370326623,94c0f82c-7c85-4c39-9bf3-371d6b7239ff,ab1e493f-facc-4297-9016-868331b82d54,2026-01-08 03:45:57.724980,explore,38.8,cube,60.49,55.23
022a2ea2-8809-42ca-8859-cce6ecbb24ef,94c0f82c-7c85-4c39-9bf3-371d6b7239ff,ab1e493f-facc-4297-9016-868331b82d54,2026-01-08 03:46:22.724980,explore,37.0,paintbrush,76.04,42.56
2182c93d-ae63-41b7-b2a1-bb397b3c1263,94c0f82c-7c85-4c39-9bf3-371d6b7239ff,ab1e493f-facc-4297-9016-868331b82d54,2026-01-08 03:46:34.724980,explore,38.5,flower,80.36,62.43
5c342382-394a-470a-9110-d613c92b7e4c,94c0f82c-7c85-4c39-9bf3-371d6b7239ff,ab1e493f-facc-4297-9016-868331b82d54,2026-01-08 03:46:57.724980,explore,37.3,cube,94.24,59.41
c2ea677b-bbfe-4d30-ad22-050ba9e1b2ec,94c0f82c-7c85-4c39-9bf3-371d6b7239ff,ab1e493f-facc-4297-9016-868331b82d54,2026-01-08 03:47:17.724980,explore,39.7,flower,64.89,7.07
e5fa24bd-4324-45ca-89f0-2ee59a39d934,c7a3c459-087a-42e5-b030-ef73753d1b27,f406eead-7a55-4156-94a1-7e1efc0fbc67,2026-01-08 08:18:28.724980,explore,38.8,cube,21.88,37.17
86cc36ce-4551-4afd-8851-4c08d14de013,c7a3c459-087a-42e5-b030-ef73753d1b27,f406eead-7a55-4156-94a1-7e1efc0fbc67,2026-01-08 08:18:51.724980,explore,30.9,flower,51.18,61.73
08f76ec7-b164-48d7-b5a3-caa19e68c666,c7a3c459-087a-42e5-b030-ef73753d1b27,f406eead-7a55-4156-94a1-7e1efc0fbc67,2026-01-08 08:19:03.724980,wave,35.1,flower,26.37,48.59
dde445c0-383d-4556-ab69-84ee7c57afcb,c7a3c459-087a-42e5-b030-ef73753d1b27,f406eead-7a55-4156-94a1-7e1efc0fbc67,2026-01-08 08:19:13.724980,explore,45.5,cube,89.68,91.07
8f9263f9-85df-4828-9d4b-df797347b480,c7a3c459-087a-42e5-b030-ef73753d1b27,f406eead-7a55-4156-94a1-7e1efc0fbc67,2026-01-08 08:19:36.724980,explore,37.1,cube,4.39,38.67
a9429a04-bde8-40df-a182-de62ef77b6ab,c7a3c459-087a-42e5-b030-ef73753d1b27,f406eead-7a55-4156-94a1-7e1efc0fbc67,2026-01-08 08:19:47.724980,explore,38.3,flower,97.71,1.2
ab167501-2efd-47f4-bcb8-c9ff210bd610,c7a3c459-087a-42e5-b030-ef73753d1b27,f406eead-7a55-4156-94a1-7e1efc0fbc67,2026-01-08 08:20:06.724980,spawn_object,43.9,flower,27.3,54.29
e911ab96-30f7-4ac8-8989-fd135f1cc40c,c7a3c459-087a-42e5-b030-ef73753d1b27,f406eead-7a55-4156-94a1-7e1efc0fbc67,2026-01-08 08:20:26.724980,explore,33.2,flower,1.1,17.93
f6f6efa8-ec5d-41d8-b289-10a76a709b11,c7a3c459-087a-42e5-b030-ef73753d1b27,f406eead-7a55-4156-94a1-7e1efc0fbc67,2026-01-08 08:20:52.724980,spawn_object,50.6,flower,76.73,59.87
b2c37d6e-6ff7-4887-879a-0316a9f3a528,c7a3c459-087a-42e5-b030-ef73753d1b27,f406eead-7a55-4156-94a1-7e1efc0fbc67,2026-01-08 08:21:09.724980,wave,44.2,flower,39.39,41.78
6e072265-3078-492f-921e-9fcc3ffede41,c7a3c459-087a-42e5-b030-ef73753d1b27,f406eead-7a55-4156-94a1-7e1efc0fbc67,2026-01-08 08:21:31.724980,wave,41.5,paintbrush,92.67,45.21
9c0ad17a-4115-40ca-a711-0ad208935804,c7a3c459-087a-42e5-b030-ef73753d1b27,f406eead-7a55-4156-94a1-7e1efc0fbc67,2026-01-08 08:21:49.724980,explore,41.1,cube,85.85,49.44
c3eefd41-8bc7-4a5a-8e8e-3a8d8ec95790,c7a3c459-087a-42e5-b030-ef73753d1b27,f406eead-7a55-4156-94a1-7e1efc0fbc67,2026-01-08 08:22:14.724980,wave,36.1,cube,52.53,84.67
e2b1aa21-447b-4a3a-bc2e-893f1ec2a1a1,c7a3c459-087a-42e5-b030-ef73753d1b27,f406eead-7a55-4156-94a1-7e1efc0fbc67,2026-01-08 08:22:21.724980,wave,43.4,cube,21.43,86.6
9b4c65c3-fddb-450c-b9f6-ab11b4dacd55,c7a3c459-087a-42e5-b030-ef73753d1b27,f406eead-7a55-4156-94a1-7e1efc0fbc67,2026-01-08 08:22:50.724980,explore,41.9,flower,32.97,59.52
c27833d0-a666-40a8-b52f-5f781e3d3a10,c7a3c459-087a-42e5-b030-ef73753d1b27,f406eead-7a55-4156-94a1-7e1efc0fbc67,2026-01-08 08:22:58.724980,explore,30.1,flower,75.17,97.07
9912dfca-72d7-4dd2-9466-de92a50d2cd7,c7a3c459-087a-42e5-b030-ef73753d1b27,f406eead-7a55-4156-94a1-7e1efc0fbc67,2026-01-08 08:23:14.724980,explore,42.0,paintbrush,1.1,98.45
6889dd7f-e3df-494b-bb2c-44723ed64eb9,c7a3c459-087a-42e5-b030-ef73753d1b27,f406eead-7a55-4156-94a1-7e1efc0fbc67,2026-01-08 08:23:21.724980,explore,33.6,paintbrush,65.76,35.82
7d9f661e-c9a2-4a00-93e9-34c232ff9efa,c7a3c459-087a-42e5-b030-ef73753d1b27,f406eead-7a55-4156-94a1-7e1efc0fbc67,2026-01-08 08:23:40.724980,explore,27.6,flower,87.26,14.08
00fb2316-d3df-42d7-942f-5376c5b519a1,c7a3c459-087a-42e5-b030-ef73753d1b27,f406eead-7a55-4156-94a1-7e1efc0fbc67,2026-01-08 08:24:01.724980,explore,45.9,flower,15.43,11.31
1bcdc3a8-373a-46c8-ba33-03cac23e2de6,c7a3c459-087a-42e5-b030-ef73753d1b27,f406eead-7a55-4156-94a1-7e1efc0fbc67,2026-01-08 08:24:18.724980,explore,36.8,cube,53.96,52.36
7319a387-22c1-42f0-9435-5d082f1fdd12,c7a3c459-087a-42e5-b030-ef73753d1b27,f406eead-7a55-4156-94a1-7e1efc0fbc67,2026-01-08 08:24:39.724980,explore,44.5,flower,1.91,3.53
304cafea-cfc5-4fc7-a43e-ead233589b1b,c7a3c459-087a-42e5-b030-ef73753d1b27,f406eead-7a55-4156-94a1-7e1efc0fbc67,2026-01-08 08:24:47.724980,explore,37.9,flower,58.0,92.7
49573d6a-8a0c-41eb-961c-ca7eac9e5a33,c7a3c459-087a-42e5-b030-ef73753d1b27,f406eead-7a55-4156-94a1-7e1efc0fbc67,2026-01-08 08:25:12.724980,explore,43.6,cube,72.2,58.58
357046dd-6e3d-4799-9dad-2379a301b133,c7a3c459-087a-42e5-b030-ef73753d1b27,f406eead-7a55-4156-94a1-7e1efc0fbc67,2026-01-08 08:25:26.724980,spawn_object,42.2,cube,32.73,35.73
021f838a-8c68-43c0-9449-21cefdc957ed,c7a3c459-087a-42e5-b030-ef73753d1b27,f406eead-7a55-4156-94a1-7e1efc0fbc67,2026-01-08 08:25:32.724980,explore,34.1,paintbrush,79.29,87.03
390205f4-2aa4-4930-a208-d42e4a95a0f6,c7a3c459-087a-42e5-b030-ef73753d1b27,f406eead-7a55-4156-94a1-7e1efc0fbc67,2026-01-08 08:26:02.724980,wave,42.2,cube,73.68,71.08
6474c575-599a-4e8e-80f6-1ae92e9b6b2d,c7a3c459-087a-42e5-b030-ef73753d1b27,f406eead-7a55-4156-94a1-7e1efc0fbc67,2026-01-08 08:26:28.724980,explore,42.1,paintbrush,48.73,22.53
9d2d7e45-d7bc-4ee7-91b6-859405ee391a,c7a3c459-087a-42e5-b030-ef73753d1b27,f406eead-7a55-4156-94a1-7e1efc0fbc67,2026-01-08 08:26:36.724980,explore,36.2,cube,39.0,50.1
0ec6e96c-076b-4491-a27a-b3dcae89849a,c7a3c459-087a-42e5-b030-ef73753d1b27,f406eead-7a55-4156-94a1-7e1efc0fbc67,2026-01-08 08:26:53.724980,explore,35.0,flower,81.02,35.49
7ab5304d-7a00-4a1a-8216-65aaeb7f2f13,c7a3c459-087a-42e5-b030-ef73753d1b27,f406eead-7a55-4156-94a1-7e1efc0fbc67,2026-01-08 08:27:15.724980,spawn_object,26.2,cube,75.29,12.39
4d9aa89c-e0cb-47db-8378-ec9860570255,d2d38618-4988-4db3-8a42-da00f7b91c14,98773f2b-4503-4410-aee8-7014620b3990,2026-01-07 22:24:13.724980,spawn_object,40.7,cube,27.0,26.5
6f0dfdc5-287c-4299-8cc6-b2a90f08d717,d2d38618-4988-4db3-8a42-da00f7b91c14,98773f2b-4503-4410-aee8-7014620b3990,2026-01-07 22:24:31.724980,wave,37.2,flower,96.38,41.53
f8fb0075-10ad-4964-87da-33de83ee9d7d,d2d38618-4988-4db3-8a42-da00f7b91c14,98773f2b-4503-4410-aee8-7014620b3990,2026-01-07 22:24:49.724980,spawn_object,33.8,cube,31.22,60.27
5a57a87f-d8a6-48a3-a6b2-862f62142720,d2d38618-4988-4db3-8a42-da00f7b91c14,98773f2b-4503-4410-aee8-7014620b3990,2026-01-07 22:25:18.724980,wave,40.3,flower,38.99,62.72
f2922809-1ad0-4673-bc2f-15e37de8c3c4,d2d38618-4988-4db3-8a42-da00f7b91c14,98773f2b-4503-4410-aee8-7014620b3990,2026-01-07 22:25:34.724980,explore,44.7,flower,36.48,16.8
e56b7ae0-bd23-4fdd-94f0-04d3d9cce394,d2d38618-4988-4db3-8a42-da00f7b91c14,98773f2b-4503-4410-aee8-7014620b3990,2026-01-07 22:25:51.724980,explore,38.4,paintbrush,98.51,43.98
5a251a69-270b-4c51-be3d-06307990feb4,d2d38618-4988-4db3-8a42-da00f7b91c14,98773f2b-4503-4410-aee8-7014620b3990,2026-01-07 22:26:15.724980,explore,35.5,flower,5.52,47.85
792604db-80e9-49da-94c2-a128a5184ca5,d2d38618-4988-4db3-8a42-da00f7b91c14,98773f2b-4503-4410-aee8-7014620b3990,2026-01-07 22:26:29.724980,explore,41.1,flower,14.58,53.77
f1780f3b-1077-4e27-9060-17f45b51f82c,d2d38618-4988-4db3-8a42-da00f7b91c14,98773f2b-4503-4410-aee8-7014620b3990,2026-01-07 22:26:40.724980,wave,31.6,flower,58.86,15.18
771fa1f5-a853-4c96-a1b3-9d29d0c45b68,d2d38618-4988-4db3-8a42-da00f7b91c14,98773f2b-4503-4410-aee8-7014620b3990,2026-01-07 22:26:57.724980,spawn_object,39.8,flower,48.97,45.91
1bbb2f71-e470-49f0-9743-85ddef00a8e6,d2d38618-4988-4db3-8a42-da00f7b91c14,98773f2b-4503-4410-aee8-7014620b3990,2026-01-07 22:27:12.724980,explore,37.1,paintbrush,30.16,30.78
22846bca-26cd-43ad-8d51-dd4585d89b3a,d2d38618-4988-4db3-8a42-da00f7b91c14,98773f2b-4503-4410-aee8-7014620b3990,2026-01-07 22:27:41.724980,wave,39.0,cube,56.76,52.48
37dd0566-c065-4ca1-997d-6b2e897e8cb4,ad52e6d5-e270-445b-8502-fdc55c960887,cc408e52-db61-4253-8da4-1b33af04b369,2026-01-07 19:37:21.724980,explore,56.5,cube,45.83,20.3
5d655f9f-db01-437c-bfe1-439613deeb93,ad52e6d5-e270-445b-8502-fdc55c960887,cc408e52-db61-4253-8da4-1b33af04b369,2026-01-07 19:37:50.724980,explore,40.1,cube,71.21,99.66
1625fc3b-817e-4aa7-a3f1-b06b656503ad,ad52e6d5-e270-445b-8502-fdc55c960887,cc408e52-db61-4253-8da4-1b33af04b369,2026-01-07 19:37:57.724980,wave,37.3,cube,17.24,92.07
441c0ec1-a28b-4155-a71a-1b0fdf0ba1b1,ad52e6d5-e270-445b-8502-fdc55c960887,cc408e52-db61-4253-8da4-1b33af04b369,2026-01-07 19:38:09.724980,explore,49.5,paintbrush,16.38,54.98
861a9119-ffc2-45e0-8f97-7b36cd8a8cbb,ad52e6d5-e270-445b-8502-fdc55c960887,cc408e52-db61-4253-8da4-1b33af04b369,2026-01-07 19:38:28.724980,explore,39.0,flower,37.17,33.19
0286865c-e4c3-4821-8439-720c678c33af,ad52e6d5-e270-445b-8502-fdc55c960887,cc408e52-db61-4253-8da4-1b33af04b369,2026-01-07 19:38:34.724980,wave,43.3,paintbrush,72.85,17.45
a619cb96-df19-4c2c-a4ce-f8f6fea38e83,ad52e6d5-e270-445b-8502-fdc55c960887,cc408e52-db61-4253-8da4-1b33af04b369,2026-01-07 19:39:02.724980,explore,44.7,cube,97.81,42.42
1c2ae300-b6dd-4380-b65a-1e1382b859aa,ad52e6d5-e270-445b-8502-fdc55c960887,cc408e52-db61-4253-8da4-1b33af04b369,2026-01-07 19:39:12.724980,wave,35.2,flower,35.12,80.9
b8d7f5b2-4d3b-41e2-ba1f-9dbdc6af58c0,ad52e6d5-e270-445b-8502-fdc55c960887,cc408e52-db61-4253-8da4-1b33af04b369,2026-01-07 19:39:29.724980,explore,31.2,cube,46.68,36.58
da32ba35-6b9e-49a9-9dc6-5980bea17668,ad52e6d5-e270-445b-8502-fdc55c960887,cc408e52-db61-4253-8da4-1b33af04b369,2026-01-07 19:39:47.724980,explore,35.7,paintbrush,29.25,85.39
3d90620e-0e95-4176-9a4d-f45175468af2,ad52e6d5-e270-445b-8502-fdc55c960887,cc408e52-db61-4253-8da4-1b33af04b369,2026-01-07 19:40:12.724980,explore,37.0,flower,26.42,99.96
969d4182-bbe5-44c2-be5a-136f97b83168,ad52e6d5-e270-445b-8502-fdc55c960887,cc408e52-db61-4253-8da4-1b33af04b369,2026-01-07 19:40:26.724980,wave,31.6,flower,1.0,17.7
2d05e946-5eaf-4b2c-93bb-09de8a0323d9,ad52e6d5-e270-445b-8502-fdc55c960887,cc408e52-db61-4253-8da4-1b33af04b369,2026-01-07 19:40:36.724980,wave,45.6,cube,45.28,82.99
6d198ce9-d805-48da-91b8-14f09699940e,ad52e6d5-e270-445b-8502-fdc55c960887,cc408e52-db61-4253-8da4-1b33af04b369,2026-01-07 19:40:59.724980,explore,30.4,flower,25.35,53.22
c4da0050-f01f-4322-980d-2140b31c574e,ad52e6d5-e270-445b-8502-fdc55c960887,cc408e52-db61-4253-8da4-1b33af04b369,2026-01-07 19:41:24.724980,explore,38.1,flower,4.05,7.0
be6c1aaf-9b6a-45e0-9f7b-1a80d3fb4a10,ad52e6d5-e270-445b-8502-fdc55c960887,cc408e52-db61-4253-8da4-1b33af04b369,2026-01-07 19:41:48.724980,wave,42.2,paintbrush,58.84,72.47
9bc094b7-bb3a-44c5-8024-07272057945a,ad52e6d5-e270-445b-8502-fdc55c960887,cc408e52-db61-4253-8da4-1b33af04b369,2026-01-07 19:41:56.724980,wave,27.0,cube,49.11,44.1
4306ee05-14d3-47aa-b2d2-fece070610a6,ad52e6d5-e270-445b-8502-fdc55c960887,cc408e52-db61-4253-8da4-1b33af04b369,2026-01-07 19:42:23.724980,wave,42.4,flower,77.37,9.9
cd266c15-71e7-480f-9026-b5a6dfe958bc,ad52e6d5-e270-445b-8502-fdc55c960887,cc408e52-db61-4253-8da4-1b33af04b369,2026-01-07 19:42:45.724980,explore,33.5,flower,3.44,11.62
121e0724-83d6-4cc9-967a-6c80377f6a64,ad52e6d5-e270-445b-8502-fdc55c960887,cc408e52-db61-4253-8da4-1b33af04b369,2026-01-07 19:43:12.724980,explore,46.4,flower,52.04,33.03
fc3b5538-1bab-45ee-bf02-e0e077186a89,ad52e6d5-e270-445b-8502-fdc55c960887,cc408e52-db61-4253-8da4-1b33af04b369,2026-01-07 19:43:31.724980,explore,41.6,flower,83.92,50.65
365b2f30-f2fd-44d9-bcb3-187344c4b866,ad52e6d5-e270-445b-8502-fdc55c960887,cc408e52-db61-4253-8da4-1b33af04b369,2026-01-07 19:43:39.724980,explore,42.3,paintbrush,79.76,15.09
8cc24ee5-3c75-486d-aa29-a79554838670,ad52e6d5-e270-445b-8502-fdc55c960887,cc408e52-db61-4253-8da4-1b33af04b369,2026-01-07 19:43:59.724980,explore,36.7,paintbrush,75.64,49.28
f69a6cd5-22d9-4a58-a9d0-1d60e2f37b81,7b7d04c5-d2ac-4984-b050-852c9d014191,12b17725-ab53-4c52-ab44-c966cf7fd0df,2026-01-08 01:30:33.724980,explore,42.4,flower,10.49,8.0
2b45409a-b445-4838-af6f-d5005412dbdc,7b7d04c5-d2ac-4984-b050-852c9d014191,12b17725-ab53-4c52-ab44-c966cf7fd0df,2026-01-08 01:30:57.724980,wave,41.8,paintbrush,26.27,66.88
d328aa42-dceb-404f-9974-aa5f5f4e3478,7b7d04c5-d2ac-4984-b050-852c9d014191,12b17725-ab53-4c52-ab44-c966cf7fd0df,2026-01-08 01:31:02.724980,wave,36.9,flower,86.59,2.94
b8ceba4e-ed55-41aa-9ed9-00bcec2a442a,7b7d04c5-d2ac-4984-b050-852c9d014191,12b17725-ab53-4c52-ab44-c966cf7fd0df,2026-01-08 01:31:16.724980,explore,35.8,paintbrush,77.32,96.18
c6aebe05-6f2d-43f0-936a-64d73b61d79f,7b7d04c5-d2ac-4984-b050-852c9d014191,12b17725-ab53-4c52-ab44-c966cf7fd0df,2026-01-08 01:31:43.724980,explore,46.2,flower,65.34,3.7
7086af78-6a16-42e1-a5bb-180e4e8bb657,7b7d04c5-d2ac-4984-b050-852c9d014191,12b17725-ab53-4c52-ab44-c966cf7fd0df,2026-01-08 01:32:07.724980,spawn_object,40.3,paintbrush,87.2,1.13
bd38a8b5-fe21-4216-8b2e-b43abf9e7b47,7b7d04c5-d2ac-4984-b050-852c9d014191,12b17725-ab53-4c52-ab44-c966cf7fd0df,2026-01-08 01:32:19.724980,explore,45.3,paintbrush,88.84,29.53
a06c880b-3d08-4e4f-8ead-dea3c4835c6b,7b7d04c5-d2ac-4984-b050-852c9d014191,12b17725-ab53-4c52-ab44-c966cf7fd0df,2026-01-08 01:32:35.724980,explore,34.7,cube,72.51,60.7
b6069db4-7f5c-49c6-aa3e-2ef9db577c9e,7b7d04c5-d2ac-4984-b050-852c9d014191,12b17725-ab53-4c52-ab44-c966cf7fd0df,2026-01-08 01:32:49.724980,explore,42.8,paintbrush,48.46,90.32
a0c1ce87-6cfb-46f3-8c05-287619bde8e0,7b7d04c5-d2ac-4984-b050-852c9d014191,12b17725-ab53-4c52-ab44-c966cf7fd0df,2026-01-08 01:32:55.724980,explore,46.8,paintbrush,58.85,30.6
963395d5-8782-49d9-af30-6c59f6e43613,7b7d04c5-d2ac-4984-b050-852c9d014191,12b17725-ab53-4c52-ab44-c966cf7fd0df,2026-01-08 01:33:20.724980,explore,48.3,flower,76.35,48.63
2ace1879-17e9-4cff-a0c1-4b3d23cad48b,7b7d04c5-d2ac-4984-b050-852c9d014191,12b17725-ab53-4c52-ab44-c966cf7fd0df,2026-01-08 01:33:30.724980,wave,48.2,flower,0.8,18.3
e2587fa1-2a85-419d-8918-524e743f95d1,7b7d04c5-d2ac-4984-b050-852c9d014191,12b17725-ab53-4c52-ab44-c966cf7fd0df,2026-01-08 01:33:53.724980,explore,39.1,flower,18.31,36.11
f34b27e0-0d6c-4635-8e96-7bf19de3e9b2,7b7d04c5-d2ac-4984-b050-852c9d014191,12b17725-ab53-4c52-ab44-c966cf7fd0df,2026-01-08 01:34:22.724980,explore,38.6,flower,56.23,65.82
bde45333-4d7a-449a-b85d-cebd5374b135,7b7d04c5-d2ac-4984-b050-852c9d014191,12b17725-ab53-4c52-ab44-c966cf7fd0df,2026-01-08 01:34:47.724980,explore,45.7,paintbrush,87.41,45.83
39fc3ad9-63bd-4c33-b820-277c4ce1a8c9,7b7d04c5-d2ac-4984-b050-852c9d014191,12b17725-ab53-4c52-ab44-c966cf7fd0df,2026-01-08 01:35:06.724980,explore,32.6,flower,6.62,64.71
da038fca-602f-4e5c-ba7a-d42da42b2812,7b7d04c5-d2ac-4984-b050-852c9d014191,12b17725-ab53-4c52-ab44-c966cf7fd0df,2026-01-08 01:35:31.724980,explore,50.3,flower,68.15,43.69
7feea83f-e89e-4b90-9ea0-fe3fbcfbb97c,7b7d04c5-d2ac-4984-b050-852c9d014191,12b17725-ab53-4c52-ab44-c966cf7fd0df,2026-01-08 01:35:53.724980,wave,42.8,flower,22.69,80.99
f6277ca2-cf45-451f-8c88-228ad6120776,7b7d04c5-d2ac-4984-b050-852c9d014191,12b17725-ab53-4c52-ab44-c966cf7fd0df,2026-01-08 01:36:10.724980,explore,40.9,paintbrush,44.29,58.21
a1eb7ed0-025d-4f28-a879-eb67f440ae7b,7b7d04c5-d2ac-4984-b050-852c9d014191,12b17725-ab53-4c52-ab44-c966cf7fd0df,2026-01-08 01:36:25.724980,explore,44.1,flower,23.37,60.84
db52b19a-11b3-4c2c-9317-1be462874574,7b7d04c5-d2ac-4984-b050-852c9d014191,12b17725-ab53-4c52-ab44-c966cf7fd0df,2026-01-08 01:36:41.724980,explore,42.4,flower,77.53,88.07
f22978d6-8171-4923-a3a0-5b2a1b66920f,7b7d04c5-d2ac-4984-b050-852c9d014191,12b17725-ab53-4c52-ab44-c966cf7fd0df,2026-01-08 01:37:06.724980,wave,39.5,paintbrush,11.37,59.01
f14d9a67-1447-4317-acb1-69cd2b13c87e,649e623c-c93f-4786-b0d9-60dc33ee601e,b8089c03-7196-4a5f-9935-944cdb60bfa7,2026-01-08 04:53:33.724980,spawn_object,40.7,flower,91.53,25.8
0c758960-8094-4138-b7ee-60436ae3688f,649e623c-c93f-4786-b0d9-60dc33ee601e,b8089c03-7196-4a5f-9935-944cdb60bfa7,2026-01-08 04:53:42.724980,explore,43.2,flower,45.59,41.22
851280cd-4405-4261-8f1e-703883135dda,649e623c-c93f-4786-b0d9-60dc33ee601e,b8089c03-7196-4a5f-9935-944cdb60bfa7,2026-01-08 04:54:08.724980,wave,37.6,flower,92.65,22.18
2b413cfc-4887-4162-adb5-aa79890189e3,649e623c-c93f-4786-b0d9-60dc33ee601e,b8089c03-7196-4a5f-9935-944cdb60bfa7,2026-01-08 04:54:36.724980,explore,30.0,paintbrush,96.35,76.4
62e84608-c94b-41d1-9b38-4d61275a584f,649e623c-c93f-4786-b0d9-60dc33ee601e,b8089c03-7196-4a5f-9935-944cdb60bfa7,2026-01-08 04:55:05.724980,explore,40.9,flower,12.89,28.6
3e349138-5815-4008-b36c-405b499adfe3,649e623c-c93f-4786-b0d9-60dc33ee601e,b8089c03-7196-4a5f-9935-944cdb60bfa7,2026-01-08 04:55:30.724980,explore,47.9,cube,79.96,77.05
c35afec2-97e3-48ce-a889-6e43c03fea3a,649e623c-c93f-4786-b0d9-60dc33ee601e,b8089c03-7196-4a5f-9935-944cdb60bfa7,2026-01-08 04:55:49.724980,explore,40.3,flower,62.16,39.04
79a3ad0f-41c8-403a-a76a-aa09f8ea0915,649e623c-c93f-4786-b0d9-60dc33ee601e,b8089c03-7196-4a5f-9935-944cdb60bfa7,2026-01-08 04:56:07.724980,spawn_object,37.9,paintbrush,79.11,24.33
ef62fc93-d5fe-480e-8df6-2b24492c9c59,649e623c-c93f-4786-b0d9-60dc33ee601e,b8089c03-7196-4a5f-9935-944cdb60bfa7,2026-01-08 04:56:13.724980,spawn_object,39.0,paintbrush,39.66,78.81
fd4a2eb6-ad9e-4bf0-a39d-d69bff4780f1,649e623c-c93f-4786-b0d9-60dc33ee601e,b8089c03-7196-4a5f-9935-944cdb60bfa7,2026-01-08 04:56:33.724980,explore,40.7,cube,5.88,61.15
1244412b-3b70-438c-bebd-51f2c82ef934,649e623c-c93f-4786-b0d9-60dc33ee601e,b8089c03-7196-4a5f-9935-944cdb60bfa7,2026-01-08 04:57:01.724980,explore,38.5,flower,5.12,28.04
b136b005-4cee-4068-96a2-3e538d0935eb,649e623c-c93f-4786-b0d9-60dc33ee601e,b8089c03-7196-4a5f-9935-944cdb60bfa7,2026-01-08 04:57:17.724980,wave,48.9,cube,24.09,86.97
229420f8-c5bf-4a1b-902d-f7790ed05a37,649e623c-c93f-4786-b0d9-60dc33ee601e,b8089c03-7196-4a5f-9935-944cdb60bfa7,2026-01-08 04:57:23.724980,wave,30.6,flower,61.82,73.47
85194d6e-9436-4350-b334-79b6870045ea,649e623c-c93f-4786-b0d9-60dc33ee601e,b8089c03-7196-4a5f-9935-944cdb60bfa7,2026-01-08 04:57:48.724980,explore,40.8,paintbrush,65.47,58.56
a474b960-593e-492a-a1d7-c573c3b64915,649e623c-c93f-4786-b0d9-60dc33ee601e,b8089c03-7196-4a5f-9935-944cdb60bfa7,2026-01-08 04:57:53.724980,wave,40.7,cube,60.97,1.7
f1f9ef43-94df-4008-b739-91004515e7f5,649e623c-c93f-4786-b0d9-60dc33ee601e,b8089c03-7196-4a5f-9935-944cdb60bfa7,2026-01-08 04:58:21.724980,spawn_object,39.1,cube,43.32,93.78
bfffa9af-4ed8-4887-a3b9-4fa3a9df0987,649e623c-c93f-4786-b0d9-60dc33ee601e,b8089c03-7196-4a5f-9935-944cdb60bfa7,2026-01-08 04:58:26.724980,explore,45.0,cube,39.9,52.17
8dd3c2d5-3ceb-40a1-9069-075c527dd9b8,649e623c-c93f-4786-b0d9-60dc33ee601e,b8089c03-7196-4a5f-9935-944cdb60bfa7,2026-01-08 04:58:46.724980,explore,40.6,flower,89.92,69.23
8bfea3c7-deb0-4ec1-bd51-30dd2368b120,649e623c-c93f-4786-b0d9-60dc33ee601e,b8089c03-7196-4a5f-9935-944cdb60bfa7,2026-01-08 04:58:53.724980,wave,43.8,paintbrush,30.4,71.89
39862a8d-b2a7-4537-9d3d-4bd5dbf7a388,649e623c-c93f-4786-b0d9-60dc33ee601e,b8089c03-7196-4a5f-9935-944cdb60bfa7,2026-01-08 04:59:17.724980,explore,32.6,paintbrush,49.47,94.67
4f78a4ac-3e4f-44fe-af21-20c470156139,649e623c-c93f-4786-b0d9-60dc33ee601e,b8089c03-7196-4a5f-9935-944cdb60bfa7,2026-01-08 04:59:43.724980,explore,38.6,cube,78.26,54.9
42121d75-923a-4868-b6f7-72cccd6b1b14,649e623c-c93f-4786-b0d9-60dc33ee601e,b8089c03-7196-4a5f-9935-944cdb60bfa7,2026-01-08 04:59:50.724980,explore,44.9,paintbrush,27.12,62.92
9d59015c-6ad6-41f7-88a0-dd832d382b5a,649e623c-c93f-4786-b0d9-60dc33ee601e,b8089c03-7196-4a5f-9935-944cdb60bfa7,2026-01-08 05:00:18.724980,explore,50.7,cube,74.37,71.8
bf224c6a-4623-414c-9a1e-f65829cecc94,649e623c-c93f-4786-b0d9-60dc33ee601e,b8089c03-7196-4a5f-9935-944cdb60bfa7,2026-01-08 05:00:26.724980,explore,30.7,flower,99.79,5.99
ad24e1fa-cb33-4b99-ac95-21a9a0f4ebb9,649e623c-c93f-4786-b0d9-60dc33ee601e,b8089c03-7196-4a5f-9935-944cdb60bfa7,2026-01-08 05:00:48.724980,spawn_object,32.5,paintbrush,46.72,62.86
5477c0eb-c809-4a2a-a615-c8a560a332d1,649e623c-c93f-4786-b0d9-60dc33ee601e,b8089c03-7196-4a5f-9935-944cdb60bfa7,2026-01-08 05:01:18.724980,spawn_object,50.8,flower,6.84,70.46
f82aa870-6190-4532-8276-5529545ab093,649e623c-c93f-4786-b0d9-60dc33ee601e,b8089c03-7196-4a5f-9935-944cdb60bfa7,2026-01-08 05:01:24.724980,explore,37.3,paintbrush,55.11,56.13
4e80ee91-2941-4bb8-9a87-29f2c8c3cd74,649e623c-c93f-4786-b0d9-60dc33ee601e,b8089c03-7196-4a5f-9935-944cdb60bfa7,2026-01-08 05:01:35.724980,explore,33.2,flower,98.3,99.87
f8a15568-3bbd-43f0-ac7c-ff6e8744f701,649e623c-c93f-4786-b0d9-60dc33ee601e,b8089c03-7196-4a5f-9935-944cdb60bfa7,2026-01-08 05:02:04.724980,wave,47.3,cube,60.91,49.96
febcfb64-b8b3-47bc-8977-b78528c0e72c,649e623c-c93f-4786-b0d9-60dc33ee601e,b8089c03-7196-4a5f-9935-944cdb60bfa7,2026-01-08 05:02:29.724980,wave,40.5,cube,0.3,88.3
e020034f-94f4-4052-8df7-c47952dfaa9b,649e623c-c93f-4786-b0d9-60dc33ee601e,b8089c03-7196-4a5f-9935-944cdb60bfa7,2026-01-08 05:02:37.724980,explore,40.4,flower,43.58,67.61
b57c2520-9128-4c93-8ca6-01d80b0c0892,649e623c-c93f-4786-b0d9-60dc33ee601e,b8089c03-7196-4a5f-9935-944cdb60bfa7,2026-01-08 05:02:42.724980,explore,34.9,flower,57.35,88.08
3fa12dc7-8229-495f-9091-1233ff2e7601,649e623c-c93f-4786-b0d9-60dc33ee601e,b8089c03-7196-4a5f-9935-944cdb60bfa7,2026-01-08 05:02:52.724980,wave,38.0,cube,24.85,87.19
097e3edd-b047-48f1-8673-d2f5a80a9379,649e623c-c93f-4786-b0d9-60dc33ee601e,b8089c03-7196-4a5f-9935-944cdb60bfa7,2026-01-08 05:03:10.724980,wave,38.5,paintbrush,15.18,68.61
3054f647-a27d-49c3-92f6-c662dbe5aae5,cb23513b-f29f-41a9-ad97-221f9adde712,0e620b38-77cf-4066-8ccf-a60e5477d2d2,2026-01-08 04:26:22.724980,explore,47.5,cube,33.7,21.53
c6c25c53-2f80-4fd7-8c83-9e6cd4171172,cb23513b-f29f-41a9-ad97-221f9adde712,0e620b38-77cf-4066-8ccf-a60e5477d2d2,2026-01-08 04:26:36.724980,explore,39.3,flower,78.05,33.87
28747a3c-22b0-4f7a-a15d-d3b4c9c3dba6,cb23513b-f29f-41a9-ad97-221f9adde712,0e620b38-77cf-4066-8ccf-a60e5477d2d2,2026-01-08 04:26:54.724980,spawn_object,40.5,cube,68.06,75.69
8666185f-4ab5-4324-a15a-668100451d15,cb23513b-f29f-41a9-ad97-221f9adde712,0e620b38-77cf-4066-8ccf-a60e5477d2d2,2026-01-08 04:27:13.724980,explore,38.1,flower,82.63,72.62
00071fb3-99f7-4a16-9e07-3341e1257819,cb23513b-f29f-41a9-ad97-221f9adde712,0e620b38-77cf-4066-8ccf-a60e5477d2d2,2026-01-08 04:27:38.724980,wave,38.4,paintbrush,75.28,73.97
6da7209d-77d3-4932-ab51-085639221847,cb23513b-f29f-41a9-ad97-221f9adde712,0e620b38-77cf-4066-8ccf-a60e5477d2d2,2026-01-08 04:28:03.724980,explore,44.3,paintbrush,75.14,57.4
4a2ba09e-8fe0-4d80-beb8-269f6a78fb04,cb23513b-f29f-41a9-ad97-221f9adde712,0e620b38-77cf-4066-8ccf-a60e5477d2d2,2026-01-08 04:28:10.724980,explore,44.4,flower,28.58,89.37
5e141d7d-10b7-49b7-91da-1fddd8cd6698,cb23513b-f29f-41a9-ad97-221f9adde712,0e620b38-77cf-4066-8ccf-a60e5477d2d2,2026-01-08 04:28:37.724980,wave,35.5,flower,50.51,50.65
7fd2da80-29a0-4cca-8970-f107fa24b326,cb23513b-f29f-41a9-ad97-221f9adde712,0e620b38-77cf-4066-8ccf-a60e5477d2d2,2026-01-08 04:29:01.724980,explore,31.6,paintbrush,81.4,93.82
2bc764a0-bc2d-47af-9325-a2e01080845c,cb23513b-f29f-41a9-ad97-221f9adde712,0e620b38-77cf-4066-8ccf-a60e5477d2d2,2026-01-08 04:29:29.724980,explore,47.1,flower,16.56,6.12
949e06bf-62e4-4557-9479-5ec7937caf79,cb23513b-f29f-41a9-ad97-221f9adde712,0e620b38-77cf-4066-8ccf-a60e5477d2d2,2026-01-08 04:29:43.724980,wave,36.3,cube,23.03,2.29
e0c4341b-fbf5-474d-b761-a2e4751c96de,cb23513b-f29f-41a9-ad97-221f9adde712,0e620b38-77cf-4066-8ccf-a60e5477d2d2,2026-01-08 04:30:11.724980,explore,35.5,flower,97.04,36.03
77a694ea-6ecd-4b4a-8037-21ece2b7b3d4,cb23513b-f29f-41a9-ad97-221f9adde712,0e620b38-77cf-4066-8ccf-a60e5477d2d2,2026-01-08 04:30:29.724980,spawn_object,33.4,cube,93.72,75.22
2ccbe237-dace-4e58-8af6-0615c8428f0d,cb23513b-f29f-41a9-ad97-221f9adde712,0e620b38-77cf-4066-8ccf-a60e5477d2d2,2026-01-08 04:30:38.724980,explore,34.6,flower,1.59,45.88
42764597-e475-40da-a5e3-55f75cc00507,cb23513b-f29f-41a9-ad97-221f9adde712,0e620b38-77cf-4066-8ccf-a60e5477d2d2,2026-01-08 04:30:54.724980,wave,42.2,flower,25.84,34.3
d19992e0-19ce-45be-8357-3768fc87b104,cb23513b-f29f-41a9-ad97-221f9adde712,0e620b38-77cf-4066-8ccf-a60e5477d2d2,2026-01-08 04:31:00.724980,explore,37.5,flower,73.44,78.37
bac17d91-0543-48e9-bb9c-c3b409dc09fe,cb23513b-f29f-41a9-ad97-221f9adde712,0e620b38-77cf-4066-8ccf-a60e5477d2d2,2026-01-08 04:31:09.724980,explore,31.4,flower,58.36,47.06
3893e1fb-d52c-40e6-90cf-ea1ae314c1bd,cb23513b-f29f-41a9-ad97-221f9adde712,0e620b38-77cf-4066-8ccf-a60e5477d2d2,2026-01-08 04:31:20.724980,explore,35.2,paintbrush,68.18,51.85
75450b0f-97fe-40f2-a70f-803d36eade84,cb23513b-f29f-41a9-ad97-221f9adde712,0e620b38-77cf-4066-8ccf-a60e5477d2d2,2026-01-08 04:31:44.724980,explore,37.7,paintbrush,84.55,75.47
fad8e244-25e0-4739-913f-acb584bdfcfe,cb23513b-f29f-41a9-ad97-221f9adde712,0e620b38-77cf-4066-8ccf-a60e5477d2d2,2026-01-08 04:32:07.724980,spawn_object,37.6,cube,36.1,28.07
03d490a5-75b0-4213-a09f-1bbd85d75d7a,cb23513b-f29f-41a9-ad97-221f9adde712,0e620b38-77cf-4066-8ccf-a60e5477d2d2,2026-01-08 04:32:19.724980,wave,40.6,flower,33.94,10.02
3a7c766d-916d-4354-889d-5ab3b8aa4d43,cb23513b-f29f-41a9-ad97-221f9adde712,0e620b38-77cf-4066-8ccf-a60e5477d2d2,2026-01-08 04:32:46.724980,spawn_object,52.3,flower,85.04,91.82
14ecca72-b166-4f19-ab87-d720b5534253,cb23513b-f29f-41a9-ad97-221f9adde712,0e620b38-77cf-4066-8ccf-a60e5477d2d2,2026-01-08 04:32:58.724980,wave,37.7,flower,22.12,65.32
fd11d383-a34d-4f35-88ee-66770e861655,cb23513b-f29f-41a9-ad97-221f9adde712,0e620b38-77cf-4066-8ccf-a60e5477d2d2,2026-01-08 04:33:04.724980,wave,36.7,cube,87.53,94.67
cfc39639-541e-4b8c-b0c7-995c0b82afd9,cb23513b-f29f-41a9-ad97-221f9adde712,0e620b38-77cf-4066-8ccf-a60e5477d2d2,2026-01-08 04:33:32.724980,wave,41.2,flower,24.31,44.71
584fa361-f248-4b58-87c6-53baf1802030,cb23513b-f29f-41a9-ad97-221f9adde712,0e620b38-77cf-4066-8ccf-a60e5477d2d2,2026-01-08 04:33:39.724980,explore,47.1,flower,62.06,16.57
6849a35d-06e1-4ed7-9a20-a761461853d5,cb23513b-f29f-41a9-ad97-221f9adde712,0e620b38-77cf-4066-8ccf-a60e5477d2d2,2026-01-08 04:34:06.724980,explore,33.0,flower,82.88,95.27
d57cd965-416f-4e10-8c54-7232758fc421,cb23513b-f29f-41a9-ad97-221f9adde712,0e620b38-77cf-4066-8ccf-a60e5477d2d2,2026-01-08 04:34:26.724980,explore,35.5,paintbrush,52.41,72.66
490f3cf0-4f2f-4b8c-84ad-ce995cc2d0cc,cb23513b-f29f-41a9-ad97-221f9adde712,0e620b38-77cf-4066-8ccf-a60e5477d2d2,2026-01-08 04:34:31.724980,wave,44.8,paintbrush,48.86,19.39
16cb5f97-cbae-4e18-982b-84f9ccd64a56,cb23513b-f29f-41a9-ad97-221f9adde712,0e620b38-77cf-4066-8ccf-a60e5477d2d2,2026-01-08 04:34:43.724980,explore,31.6,cube,34.68,41.67
950e1a92-1dd8-4645-8810-b4e4c780665f,cb23513b-f29f-41a9-ad97-221f9adde712,0e620b38-77cf-4066-8ccf-a60e5477d2d2,2026-01-08 04:34:53.724980,explore,48.4,paintbrush,12.79,68.79
9c6aa823-0be1-4375-9fe1-a347463b21e1,cb23513b-f29f-41a9-ad97-221f9adde712,0e620b38-77cf-4066-8ccf-a60e5477d2d2,2026-01-08 04:35:13.724980,explore,41.8,flower,81.23,58.62
c557472d-a015-4d5d-8708-5768bbaad05e,cb23513b-f29f-41a9-ad97-221f9adde712,0e620b38-77cf-4066-8ccf-a60e5477d2d2,2026-01-08 04:35:27.724980,wave,36.9,cube,96.37,20.96
0d3c0888-f53d-44c6-869e-fe182ef4544c,cb23513b-f29f-41a9-ad97-221f9adde712,0e620b38-77cf-4066-8ccf-a60e5477d2d2,2026-01-08 04:35:33.724980,explore,35.4,paintbrush,70.7,86.52
7c57b238-045f-4535-b96a-bbef98d0611a,cb23513b-f29f-41a9-ad97-221f9adde712,0e620b38-77cf-4066-8ccf-a60e5477d2d2,2026-01-08 04:36:01.724980,explore,37.5,paintbrush,85.37,5.52
d39b6be3-be55-4a99-b174-aea1e3d5d414,cb23513b-f29f-41a9-ad97-221f9adde712,0e620b38-77cf-4066-8ccf-a60e5477d2d2,2026-01-08 04:36:10.724980,explore,36.2,cube,64.8,47.08
3e2d3b30-f9c3-4247-8b2c-e615e3721a2a,cb23513b-f29f-41a9-ad97-221f9adde712,0e620b38-77cf-4066-8ccf-a60e5477d2d2,2026-01-08 04:36:17.724980,wave,41.7,cube,53.39,43.19
7d1c375d-a34e-43ee-b409-64f2042e352a,cb23513b-f29f-41a9-ad97-221f9adde712,0e620b38-77cf-4066-8ccf-a60e5477d2d2,2026-01-08 04:36:30.724980,wave,41.8,paintbrush,23.55,30.38
039b274f-860f-47aa-8aea-1e097643bf00,1b2cafb3-fb28-46d7-bea2-f9e649541380,d6ba6cc8-85bc-422c-968c-3f98a869cd9b,2026-01-08 07:55:32.724980,touch,74.2,asset_gun_01,7.1,50.65
d585d50f-6e3c-460b-92af-1114b3948295,1b2cafb3-fb28-46d7-bea2-f9e649541380,d6ba6cc8-85bc-422c-968c-3f98a869cd9b,2026-01-08 07:55:51.724980,touch,73.7,asset_siren,17.81,69.99
e7773407-da6d-4237-9087-4161caed74bf,1b2cafb3-fb28-46d7-bea2-f9e649541380,d6ba6cc8-85bc-422c-968c-3f98a869cd9b,2026-01-08 07:56:20.724980,spawn_object,82.4,cube,87.55,97.14
ddd0f39f-6705-4a31-85f4-e340627e7cb4,1b2cafb3-fb28-46d7-bea2-f9e649541380,d6ba6cc8-85bc-422c-968c-3f98a869cd9b,2026-01-08 07:56:47.724980,spawn_object,89.6,asset_gun_01,85.74,54.3
5eda9f65-daca-4b5a-88ca-2659ecc6ede6,1b2cafb3-fb28-46d7-bea2-f9e649541380,d6ba6cc8-85bc-422c-968c-3f98a869cd9b,2026-01-08 07:57:06.724980,spawn_object,66.4,asset_siren,78.19,8.04
91b69ef4-ba05-4cbd-9d49-2f9ab48479db,1b2cafb3-fb28-46d7-bea2-f9e649541380,d6ba6cc8-85bc-422c-968c-3f98a869cd9b,2026-01-08 07:57:36.724980,spawn_object,97.1,asset_gun_01,40.71,55.12
eb72bddf-6e42-4d5f-aef8-8da8d11255c7,1b2cafb3-fb28-46d7-bea2-f9e649541380,d6ba6cc8-85bc-422c-968c-3f98a869cd9b,2026-01-08 07:58:03.724980,touch,96.4,asset_gun_01,25.25,51.91
bdb4e157-1ee5-4d80-8636-7f446c346887,1b2cafb3-fb28-46d7-bea2-f9e649541380,d6ba6cc8-85bc-422c-968c-3f98a869cd9b,2026-01-08 07:58:27.724980,spawn_object,86.8,cube,38.5,54.46
6dabe0f6-3716-48d4-8230-e1b0cdf2f506,1b2cafb3-fb28-46d7-bea2-f9e649541380,d6ba6cc8-85bc-422c-968c-3f98a869cd9b,2026-01-08 07:58:51.724980,spawn_object,84.8,asset_siren,38.99,23.0
c9495e3a-3b08-43ee-8fa9-d76eeb5b48f0,1b2cafb3-fb28-46d7-bea2-f9e649541380,d6ba6cc8-85bc-422c-968c-3f98a869cd9b,2026-01-08 07:59:11.724980,spawn_object,83.6,asset_siren,36.29,54.71
28a6043b-151d-4567-a1a7-453cd5d357cf,1b2cafb3-fb28-46d7-bea2-f9e649541380,d6ba6cc8-85bc-422c-968c-3f98a869cd9b,2026-01-08 07:59:33.724980,touch,97.2,asset_siren,53.88,51.79
caf4fa82-0f77-421c-b75e-43a1f1200a22,1b2cafb3-fb28-46d7-bea2-f9e649541380,d6ba6cc8-85bc-422c-968c-3f98a869cd9b,2026-01-08 08:00:01.724980,spawn_object,100.0,asset_siren,64.78,20.34
e4cf1ebc-c86b-4d4a-b898-b857af13db4f,1b2cafb3-fb28-46d7-bea2-f9e649541380,d6ba6cc8-85bc-422c-968c-3f98a869cd9b,2026-01-08 08:00:09.724980,spawn_object,89.5,asset_siren,0.47,3.63
94891698-e959-4bc0-8256-656cdbfbff62,1b2cafb3-fb28-46d7-bea2-f9e649541380,d6ba6cc8-85bc-422c-968c-3f98a869cd9b,2026-01-08 08:00:31.724980,spawn_object,84.7,asset_gun_01,39.72,84.47
990d2a98-c705-4955-8fc8-7f262138fe46,1b2cafb3-fb28-46d7-bea2-f9e649541380,d6ba6cc8-85bc-422c-968c-3f98a869cd9b,2026-01-08 08:00:50.724980,touch,83.8,asset_gun_01,92.76,8.33
36ef2ded-7986-4368-ba07-44101d92a42a,1b2cafb3-fb28-46d7-bea2-f9e649541380,d6ba6cc8-85bc-422c-968c-3f98a869cd9b,2026-01-08 08:00:56.724980,spawn_object,100.4,asset_siren,9.28,31.37
b799e93c-56ce-49da-8783-f26139fb3d49,1b2cafb3-fb28-46d7-bea2-f9e649541380,d6ba6cc8-85bc-422c-968c-3f98a869cd9b,2026-01-08 08:01:08.724980,touch,89.8,asset_siren,63.89,75.42
d2756013-2243-4872-93f4-f389073381da,1b2cafb3-fb28-46d7-bea2-f9e649541380,d6ba6cc8-85bc-422c-968c-3f98a869cd9b,2026-01-08 08:01:27.724980,spawn_object,84.9,asset_siren,80.04,38.76
f68087a6-7383-4169-918a-1161221e1b54,1b2cafb3-fb28-46d7-bea2-f9e649541380,d6ba6cc8-85bc-422c-968c-3f98a869cd9b,2026-01-08 08:01:47.724980,touch,78.5,asset_siren,95.38,99.91
e803e01a-93cb-4f8a-b30e-48c5754e9784,1b2cafb3-fb28-46d7-bea2-f9e649541380,d6ba6cc8-85bc-422c-968c-3f98a869cd9b,2026-01-08 08:01:58.724980,spawn_object,76.2,asset_gun_01,57.43,23.21
607a83cc-95d3-4fcf-8d3f-8efee0b37bab,1b2cafb3-fb28-46d7-bea2-f9e649541380,d6ba6cc8-85bc-422c-968c-3f98a869cd9b,2026-01-08 08:02:14.724980,spawn_object,65.8,asset_siren,59.99,78.43
5c87bfd4-6d13-4156-9ad6-4596a2edf176,1b2cafb3-fb28-46d7-bea2-f9e649541380,d6ba6cc8-85bc-422c-968c-3f98a869cd9b,2026-01-08 08:02:30.724980,spawn_object,70.8,asset_siren,97.5,50.05
efadc799-08fa-4200-9f9e-18ecaded5f1c,1b2cafb3-fb28-46d7-bea2-f9e649541380,d6ba6cc8-85bc-422c-968c-3f98a869cd9b,2026-01-08 08:02:45.724980,touch,89.6,asset_gun_01,83.37,58.72
e872c49d-d05d-47e0-a233-2302e5490f61,1b2cafb3-fb28-46d7-bea2-f9e649541380,d6ba6cc8-85bc-422c-968c-3f98a869cd9b,2026-01-08 08:03:07.724980,spawn_object,103.5,asset_gun_01,40.86,33.94
877d390c-5da2-459f-98ce-ee7967b60553,1b2cafb3-fb28-46d7-bea2-f9e649541380,d6ba6cc8-85bc-422c-968c-3f98a869cd9b,2026-01-08 08:03:37.724980,spawn_object,66.2,asset_gun_01,77.51,0.89
bbf52ab1-9af1-4a5e-a645-782f8347134a,1b2cafb3-fb28-46d7-bea2-f9e649541380,d6ba6cc8-85bc-422c-968c-3f98a869cd9b,2026-01-08 08:03:49.724980,touch,85.5,asset_gun_01,31.65,32.4
e1f85006-1f4a-438a-83ec-47b356f1b806,1b2cafb3-fb28-46d7-bea2-f9e649541380,d6ba6cc8-85bc-422c-968c-3f98a869cd9b,2026-01-08 08:04:00.724980,spawn_object,92.6,asset_siren,51.01,27.12
c5f6b666-9a2f-4dd5-904c-c64e46976a8e,1b2cafb3-fb28-46d7-bea2-f9e649541380,d6ba6cc8-85bc-422c-968c-3f98a869cd9b,2026-01-08 08:04:18.724980,spawn_object,90.5,asset_siren,74.71,76.37
367c6e10-21e4-4aef-a67a-d542d9b69e89,1b2cafb3-fb28-46d7-bea2-f9e649541380,d6ba6cc8-85bc-422c-968c-3f98a869cd9b,2026-01-08 08:04:37.724980,touch,93.0,cube,77.88,8.37
ff71c0b3-61d4-4185-a951-cdb30c074a9a,1b2cafb3-fb28-46d7-bea2-f9e649541380,d6ba6cc8-85bc-422c-968c-3f98a869cd9b,2026-01-08 08:04:55.724980,spawn_object,82.6,cube,42.63,55.8
be0923df-ab2d-4773-b5e9-741e1acb6f3c,1b2cafb3-fb28-46d7-bea2-f9e649541380,d6ba6cc8-85bc-422c-968c-3f98a869cd9b,2026-01-08 08:05:24.724980,spawn_object,95.0,asset_gun_01,9.01,11.2
e46e2e00-0c67-40e2-bcf2-fba0c19414a1,1b2cafb3-fb28-46d7-bea2-f9e649541380,d6ba6cc8-85bc-422c-968c-3f98a869cd9b,2026-01-08 08:05:44.724980,idle,90.0,asset_gun_01,67.65,31.0
35238901-46e2-47bf-80d2-070339eee493,1b2cafb3-fb28-46d7-bea2-f9e649541380,d6ba6cc8-85bc-422c-968c-3f98a869cd9b,2026-01-08 08:06:05.724980,spawn_object,74.0,asset_siren,10.7,85.05
78a4c98c-df21-482c-a19d-37d3a706b612,1b2cafb3-fb28-46d7-bea2-f9e649541380,d6ba6cc8-85bc-422c-968c-3f98a869cd9b,2026-01-08 08:06:29.724980,spawn_object,91.7,asset_gun_01,82.02,60.45
39bb7174-4702-42de-a8c5-b008091bfcab,1b2cafb3-fb28-46d7-bea2-f9e649541380,d6ba6cc8-85bc-422c-968c-3f98a869cd9b,2026-01-08 08:06:55.724980,spawn_object,81.6,asset_gun_01,80.97,13.16
b4014c6c-cf7a-40c3-9e5c-9c7eac858e71,1b2cafb3-fb28-46d7-bea2-f9e649541380,d6ba6cc8-85bc-422c-968c-3f98a869cd9b,2026-01-08 08:07:20.724980,spawn_object,71.1,asset_gun_01,58.56,26.7
f7cd4199-4f72-4d25-9a36-a5ea6a09d74e,1b2cafb3-fb28-46d7-bea2-f9e649541380,d6ba6cc8-85bc-422c-968c-3f98a869cd9b,2026-01-08 08:07:49.724980,idle,95.1,asset_siren,46.43,90.55
c33876bc-9801-489e-870c-16fa66f83287,1b2cafb3-fb28-46d7-bea2-f9e649541380,d6ba6cc8-85bc-422c-968c-3f98a869cd9b,2026-01-08 08:07:54.724980,touch,80.2,asset_siren,63.91,88.41
0c70db88-c4ff-4698-9985-5c3d5a96c24a,1b2cafb3-fb28-46d7-bea2-f9e649541380,d6ba6cc8-85bc-422c-968c-3f98a869cd9b,2026-01-08 08:08:14.724980,touch,99.3,asset_siren,1.77,73.09
2c98216b-a2bb-4400-b037-7c59cb10f9c0,1b2cafb3-fb28-46d7-bea2-f9e649541380,d6ba6cc8-85bc-422c-968c-3f98a869cd9b,2026-01-08 08:08:23.724980,spawn_object,83.3,asset_gun_01,54.63,82.85
c6cfcf04-6e23-444d-ba53-9b15a606b3ae,1b2cafb3-fb28-46d7-bea2-f9e649541380,d6ba6cc8-85bc-422c-968c-3f98a869cd9b,2026-01-08 08:08:28.724980,spawn_object,90.9,asset_gun_01,76.39,20.15
b5ce42b0-5ff4-4d14-a442-7ded53932d60,1b2cafb3-fb28-46d7-bea2-f9e649541380,d6ba6cc8-85bc-422c-968c-3f98a869cd9b,2026-01-08 08:08:51.724980,touch,79.6,asset_siren,44.59,29.03
28aeef8f-0d71-4301-9b54-03deeec46c2e,1b2cafb3-fb28-46d7-bea2-f9e649541380,d6ba6cc8-85bc-422c-968c-3f98a869cd9b,2026-01-08 08:08:57.724980,spawn_object,65.6,asset_gun_01,58.43,27.13
e16854bb-2793-4066-88bc-bebf324bf401,1b2cafb3-fb28-46d7-bea2-f9e649541380,d6ba6cc8-85bc-422c-968c-3f98a869cd9b,2026-01-08 08:09:15.724980,spawn_object,84.8,asset_gun_01,95.38,73.53
f48afa4f-b55c-482e-9551-612c9c0543b3,1b2cafb3-fb28-46d7-bea2-f9e649541380,d6ba6cc8-85bc-422c-968c-3f98a869cd9b,2026-01-08 08:09:31.724980,spawn_object,94.9,asset_gun_01,31.53,98.33
91a83cac-ab3f-47d8-923e-23231a2e45f9,1b2cafb3-fb28-46d7-bea2-f9e649541380,d6ba6cc8-85bc-422c-968c-3f98a869cd9b,2026-01-08 08:10:01.724980,spawn_object,79.6,cube,20.55,54.57
9058cc6d-9e22-4df6-aabc-ca082f58c9b4,1b2cafb3-fb28-46d7-bea2-f9e649541380,d6ba6cc8-85bc-422c-968c-3f98a869cd9b,2026-01-08 08:10:10.724980,spawn_object,94.6,asset_siren,59.18,15.14
c3eeebd2-6b4d-4808-bc19-f702de97ebe8,1b2cafb3-fb28-46d7-bea2-f9e649541380,d6ba6cc8-85bc-422c-968c-3f98a869cd9b,2026-01-08 08:10:35.724980,touch,86.0,cube,13.27,31.29
05d223e7-dcb9-4c7d-adcc-fbae55b3e7d1,1b2cafb3-fb28-46d7-bea2-f9e649541380,d6ba6cc8-85bc-422c-968c-3f98a869cd9b,2026-01-08 08:10:48.724980,spawn_object,75.9,asset_gun_01,11.09,74.11
1a7dffd9-f6ee-49ec-a5d1-c8fd6d56eb7b,1b2cafb3-fb28-46d7-bea2-f9e649541380,d6ba6cc8-85bc-422c-968c-3f98a869cd9b,2026-01-08 08:10:56.724980,touch,89.5,asset_gun_01,90.68,10.34
8e8edbef-cb6d-4969-840e-4fbb406358c9,1b2cafb3-fb28-46d7-bea2-f9e649541380,d6ba6cc8-85bc-422c-968c-3f98a869cd9b,2026-01-08 08:11:25.724980,idle,87.8,asset_gun_01,27.86,86.07
424018b2-8327-43f7-9b99-6ac72ada279d,1b2cafb3-fb28-46d7-bea2-f9e649541380,d6ba6cc8-85bc-422c-968c-3f98a869cd9b,2026-01-08 08:11:40.724980,spawn_object,84.2,cube,23.41,35.42
62e8891e-2067-438f-9906-fdbdf76e2dc0,1b2cafb3-fb28-46d7-bea2-f9e649541380,d6ba6cc8-85bc-422c-968c-3f98a869cd9b,2026-01-08 08:11:55.724980,touch,80.1,asset_gun_01,56.14,89.3
8fd7219e-9c9a-409f-8281-807db7d73e78,1b2cafb3-fb28-46d7-bea2-f9e649541380,d6ba6cc8-85bc-422c-968c-3f98a869cd9b,2026-01-08 08:12:02.724980,spawn_object,84.5,asset_gun_01,41.33,9.74
024557e8-eebc-449f-8c2e-9e1981bf13c9,1b2cafb3-fb28-46d7-bea2-f9e649541380,d6ba6cc8-85bc-422c-968c-3f98a869cd9b,2026-01-08 08:12:22.724980,touch,84.9,cube,8.82,25.22
d43a805f-8058-43d6-94b6-dd32d80ca0ea,1b2cafb3-fb28-46d7-bea2-f9e649541380,d6ba6cc8-85bc-422c-968c-3f98a869cd9b,2026-01-08 08:12:35.724980,idle,93.6,asset_gun_01,35.35,86.51
da8a55d0-891a-4a5e-a7cb-5d414cbce6d3,1b2cafb3-fb28-46d7-bea2-f9e649541380,d6ba6cc8-85bc-422c-968c-3f98a869cd9b,2026-01-08 08:12:54.724980,spawn_object,81.4,asset_gun_01,11.01,42.19
9aadecb3-5a59-415c-996e-f442d7dcb550,1b2cafb3-fb28-46d7-bea2-f9e649541380,d6ba6cc8-85bc-422c-968c-3f98a869cd9b,2026-01-08 08:13:23.724980,spawn_object,89.8,asset_siren,3.87,82.24
e331c8d2-2d04-4dab-ae56-7095882b4d58,1b2cafb3-fb28-46d7-bea2-f9e649541380,d6ba6cc8-85bc-422c-968c-3f98a869cd9b,2026-01-08 08:13:39.724980,spawn_object,77.6,cube,64.39,81.61
1b5c88aa-b87f-455e-b645-f3592dc9d5fe,1b2cafb3-fb28-46d7-bea2-f9e649541380,d6ba6cc8-85bc-422c-968c-3f98a869cd9b,2026-01-08 08:13:45.724980,spawn_object,94.2,asset_gun_01,58.09,8.45
d8fe0bcf-0d21-42a5-b330-e0261d873d1b,1b2cafb3-fb28-46d7-bea2-f9e649541380,d6ba6cc8-85bc-422c-968c-3f98a869cd9b,2026-01-08 08:13:52.724980,spawn_object,73.5,asset_siren,35.84,27.37
d82c2f73-bb8d-4868-9c93-facc2adc59f5,1b2cafb3-fb28-46d7-bea2-f9e649541380,d6ba6cc8-85bc-422c-968c-3f98a869cd9b,2026-01-08 08:14:07.724980,idle,86.6,asset_gun_01,28.69,2.14
f9d20afa-8bf8-463b-b955-7ed1956977a4,1b2cafb3-fb28-46d7-bea2-f9e649541380,d6ba6cc8-85bc-422c-968c-3f98a869cd9b,2026-01-08 08:14:16.724980,spawn_object,70.3,asset_siren,37.17,2.27
8ea3a6a8-65b8-415c-8e43-83b63a9cd303,1b2cafb3-fb28-46d7-bea2-f9e649541380,d6ba6cc8-85bc-422c-968c-3f98a869cd9b,2026-01-08 08:14:35.724980,touch,83.9,asset_siren,53.52,85.89
a10aa7cb-78af-4e46-ac4c-0ffb608b6b9e,1b2cafb3-fb28-46d7-bea2-f9e649541380,d6ba6cc8-85bc-422c-968c-3f98a869cd9b,2026-01-08 08:15:03.724980,touch,91.5,cube,31.81,62.09
7573f99c-6a01-4bac-87f6-40c5630512e2,1b2cafb3-fb28-46d7-bea2-f9e649541380,d6ba6cc8-85bc-422c-968c-3f98a869cd9b,2026-01-08 08:15:27.724980,touch,84.3,asset_gun_01,2.37,42.77
37bceadc-b64c-4945-a72c-b16f40157665,1b2cafb3-fb28-46d7-bea2-f9e649541380,d6ba6cc8-85bc-422c-968c-3f98a869cd9b,2026-01-08 08:15:42.724980,spawn_object,92.6,asset_siren,34.36,85.79
d5a2f2f4-cf36-4f14-b8b4-3949fd1fd222,1b2cafb3-fb28-46d7-bea2-f9e649541380,d6ba6cc8-85bc-422c-968c-3f98a869cd9b,2026-01-08 08:16:02.724980,spawn_object,92.7,asset_siren,61.93,82.17
587360d2-7cde-4c1d-b44b-8c56c999043e,1b2cafb3-fb28-46d7-bea2-f9e649541380,d6ba6cc8-85bc-422c-968c-3f98a869cd9b,2026-01-08 08:16:28.724980,spawn_object,100.9,asset_siren,29.7,42.4
7f512f6a-7be8-4ac0-857c-40e951c46286,1b2cafb3-fb28-46d7-bea2-f9e649541380,d6ba6cc8-85bc-422c-968c-3f98a869cd9b,2026-01-08 08:16:44.724980,idle,86.7,asset_gun_01,73.4,16.52
2a560c35-94ac-4cd5-a6d0-c0247f174ce0,1b2cafb3-fb28-46d7-bea2-f9e649541380,d6ba6cc8-85bc-422c-968c-3f98a869cd9b,2026-01-08 08:16:54.724980,touch,95.2,asset_siren,53.07,60.8
090132e5-2ded-43b7-9a86-e4b370ee5d1e,1b2cafb3-fb28-46d7-bea2-f9e649541380,d6ba6cc8-85bc-422c-968c-3f98a869cd9b,2026-01-08 08:17:15.724980,touch,83.8,asset_siren,65.37,13.69
9df37ef7-c514-42b6-93a9-a1742d8e0e12,1b2cafb3-fb28-46d7-bea2-f9e649541380,d6ba6cc8-85bc-422c-968c-3f98a869cd9b,2026-01-08 08:17:39.724980,touch,93.8,asset_siren,93.17,26.57
721cc78a-523a-4499-aa4e-282c657b1bdc,1b2cafb3-fb28-46d7-bea2-f9e649541380,d6ba6cc8-85bc-422c-968c-3f98a869cd9b,2026-01-08 08:17:52.724980,spawn_object,73.3,cube,67.18,17.39
f020d875-f789-46ae-8dd4-e284dc414070,1b2cafb3-fb28-46d7-bea2-f9e649541380,d6ba6cc8-85bc-422c-968c-3f98a869cd9b,2026-01-08 08:18:17.724980,touch,114.2,cube,97.86,35.97
a77e5413-352b-410e-86d2-5eb271b777bb,1b2cafb3-fb28-46d7-bea2-f9e649541380,d6ba6cc8-85bc-422c-968c-3f98a869cd9b,2026-01-08 08:18:34.724980,spawn_object,88.7,asset_gun_01,93.39,65.49
a1e4dbc2-271e-49a6-8cc9-ac4437043d20,1b2cafb3-fb28-46d7-bea2-f9e649541380,d6ba6cc8-85bc-422c-968c-3f98a869cd9b,2026-01-08 08:19:04.724980,spawn_object,72.9,asset_gun_01,38.02,5.21
83ee9ad9-193b-412c-b126-69b60ebc98b7,1b2cafb3-fb28-46d7-bea2-f9e649541380,d6ba6cc8-85bc-422c-968c-3f98a869cd9b,2026-01-08 08:19:15.724980,touch,94.1,asset_gun_01,12.19,61.76
5940b767-9eb4-46bf-9e8b-3d3ac2de9376,1b2cafb3-fb28-46d7-bea2-f9e649541380,d6ba6cc8-85bc-422c-968c-3f98a869cd9b,2026-01-08 08:19:33.724980,spawn_object,93.3,asset_siren,88.0,23.41
53422ac2-e491-4aec-878b-5b635ae4f6e8,b367cd33-2272-4ce5-9bde-978a468ed308,49c26728-c18d-4695-926a-eb6b8d284ec8,2026-01-07 22:04:24.724980,explore,40.3,cube,29.74,81.81
6f5df94c-988c-4700-b25e-cc2b49af7aad,b367cd33-2272-4ce5-9bde-978a468ed308,49c26728-c18d-4695-926a-eb6b8d284ec8,2026-01-07 22:04:29.724980,spawn_object,48.7,flower,37.85,66.62
c29d55fd-81ca-4e5f-b872-ee6899045947,b367cd33-2272-4ce5-9bde-978a468ed308,49c26728-c18d-4695-926a-eb6b8d284ec8,2026-01-07 22:04:44.724980,explore,40.6,paintbrush,60.56,51.61
3c1d99f0-55f0-4294-a8d1-3a702b6f6ce1,b367cd33-2272-4ce5-9bde-978a468ed308,49c26728-c18d-4695-926a-eb6b8d284ec8,2026-01-07 22:04:50.724980,spawn_object,45.2,flower,38.37,37.74
7ac29615-52d5-425b-be6c-436eb8a9e268,b367cd33-2272-4ce5-9bde-978a468ed308,49c26728-c18d-4695-926a-eb6b8d284ec8,2026-01-07 22:05:05.724980,explore,51.4,flower,95.84,11.89
79249e57-0d7b-4859-b1f5-09184a34d77c,b367cd33-2272-4ce5-9bde-978a468ed308,49c26728-c18d-4695-926a-eb6b8d284ec8,2026-01-07 22:05:30.724980,spawn_object,34.7,paintbrush,33.32,14.99
1dd98d65-d666-4eba-bb61-a01b2a8241f7,b367cd33-2272-4ce5-9bde-978a468ed308,49c26728-c18d-4695-926a-eb6b8d284ec8,2026-01-07 22:05:41.724980,explore,34.0,flower,68.55,30.71
a71b63ef-4fb6-46cc-8920-19c237c96781,b367cd33-2272-4ce5-9bde-978a468ed308,49c26728-c18d-4695-926a-eb6b8d284ec8,2026-01-07 22:06:08.724980,wave,38.3,flower,21.54,31.08
98d6253c-9fc7-4ec5-a4d3-af2dd573f0f0,b367cd33-2272-4ce5-9bde-978a468ed308,49c26728-c18d-4695-926a-eb6b8d284ec8,2026-01-07 22:06:19.724980,explore,38.2,flower,17.01,98.6
6f563a2b-a14d-484c-8b5e-0f9259b29088,b367cd33-2272-4ce5-9bde-978a468ed308,49c26728-c18d-4695-926a-eb6b8d284ec8,2026-01-07 22:06:31.724980,explore,34.8,paintbrush,98.85,58.99
ad1468fd-692e-4e9b-beac-7cf029842374,b367cd33-2272-4ce5-9bde-978a468ed308,49c26728-c18d-4695-926a-eb6b8d284ec8,2026-01-07 22:06:48.724980,explore,38.9,cube,97.79,47.14
a5b783f7-2c92-4d68-8730-47624156d799,b367cd33-2272-4ce5-9bde-978a468ed308,49c26728-c18d-4695-926a-eb6b8d284ec8,2026-01-07 22:07:03.724980,explore,50.8,cube,58.02,68.68
c2a668dd-b6ba-4eb5-b03f-fcddfb36efa5,b367cd33-2272-4ce5-9bde-978a468ed308,49c26728-c18d-4695-926a-eb6b8d284ec8,2026-01-07 22:07:19.724980,spawn_object,43.1,cube,80.67,29.09
63c24bb8-0c7b-4935-84ee-6fb94e3e3fd2,b367cd33-2272-4ce5-9bde-978a468ed308,49c26728-c18d-4695-926a-eb6b8d284ec8,2026-01-07 22:07:27.724980,explore,39.1,flower,51.19,56.62
fbc670c3-b921-4985-b42b-ccf1706c79f3,b367cd33-2272-4ce5-9bde-978a468ed308,49c26728-c18d-4695-926a-eb6b8d284ec8,2026-01-07 22:07:56.724980,explore,44.0,flower,61.88,68.03
fd419477-f578-46ed-a06d-54d92c6ee2d5,b367cd33-2272-4ce5-9bde-978a468ed308,49c26728-c18d-4695-926a-eb6b8d284ec8,2026-01-07 22:08:24.724980,explore,41.4,flower,68.12,83.26
0e145c5a-4b92-4205-978d-5987c9b67fba,b367cd33-2272-4ce5-9bde-978a468ed308,49c26728-c18d-4695-926a-eb6b8d284ec8,2026-01-07 22:08:32.724980,explore,39.3,paintbrush,34.18,33.01
3fe516c9-40a4-4085-82b5-dc8828fd0e84,b367cd33-2272-4ce5-9bde-978a468ed308,49c26728-c18d-4695-926a-eb6b8d284ec8,2026-01-07 22:08:51.724980,explore,43.9,flower,76.79,60.67
d2efa5b2-7561-4181-8e06-0fb8fb94a2a6,b367cd33-2272-4ce5-9bde-978a468ed308,49c26728-c18d-4695-926a-eb6b8d284ec8,2026-01-07 22:09:12.724980,explore,36.7,flower,74.16,99.77
33a36dcd-2bb8-4f5e-9b87-8117e34a0d1b,b367cd33-2272-4ce5-9bde-978a468ed308,49c26728-c18d-4695-926a-eb6b8d284ec8,2026-01-07 22:09:18.724980,wave,30.0,cube,57.87,56.5
459d9599-d78a-4781-8aef-d5d484aed93c,b367cd33-2272-4ce5-9bde-978a468ed308,49c26728-c18d-4695-926a-eb6b8d284ec8,2026-01-07 22:09:39.724980,wave,40.4,paintbrush,66.41,41.51
63930660-3f5f-45d9-b1f7-460e2db0491e,69d6965a-1e81-4b8b-a3f9-1ce36398e5ee,7dc4c429-7ce1-449a-b060-190bbe16e135,2026-01-07 19:11:28.724980,explore,32.4,flower,64.42,80.38
0ba81de4-824c-46f3-98b4-58979bcfafaa,69d6965a-1e81-4b8b-a3f9-1ce36398e5ee,7dc4c429-7ce1-449a-b060-190bbe16e135,2026-01-07 19:11:48.724980,explore,39.9,cube,82.94,65.83
17a22f2b-82b3-47bd-95f0-56d6ca15091f,69d6965a-1e81-4b8b-a3f9-1ce36398e5ee,7dc4c429-7ce1-449a-b060-190bbe16e135,2026-01-07 19:12:05.724980,explore,44.7,cube,17.89,69.97
73124bed-0cec-4b3b-a2be-bc5747c125f7,69d6965a-1e81-4b8b-a3f9-1ce36398e5ee,7dc4c429-7ce1-449a-b060-190bbe16e135,2026-01-07 19:12:35.724980,wave,40.9,flower,40.21,41.96
0ece759c-6204-44f5-b0f0-7bf7c253b12b,69d6965a-1e81-4b8b-a3f9-1ce36398e5ee,7dc4c429-7ce1-449a-b060-190bbe16e135,2026-01-07 19:12:42.724980,wave,42.8,paintbrush,70.38,84.39
3c672c5c-5fea-4bf2-b33a-6fd5dc6e3ece,69d6965a-1e81-4b8b-a3f9-1ce36398e5ee,7dc4c429-7ce1-449a-b060-190bbe16e135,2026-01-07 19:13:09.724980,explore,43.8,paintbrush,17.51,37.71
58b4e648-c406-40ca-90e3-4f91ef1a271b,69d6965a-1e81-4b8b-a3f9-1ce36398e5ee,7dc4c429-7ce1-449a-b060-190bbe16e135,2026-01-07 19:13:30.724980,explore,50.9,cube,16.05,82.07
2d484f17-4941-49a2-958a-7ee19b0440f2,69d6965a-1e81-4b8b-a3f9-1ce36398e5ee,7dc4c429-7ce1-449a-b060-190bbe16e135,2026-01-07 19:13:42.724980,explore,33.0,flower,39.63,12.08
696e9598-5bb9-4021-b538-3e562930ebc7,69d6965a-1e81-4b8b-a3f9-1ce36398e5ee,7dc4c429-7ce1-449a-b060-190bbe16e135,2026-01-07 19:13:58.724980,explore,33.6,flower,54.19,69.61
060c5cba-be06-489c-b905-25d67f8506e7,69d6965a-1e81-4b8b-a3f9-1ce36398e5ee,7dc4c429-7ce1-449a-b060-190bbe16e135,2026-01-07 19:14:20.724980,explore,38.5,paintbrush,81.4,84.5
3bc1f21b-7aa3-4fd9-a86d-ac64c9aa8285,69d6965a-1e81-4b8b-a3f9-1ce36398e5ee,7dc4c429-7ce1-449a-b060-190bbe16e135,2026-01-07 19:14:48.724980,explore,45.8,paintbrush,53.16,90.47
71809e8f-f6a0-4ffb-a87e-6852d4697ed7,69d6965a-1e81-4b8b-a3f9-1ce36398e5ee,7dc4c429-7ce1-449a-b060-190bbe16e135,2026-01-07 19:15:05.724980,wave,44.3,flower,90.97,6.35
b42c4b66-b73e-44eb-a4d2-b54d0c3f75bc,69d6965a-1e81-4b8b-a3f9-1ce36398e5ee,7dc4c429-7ce1-449a-b060-190bbe16e135,2026-01-07 19:15:35.724980,explore,43.9,paintbrush,9.42,93.18
7b497b0a-1323-4e6c-a2f3-db617027990d,69d6965a-1e81-4b8b-a3f9-1ce36398e5ee,7dc4c429-7ce1-449a-b060-190bbe16e135,2026-01-07 19:15:47.724980,explore,32.5,cube,63.76,92.52
8ccde7f1-b02d-44e3-a004-27162a052cf3,69d6965a-1e81-4b8b-a3f9-1ce36398e5ee,7dc4c429-7ce1-449a-b060-190bbe16e135,2026-01-07 19:16:07.724980,explore,38.1,cube,46.49,52.91
ba2c0c61-cee2-45c1-b2ed-25147da6b294,69d6965a-1e81-4b8b-a3f9-1ce36398e5ee,7dc4c429-7ce1-449a-b060-190bbe16e135,2026-01-07 19:16:15.724980,explore,49.7,paintbrush,66.49,41.99
861c440e-2433-4073-9cf5-8ee58a5c4d01,d384970b-dbbd-4218-9f2c-941692d78d8f,d6144e6c-4f12-4958-a6c3-2c73d48f2ab1,2026-01-07 17:21:26.724980,wave,43.9,cube,41.04,83.86
f5501815-8ef5-4fac-8daa-def4ed62b99a,d384970b-dbbd-4218-9f2c-941692d78d8f,d6144e6c-4f12-4958-a6c3-2c73d48f2ab1,2026-01-07 17:21:35.724980,explore,46.6,cube,21.36,61.83
edb78531-02ca-4e7f-b410-1adb3dd4fb29,d384970b-dbbd-4218-9f2c-941692d78d8f,d6144e6c-4f12-4958-a6c3-2c73d48f2ab1,2026-01-07 17:21:57.724980,explore,41.0,flower,93.83,61.56
77727134-737c-494e-a108-44d6af68f445,d384970b-dbbd-4218-9f2c-941692d78d8f,d6144e6c-4f12-4958-a6c3-2c73d48f2ab1,2026-01-07 17:22:17.724980,explore,41.1,flower,98.78,37.4
ffb07d06-fd6d-4a2c-b439-d86a2dd0e3fb,d384970b-dbbd-4218-9f2c-941692d78d8f,d6144e6c-4f12-4958-a6c3-2c73d48f2ab1,2026-01-07 17:22:47.724980,explore,42.5,cube,53.24,69.78
da6b03b0-de5f-441f-bab3-00a0aec8d40e,d384970b-dbbd-4218-9f2c-941692d78d8f,d6144e6c-4f12-4958-a6c3-2c73d48f2ab1,2026-01-07 17:23:08.724980,explore,39.2,flower,25.99,57.91
7617fdf9-1c4d-4488-a602-6f17b62bb885,d384970b-dbbd-4218-9f2c-941692d78d8f,d6144e6c-4f12-4958-a6c3-2c73d48f2ab1,2026-01-07 17:23:24.724980,explore,39.5,flower,28.1,99.14
77ce9f35-d515-4a1f-87d7-f0c758d79ac7,d384970b-dbbd-4218-9f2c-941692d78d8f,d6144e6c-4f12-4958-a6c3-2c73d48f2ab1,2026-01-07 17:23:52.724980,spawn_object,38.3,flower,76.69,16.07
77d8032b-0fca-4343-a631-f5031bce3738,d384970b-dbbd-4218-9f2c-941692d78d8f,d6144e6c-4f12-4958-a6c3-2c73d48f2ab1,2026-01-07 17:23:58.724980,wave,38.8,paintbrush,64.68,4.78
299d05f2-1d3c-4e60-9a44-41f1ddf5c164,d384970b-dbbd-4218-9f2c-941692d78d8f,d6144e6c-4f12-4958-a6c3-2c73d48f2ab1,2026-01-07 17:24:06.724980,explore,31.9,flower,55.85,86.45
f0f6bbde-7f53-450d-8e8c-bcd52437a59c,d384970b-dbbd-4218-9f2c-941692d78d8f,d6144e6c-4f12-4958-a6c3-2c73d48f2ab1,2026-01-07 17:24:34.724980,explore,44.0,flower,33.27,83.29
ffdb1cdb-d360-41c8-b493-8988c7062950,d384970b-dbbd-4218-9f2c-941692d78d8f,d6144e6c-4f12-4958-a6c3-2c73d48f2ab1,2026-01-07 17:24:55.724980,wave,39.1,paintbrush,35.34,95.56
f351f36d-57b9-42ee-a7ad-a7316e814ae2,d384970b-dbbd-4218-9f2c-941692d78d8f,d6144e6c-4f12-4958-a6c3-2c73d48f2ab1,2026-01-07 17:25:10.724980,explore,49.9,paintbrush,60.07,96.59
bbd7371f-5663-465c-8877-5aad56fefdb8,d384970b-dbbd-4218-9f2c-941692d78d8f,d6144e6c-4f12-4958-a6c3-2c73d48f2ab1,2026-01-07 17:25:29.724980,spawn_object,30.4,flower,45.18,45.28
d053eb51-7153-4ed9-b293-c14ecbe46222,d384970b-dbbd-4218-9f2c-941692d78d8f,d6144e6c-4f12-4958-a6c3-2c73d48f2ab1,2026-01-07 17:25:38.724980,wave,40.2,flower,2.82,72.71
17f5b89b-6e03-4e05-bdc7-c4503b059f90,d384970b-dbbd-4218-9f2c-941692d78d8f,d6144e6c-4f12-4958-a6c3-2c73d48f2ab1,2026-01-07 17:25:59.724980,explore,50.5,paintbrush,35.54,37.27
49736eae-6188-496e-a251-b21ef7c5629f,d384970b-dbbd-4218-9f2c-941692d78d8f,d6144e6c-4f12-4958-a6c3-2c73d48f2ab1,2026-01-07 17:26:19.724980,explore,31.0,paintbrush,91.79,80.01
a0733481-8142-49b4-beba-75a55966dbd4,d384970b-dbbd-4218-9f2c-941692d78d8f,d6144e6c-4f12-4958-a6c3-2c73d48f2ab1,2026-01-07 17:26:32.724980,explore,48.2,cube,54.59,31.76
551d2336-aa87-419b-bd46-a1376cb6beaf,d384970b-dbbd-4218-9f2c-941692d78d8f,d6144e6c-4f12-4958-a6c3-2c73d48f2ab1,2026-01-07 17:26:52.724980,wave,40.2,paintbrush,87.9,23.42
64cb0d53-1d3b-4b7e-b31a-8b7d9dd7fb0f,d384970b-dbbd-4218-9f2c-941692d78d8f,d6144e6c-4f12-4958-a6c3-2c73d48f2ab1,2026-01-07 17:27:13.724980,spawn_object,40.9,paintbrush,2.52,5.46
e0e4dff4-7757-4d15-a955-66b144425fec,d384970b-dbbd-4218-9f2c-941692d78d8f,d6144e6c-4f12-4958-a6c3-2c73d48f2ab1,2026-01-07 17:27:27.724980,wave,49.8,paintbrush,92.15,30.85
0ab8b98c-376b-41c9-9738-4dc866844cee,d384970b-dbbd-4218-9f2c-941692d78d8f,d6144e6c-4f12-4958-a6c3-2c73d48f2ab1,2026-01-07 17:27:51.724980,spawn_object,44.9,paintbrush,57.29,89.95
92259b24-f667-4a53-9235-8a0682e41510,d384970b-dbbd-4218-9f2c-941692d78d8f,d6144e6c-4f12-4958-a6c3-2c73d48f2ab1,2026-01-07 17:28:19.724980,explore,40.2,flower,12.79,6.51
b84ec05a-49c1-4964-9321-208ebbed1fed,d384970b-dbbd-4218-9f2c-941692d78d8f,d6144e6c-4f12-4958-a6c3-2c73d48f2ab1,2026-01-07 17:28:48.724980,explore,36.7,paintbrush,13.18,21.31
c5b60522-8929-4921-829d-918264a7595c,d5169b1b-e413-479c-9012-be091332120c,69d64a1b-4924-4565-888b-cd7aa5a36f35,2026-01-07 20:24:25.724980,explore,49.9,paintbrush,85.57,81.85
42c2fc30-aa06-44f9-ad0c-ae64cf4f338b,d5169b1b-e413-479c-9012-be091332120c,69d64a1b-4924-4565-888b-cd7aa5a36f35,2026-01-07 20:24:45.724980,explore,35.8,flower,40.22,30.41
afbe8a8b-cf01-4c27-a9d7-2b1391b048bb,d5169b1b-e413-479c-9012-be091332120c,69d64a1b-4924-4565-888b-cd7aa5a36f35,2026-01-07 20:24:51.724980,wave,48.2,paintbrush,97.62,19.64
3c4ffdaa-bf77-4111-9ae9-6d227bd4d259,d5169b1b-e413-479c-9012-be091332120c,69d64a1b-4924-4565-888b-cd7aa5a36f35,2026-01-07 20:24:59.724980,wave,39.0,cube,13.99,99.84
00c4d25f-9f97-45f0-88a4-d20feadae765,d5169b1b-e413-479c-9012-be091332120c,69d64a1b-4924-4565-888b-cd7aa5a36f35,2026-01-07 20:25:07.724980,explore,42.7,flower,24.46,33.46
c57d3ad6-6627-4973-844d-496edab7cb9b,d5169b1b-e413-479c-9012-be091332120c,69d64a1b-4924-4565-888b-cd7aa5a36f35,2026-01-07 20:25:20.724980,wave,50.0,flower,90.51,88.83
21a31f9d-314a-4641-9e9f-6e0c3430e653,d5169b1b-e413-479c-9012-be091332120c,69d64a1b-4924-4565-888b-cd7aa5a36f35,2026-01-07 20:25:37.724980,wave,42.3,cube,33.0,23.36
a7ccbbe1-9938-45aa-86a5-3099bd109207,d5169b1b-e413-479c-9012-be091332120c,69d64a1b-4924-4565-888b-cd7aa5a36f35,2026-01-07 20:25:42.724980,wave,35.3,cube,28.89,42.66
fb1a2191-6f97-418d-9a27-9c57e2fbb50b,d5169b1b-e413-479c-9012-be091332120c,69d64a1b-4924-4565-888b-cd7aa5a36f35,2026-01-07 20:25:57.724980,wave,38.6,flower,39.06,80.07
5db7aaec-1a36-42d2-b181-56d4d8c844c6,d5169b1b-e413-479c-9012-be091332120c,69d64a1b-4924-4565-888b-cd7aa5a36f35,2026-01-07 20:26:06.724980,explore,44.0,flower,21.8,72.05
182d9751-9151-411e-9532-ec3768e38eca,d5169b1b-e413-479c-9012-be091332120c,69d64a1b-4924-4565-888b-cd7aa5a36f35,2026-01-07 20:26:21.724980,explore,38.6,flower,33.45,70.84
15726b7e-e77c-4ea9-a855-edd123fbf17f,d5169b1b-e413-479c-9012-be091332120c,69d64a1b-4924-4565-888b-cd7aa5a36f35,2026-01-07 20:26:36.724980,wave,45.7,flower,48.85,11.79
e1b9184f-c727-438f-ad38-3ef99b9dfd75,d5169b1b-e413-479c-9012-be091332120c,69d64a1b-4924-4565-888b-cd7aa5a36f35,2026-01-07 20:26:43.724980,explore,44.3,paintbrush,37.53,20.11
0db080ee-a81a-4476-b0ad-47aa5475a4ec,d5169b1b-e413-479c-9012-be091332120c,69d64a1b-4924-4565-888b-cd7aa5a36f35,2026-01-07 20:26:57.724980,explore,43.1,paintbrush,29.11,55.23
67c34cb3-a8c9-4873-bb21-2c2d7e96d0c0,de820a4e-79cd-4b6b-ab75-2fe87fb557c2,301cb959-1a30-4410-b121-36be67b20ab9,2026-01-08 07:14:11.724980,spawn_object,36.6,paintbrush,83.55,97.29
3877c21d-643d-4722-9d98-589d1e8804ba,de820a4e-79cd-4b6b-ab75-2fe87fb557c2,301cb959-1a30-4410-b121-36be67b20ab9,2026-01-08 07:14:22.724980,spawn_object,36.6,paintbrush,46.91,60.02
4702439d-fe95-4139-9aa5-acd5bfb85ca2,de820a4e-79cd-4b6b-ab75-2fe87fb557c2,301cb959-1a30-4410-b121-36be67b20ab9,2026-01-08 07:14:28.724980,wave,42.8,flower,60.33,60.49
9744e9e4-82f7-4aff-9f91-2e7094b00049,de820a4e-79cd-4b6b-ab75-2fe87fb557c2,301cb959-1a30-4410-b121-36be67b20ab9,2026-01-08 07:14:50.724980,explore,38.0,cube,0.95,81.39
b6cce544-26e8-4037-8ef3-3a27d29772fa,de820a4e-79cd-4b6b-ab75-2fe87fb557c2,301cb959-1a30-4410-b121-36be67b20ab9,2026-01-08 07:15:13.724980,explore,44.8,cube,89.11,28.42
c2dd56ca-0af3-4b2f-a9b7-4cd0df99d1be,de820a4e-79cd-4b6b-ab75-2fe87fb557c2,301cb959-1a30-4410-b121-36be67b20ab9,2026-01-08 07:15:30.724980,explore,43.8,flower,60.16,40.26
76d34c43-709f-4d9a-974c-0cccd7323ca0,de820a4e-79cd-4b6b-ab75-2fe87fb557c2,301cb959-1a30-4410-b121-36be67b20ab9,2026-01-08 07:15:53.724980,explore,34.9,paintbrush,96.23,67.9
86ee84c9-39da-4197-8f5d-4b7314644491,de820a4e-79cd-4b6b-ab75-2fe87fb557c2,301cb959-1a30-4410-b121-36be67b20ab9,2026-01-08 07:16:21.724980,explore,41.2,flower,48.36,46.09
3dd29c78-e807-4e70-a44c-ce50de14b25c,de820a4e-79cd-4b6b-ab75-2fe87fb557c2,301cb959-1a30-4410-b121-36be67b20ab9,2026-01-08 07:16:43.724980,explore,41.6,paintbrush,94.62,61.59
9b199c76-4890-422a-8b6a-c6fcce05ed40,de820a4e-79cd-4b6b-ab75-2fe87fb557c2,301cb959-1a30-4410-b121-36be67b20ab9,2026-01-08 07:16:57.724980,explore,37.7,flower,62.52,33.44
4902010d-f09c-4035-969c-2b2aebd7beae,de820a4e-79cd-4b6b-ab75-2fe87fb557c2,301cb959-1a30-4410-b121-36be67b20ab9,2026-01-08 07:17:12.724980,wave,35.7,paintbrush,26.5,90.06
b2441e1c-1fca-497c-afe1-93bc649b512e,de820a4e-79cd-4b6b-ab75-2fe87fb557c2,301cb959-1a30-4410-b121-36be67b20ab9,2026-01-08 07:17:22.724980,wave,35.8,cube,62.02,10.68
1b07f194-57ff-44d3-9c68-c8158809b9f2,de820a4e-79cd-4b6b-ab75-2fe87fb557c2,301cb959-1a30-4410-b121-36be67b20ab9,2026-01-08 07:17:47.724980,explore,29.7,cube,47.92,36.58
72aeaa53-3f40-4652-b99f-18666c148fc7,de820a4e-79cd-4b6b-ab75-2fe87fb557c2,301cb959-1a30-4410-b121-36be67b20ab9,2026-01-08 07:18:13.724980,explore,35.8,flower,42.65,88.28
becdd5a3-8109-4f5d-81c5-dc6d1c7312dc,de820a4e-79cd-4b6b-ab75-2fe87fb557c2,301cb959-1a30-4410-b121-36be67b20ab9,2026-01-08 07:18:19.724980,wave,32.2,paintbrush,90.62,18.79
7abd630c-3cd6-4a38-901b-b58acabd344a,de820a4e-79cd-4b6b-ab75-2fe87fb557c2,301cb959-1a30-4410-b121-36be67b20ab9,2026-01-08 07:18:44.724980,explore,37.1,paintbrush,22.87,19.05
02bad834-e072-4e08-a085-2f123373e7e4,de820a4e-79cd-4b6b-ab75-2fe87fb557c2,301cb959-1a30-4410-b121-36be67b20ab9,2026-01-08 07:19:07.724980,wave,39.3,paintbrush,37.86,41.75
ecabbb35-b67d-47dc-8663-e68d2e61a426,de820a4e-79cd-4b6b-ab75-2fe87fb557c2,301cb959-1a30-4410-b121-36be67b20ab9,2026-01-08 07:19:21.724980,explore,39.5,cube,89.48,11.47
b972dace-63d2-4ea4-a460-6dd2d34b16bf,de820a4e-79cd-4b6b-ab75-2fe87fb557c2,301cb959-1a30-4410-b121-36be67b20ab9,2026-01-08 07:19:30.724980,spawn_object,37.7,paintbrush,11.93,63.76
43eaaeeb-7824-48ce-863d-e64838445fa5,de820a4e-79cd-4b6b-ab75-2fe87fb557c2,301cb959-1a30-4410-b121-36be67b20ab9,2026-01-08 07:19:41.724980,explore,32.3,cube,37.69,73.72
02d3bddb-e17f-41d1-a7d0-7d0c2e382c97,de820a4e-79cd-4b6b-ab75-2fe87fb557c2,301cb959-1a30-4410-b121-36be67b20ab9,2026-01-08 07:20:08.724980,explore,33.3,paintbrush,32.72,23.96
dc8baccc-3a38-4841-97dd-48095f774f11,de820a4e-79cd-4b6b-ab75-2fe87fb557c2,301cb959-1a30-4410-b121-36be67b20ab9,2026-01-08 07:20:20.724980,explore,35.0,cube,74.27,98.46
f3bfe05d-319c-41f5-8354-d21bbabecb70,de820a4e-79cd-4b6b-ab75-2fe87fb557c2,301cb959-1a30-4410-b121-36be67b20ab9,2026-01-08 07:20:34.724980,wave,39.9,cube,68.69,86.53
4b713ed8-6549-4989-a41d-25d926bdba51,de820a4e-79cd-4b6b-ab75-2fe87fb557c2,301cb959-1a30-4410-b121-36be67b20ab9,2026-01-08 07:20:56.724980,explore,41.0,flower,0.95,62.67
c63cf358-d124-4829-88c5-5874358e5b37,de820a4e-79cd-4b6b-ab75-2fe87fb557c2,301cb959-1a30-4410-b121-36be67b20ab9,2026-01-08 07:21:06.724980,explore,47.3,flower,66.02,26.86
e35953f8-ac08-4ff8-bf5f-fa817da822cc,de820a4e-79cd-4b6b-ab75-2fe87fb557c2,301cb959-1a30-4410-b121-36be67b20ab9,2026-01-08 07:21:24.724980,explore,40.3,flower,85.45,87.43
f5018d01-8b15-48dc-a308-f6938120a03f,de820a4e-79cd-4b6b-ab75-2fe87fb557c2,301cb959-1a30-4410-b121-36be67b20ab9,2026-01-08 07:21:53.724980,explore,34.0,cube,20.76,50.28
a493033f-1167-4d67-90a7-3caf2d75d531,de820a4e-79cd-4b6b-ab75-2fe87fb557c2,301cb959-1a30-4410-b121-36be67b20ab9,2026-01-08 07:22:14.724980,wave,38.0,flower,59.42,50.73
f9a6833e-bd5e-4633-83f1-f80ab93ebf2b,de820a4e-79cd-4b6b-ab75-2fe87fb557c2,301cb959-1a30-4410-b121-36be67b20ab9,2026-01-08 07:22:20.724980,wave,36.7,paintbrush,76.48,71.11
7da4dc84-f238-4168-b33a-93f0aee8155d,de820a4e-79cd-4b6b-ab75-2fe87fb557c2,301cb959-1a30-4410-b121-36be67b20ab9,2026-01-08 07:22:49.724980,wave,43.3,cube,81.64,5.96
ff4409e5-4653-4c02-a770-2e1f1dbf066b,44bf8f8a-8f99-48a2-b955-3dd243d8e74c,df23374a-4e01-432c-99dc-f9772bdaf0c3,2026-01-08 04:27:11.724980,explore,46.3,paintbrush,75.55,76.66
412e9e74-40b8-43ef-b31d-68828252e856,44bf8f8a-8f99-48a2-b955-3dd243d8e74c,df23374a-4e01-432c-99dc-f9772bdaf0c3,2026-01-08 04:27:33.724980,explore,39.8,paintbrush,46.77,34.36
cf3cd9f8-fe34-451b-b7ab-3cd7696e32e8,44bf8f8a-8f99-48a2-b955-3dd243d8e74c,df23374a-4e01-432c-99dc-f9772bdaf0c3,2026-01-08 04:27:43.724980,explore,36.3,paintbrush,12.39,73.99
23f8c432-0130-4ba8-aa51-a1166e09069f,44bf8f8a-8f99-48a2-b955-3dd243d8e74c,df23374a-4e01-432c-99dc-f9772bdaf0c3,2026-01-08 04:27:52.724980,explore,38.6,flower,98.56,22.27
7847bc49-727b-4290-8f4f-0cbba72b46f4,44bf8f8a-8f99-48a2-b955-3dd243d8e74c,df23374a-4e01-432c-99dc-f9772bdaf0c3,2026-01-08 04:28:02.724980,wave,43.6,cube,81.51,7.17
f876e0ac-d962-4cf0-8703-1dd14372d8a3,44bf8f8a-8f99-48a2-b955-3dd243d8e74c,df23374a-4e01-432c-99dc-f9772bdaf0c3,2026-01-08 04:28:21.724980,explore,37.5,flower,55.11,50.1
675ab91f-9da7-4910-af20-3b4bf3e4520f,44bf8f8a-8f99-48a2-b955-3dd243d8e74c,df23374a-4e01-432c-99dc-f9772bdaf0c3,2026-01-08 04:28:30.724980,explore,41.1,flower,86.51,33.77
410e30b5-2981-4f80-8694-6d13bbdc145a,44bf8f8a-8f99-48a2-b955-3dd243d8e74c,df23374a-4e01-432c-99dc-f9772bdaf0c3,2026-01-08 04:28:49.724980,explore,39.5,flower,69.56,63.16
1ee94b94-a338-4eec-a572-d6e81f713634,44bf8f8a-8f99-48a2-b955-3dd243d8e74c,df23374a-4e01-432c-99dc-f9772bdaf0c3,2026-01-08 04:29:18.724980,explore,36.3,paintbrush,37.19,30.13
3520b92b-7dce-4a7a-8235-348859c5073a,44bf8f8a-8f99-48a2-b955-3dd243d8e74c,df23374a-4e01-432c-99dc-f9772bdaf0c3,2026-01-08 04:29:43.724980,explore,43.9,paintbrush,37.22,61.33
99981cf1-b6c9-48bf-8f9e-fd0a9faecb56,44bf8f8a-8f99-48a2-b955-3dd243d8e74c,df23374a-4e01-432c-99dc-f9772bdaf0c3,2026-01-08 04:30:00.724980,wave,37.3,flower,71.85,43.66
c37c2806-a2be-46c0-8640-b157f43fb9e9,44bf8f8a-8f99-48a2-b955-3dd243d8e74c,df23374a-4e01-432c-99dc-f9772bdaf0c3,2026-01-08 04:30:12.724980,explore,41.1,paintbrush,85.59,30.63
298111b4-eb9b-45e7-97ca-d9ba7d77d776,44bf8f8a-8f99-48a2-b955-3dd243d8e74c,df23374a-4e01-432c-99dc-f9772bdaf0c3,2026-01-08 04:30:38.724980,wave,40.2,paintbrush,26.05,61.68
4e374e05-0370-4ecf-a66f-e2669a143a97,44bf8f8a-8f99-48a2-b955-3dd243d8e74c,df23374a-4e01-432c-99dc-f9772bdaf0c3,2026-01-08 04:30:54.724980,spawn_object,34.9,flower,33.24,10.59
3c89356b-0a35-42db-8b84-8bb051dec0ac,44bf8f8a-8f99-48a2-b955-3dd243d8e74c,df23374a-4e01-432c-99dc-f9772bdaf0c3,2026-01-08 04:31:02.724980,spawn_object,39.0,cube,85.69,7.28
b0f3cf2b-a7f4-4608-a03a-f926a3ed6756,44bf8f8a-8f99-48a2-b955-3dd243d8e74c,df23374a-4e01-432c-99dc-f9772bdaf0c3,2026-01-08 04:31:19.724980,explore,40.1,cube,9.47,46.48
faaa54c7-137a-4743-a750-27d893cbdbda,44bf8f8a-8f99-48a2-b955-3dd243d8e74c,df23374a-4e01-432c-99dc-f9772bdaf0c3,2026-01-08 04:31:49.724980,wave,44.2,cube,59.22,33.73
3a97619f-aefe-46af-889c-773f72fc1977,44bf8f8a-8f99-48a2-b955-3dd243d8e74c,df23374a-4e01-432c-99dc-f9772bdaf0c3,2026-01-08 04:31:59.724980,explore,42.7,paintbrush,12.32,84.15
ed211fea-52bf-4b9a-b5b1-dd0a785080ba,44bf8f8a-8f99-48a2-b955-3dd243d8e74c,df23374a-4e01-432c-99dc-f9772bdaf0c3,2026-01-08 04:32:25.724980,explore,50.5,flower,89.98,18.33
22bd539e-9197-495e-9602-cce8023ad5b0,44bf8f8a-8f99-48a2-b955-3dd243d8e74c,df23374a-4e01-432c-99dc-f9772bdaf0c3,2026-01-08 04:32:41.724980,explore,44.2,cube,73.86,52.58
0ea60cac-3e2a-43c6-baa6-bee001c47e19,44bf8f8a-8f99-48a2-b955-3dd243d8e74c,df23374a-4e01-432c-99dc-f9772bdaf0c3,2026-01-08 04:32:53.724980,explore,40.0,cube,35.85,86.71
1cb8a162-d64b-472c-9e74-a5e3c56f555f,44bf8f8a-8f99-48a2-b955-3dd243d8e74c,df23374a-4e01-432c-99dc-f9772bdaf0c3,2026-01-08 04:33:00.724980,explore,42.9,paintbrush,52.48,45.27
8e1fb6d7-dc35-4237-9919-17276794c2f3,44bf8f8a-8f99-48a2-b955-3dd243d8e74c,df23374a-4e01-432c-99dc-f9772bdaf0c3,2026-01-08 04:33:07.724980,spawn_object,49.0,cube,62.38,9.32
042e49a6-77d2-4bc2-aa89-31d304bf19e9,44bf8f8a-8f99-48a2-b955-3dd243d8e74c,df23374a-4e01-432c-99dc-f9772bdaf0c3,2026-01-08 04:33:35.724980,wave,30.5,flower,16.06,45.59
255c6b59-64a5-4bfc-af59-32b4ba5eb331,44bf8f8a-8f99-48a2-b955-3dd243d8e74c,df23374a-4e01-432c-99dc-f9772bdaf0c3,2026-01-08 04:33:42.724980,wave,33.4,paintbrush,96.59,28.65
cf740285-8685-4c0c-acf0-cbbfe04b0b14,44bf8f8a-8f99-48a2-b955-3dd243d8e74c,df23374a-4e01-432c-99dc-f9772bdaf0c3,2026-01-08 04:33:49.724980,spawn_object,42.1,flower,79.71,38.73
2ebe5dc2-df02-4f0e-a0a7-554ad4f8081e,44bf8f8a-8f99-48a2-b955-3dd243d8e74c,df23374a-4e01-432c-99dc-f9772bdaf0c3,2026-01-08 04:34:06.724980,wave,42.7,cube,19.58,6.39
ba936b69-3b5d-4e9e-8508-6045dfadd75e,44bf8f8a-8f99-48a2-b955-3dd243d8e74c,df23374a-4e01-432c-99dc-f9772bdaf0c3,2026-01-08 04:34:14.724980,explore,46.9,paintbrush,59.15,59.56
1ab24bd7-ecc5-46b1-95ff-e89b4aba31d0,44bf8f8a-8f99-48a2-b955-3dd243d8e74c,df23374a-4e01-432c-99dc-f9772bdaf0c3,2026-01-08 04:34:30.724980,explore,42.0,flower,40.86,61.21
48fdcb5b-adee-45d3-94e0-4c9475e441db,44bf8f8a-8f99-48a2-b955-3dd243d8e74c,df23374a-4e01-432c-99dc-f9772bdaf0c3,2026-01-08 04:34:54.724980,explore,47.3,paintbrush,51.97,21.78
60fa1263-48fc-41c8-9351-baa388220d9f,44bf8f8a-8f99-48a2-b955-3dd243d8e74c,df23374a-4e01-432c-99dc-f9772bdaf0c3,2026-01-08 04:35:18.724980,wave,38.3,cube,5.39,70.8
2bb45d42-2756-4c30-be7b-a8c1f8eefb8e,44bf8f8a-8f99-48a2-b955-3dd243d8e74c,df23374a-4e01-432c-99dc-f9772bdaf0c3,2026-01-08 04:35:39.724980,wave,42.2,cube,35.22,48.15
6e3eee4d-ace6-40e0-9402-3a051de67907,44bf8f8a-8f99-48a2-b955-3dd243d8e74c,df23374a-4e01-432c-99dc-f9772bdaf0c3,2026-01-08 04:35:51.724980,wave,39.5,flower,9.87,98.18
e20b58f8-15e9-4a28-ab31-380e7a46c2cf,44bf8f8a-8f99-48a2-b955-3dd243d8e74c,df23374a-4e01-432c-99dc-f9772bdaf0c3,2026-01-08 04:36:10.724980,explore,39.4,cube,3.38,66.5
d0872a80-e68a-4bbf-8fb6-01aedde57d87,44bf8f8a-8f99-48a2-b955-3dd243d8e74c,df23374a-4e01-432c-99dc-f9772bdaf0c3,2026-01-08 04:36:40.724980,explore,46.8,paintbrush,87.47,4.19
1d20e4c8-5bd7-4835-9aa4-be53bcf1a20f,44bf8f8a-8f99-48a2-b955-3dd243d8e74c,df23374a-4e01-432c-99dc-f9772bdaf0c3,2026-01-08 04:37:06.724980,explore,34.7,paintbrush,20.18,10.13
44f8fefa-73fc-4c66-af4e-634a074e1946,44bf8f8a-8f99-48a2-b955-3dd243d8e74c,df23374a-4e01-432c-99dc-f9772bdaf0c3,2026-01-08 04:37:20.724980,wave,33.9,flower,79.08,92.53
cdda72b0-1e47-4aa6-8eca-d5a3c9f005ea,44bf8f8a-8f99-48a2-b955-3dd243d8e74c,df23374a-4e01-432c-99dc-f9772bdaf0c3,2026-01-08 04:37:26.724980,explore,32.8,cube,62.3,10.35
9524fe0b-5cea-4967-9701-f5978c064a14,44bf8f8a-8f99-48a2-b955-3dd243d8e74c,df23374a-4e01-432c-99dc-f9772bdaf0c3,2026-01-08 04:37:42.724980,explore,42.9,paintbrush,53.56,54.76
b62de8ab-fe04-4630-9c3b-e56cc7d9f0cd,9c52e143-3891-4450-9f7d-95881ad82079,837418d9-568b-4e33-8ee8-d9e32096b7ee,2026-01-07 20:44:18.724980,spawn_object,39.6,flower,96.38,44.9
a1e838da-6d85-49c5-83a6-360282320680,9c52e143-3891-4450-9f7d-95881ad82079,837418d9-568b-4e33-8ee8-d9e32096b7ee,2026-01-07 20:44:40.724980,explore,33.4,paintbrush,21.72,24.58
2b0c4f0b-de94-4dc1-b7f3-4c236a6d356a,9c52e143-3891-4450-9f7d-95881ad82079,837418d9-568b-4e33-8ee8-d9e32096b7ee,2026-01-07 20:45:01.724980,explore,37.3,paintbrush,15.63,7.32
ce1573cb-1274-48ae-8693-f51de864845f,9c52e143-3891-4450-9f7d-95881ad82079,837418d9-568b-4e33-8ee8-d9e32096b7ee,2026-01-07 20:45:24.724980,explore,47.1,flower,29.73,63.44
da575198-9f60-4c58-8a41-f7e68e680f53,9c52e143-3891-4450-9f7d-95881ad82079,837418d9-568b-4e33-8ee8-d9e32096b7ee,2026-01-07 20:45:43.724980,explore,47.9,cube,38.05,79.07
c20f852a-1d50-4b94-a779-ba857901b407,9c52e143-3891-4450-9f7d-95881ad82079,837418d9-568b-4e33-8ee8-d9e32096b7ee,2026-01-07 20:45:54.724980,explore,37.3,flower,71.64,38.51
3b6a480a-7395-4e93-aee5-9f338e3c6414,9c52e143-3891-4450-9f7d-95881ad82079,837418d9-568b-4e33-8ee8-d9e32096b7ee,2026-01-07 20:46:06.724980,explore,40.6,paintbrush,76.68,55.8
6e85212a-2a63-485f-8f5d-4187e06d34f7,9c52e143-3891-4450-9f7d-95881ad82079,837418d9-568b-4e33-8ee8-d9e32096b7ee,2026-01-07 20:46:11.724980,explore,33.2,cube,1.17,44.02
15d5d49e-9c54-4588-a62b-1825f3f8ca9e,9c52e143-3891-4450-9f7d-95881ad82079,837418d9-568b-4e33-8ee8-d9e32096b7ee,2026-01-07 20:46:26.724980,wave,42.2,paintbrush,75.02,18.61
cd61f909-3025-4e87-b3f9-1f6157a30e91,9c52e143-3891-4450-9f7d-95881ad82079,837418d9-568b-4e33-8ee8-d9e32096b7ee,2026-01-07 20:46:49.724980,spawn_object,39.4,flower,8.83,58.08
c9d9ad38-efc0-4f9a-a3e7-81ae58bfb418,9c52e143-3891-4450-9f7d-95881ad82079,837418d9-568b-4e33-8ee8-d9e32096b7ee,2026-01-07 20:47:17.724980,explore,40.8,flower,91.07,1.94
24890b93-4278-4d20-856c-21439071aae5,9c52e143-3891-4450-9f7d-95881ad82079,837418d9-568b-4e33-8ee8-d9e32096b7ee,2026-01-07 20:47:40.724980,explore,33.7,cube,54.3,33.39
b154104a-c261-401f-8c1c-856bda68ad6f,9c52e143-3891-4450-9f7d-95881ad82079,837418d9-568b-4e33-8ee8-d9e32096b7ee,2026-01-07 20:48:00.724980,wave,42.6,paintbrush,24.75,54.48
0dd5e8b7-e52a-4970-a913-e3457f92a39d,9c52e143-3891-4450-9f7d-95881ad82079,837418d9-568b-4e33-8ee8-d9e32096b7ee,2026-01-07 20:48:09.724980,explore,43.9,cube,12.87,89.77
b9fe7024-6697-4841-8d9f-91b7fce79261,9c52e143-3891-4450-9f7d-95881ad82079,837418d9-568b-4e33-8ee8-d9e32096b7ee,2026-01-07 20:48:35.724980,wave,41.8,flower,13.83,89.12
377d0367-0c78-448a-9a7a-fc6d77fe5773,9c52e143-3891-4450-9f7d-95881ad82079,837418d9-568b-4e33-8ee8-d9e32096b7ee,2026-01-07 20:48:43.724980,spawn_object,41.1,flower,15.74,80.38
4b364d14-7e44-4b22-8d3e-94c34c1f50ee,9c52e143-3891-4450-9f7d-95881ad82079,837418d9-568b-4e33-8ee8-d9e32096b7ee,2026-01-07 20:48:54.724980,explore,37.5,cube,35.41,63.94
1aaadf9d-9123-4b57-9392-ce029c313fe3,70b46d42-007f-4076-84f0-978a79f78442,dbb00ad2-0fd3-41f9-9e16-504e41c72249,2026-01-07 22:55:23.724980,explore,45.2,cube,55.91,76.89
50b1085e-8949-4566-b213-398ceb32fb77,70b46d42-007f-4076-84f0-978a79f78442,dbb00ad2-0fd3-41f9-9e16-504e41c72249,2026-01-07 22:55:39.724980,explore,34.7,flower,99.05,39.49
849fd72d-29b4-4a72-b07a-b3ec82ed804d,70b46d42-007f-4076-84f0-978a79f78442,dbb00ad2-0fd3-41f9-9e16-504e41c72249,2026-01-07 22:55:53.724980,explore,31.7,paintbrush,94.93,32.48
79edb030-6eac-4e32-8867-b84fbda164ee,70b46d42-007f-4076-84f0-978a79f78442,dbb00ad2-0fd3-41f9-9e16-504e41c72249,2026-01-07 22:56:06.724980,wave,44.4,flower,8.84,17.39
14290cf7-1bab-43b0-97b7-8afef7f37bc2,70b46d42-007f-4076-84f0-978a79f78442,dbb00ad2-0fd3-41f9-9e16-504e41c72249,2026-01-07 22:56:23.724980,explore,46.9,flower,1.97,79.28
b3295ce2-9cd3-4dae-baf9-69174e42d11d,70b46d42-007f-4076-84f0-978a79f78442,dbb00ad2-0fd3-41f9-9e16-504e41c72249,2026-01-07 22:56:46.724980,wave,45.5,cube,23.86,82.54
1c8dbac2-b711-4928-9ebc-61c6ea03f961,70b46d42-007f-4076-84f0-978a79f78442,dbb00ad2-0fd3-41f9-9e16-504e41c72249,2026-01-07 22:57:16.724980,explore,47.4,paintbrush,61.81,53.88
820d4a0b-f61a-4632-b6d4-db84e2d24f71,70b46d42-007f-4076-84f0-978a79f78442,dbb00ad2-0fd3-41f9-9e16-504e41c72249,2026-01-07 22:57:31.724980,wave,48.7,flower,30.49,58.59
928c6785-9259-4619-8c84-f5fc4754f07f,70b46d42-007f-4076-84f0-978a79f78442,dbb00ad2-0fd3-41f9-9e16-504e41c72249,2026-01-07 22:57:51.724980,explore,40.8,cube,17.85,10.1
1449b92e-faf4-43c7-9a35-cf20e61d92fc,70b46d42-007f-4076-84f0-978a79f78442,dbb00ad2-0fd3-41f9-9e16-504e41c72249,2026-01-07 22:58:10.724980,wave,36.7,paintbrush,9.18,26.18
1e497c35-b3c3-41ab-bf1c-5e1015bac52c,70b46d42-007f-4076-84f0-978a79f78442,dbb00ad2-0fd3-41f9-9e16-504e41c72249,2026-01-07 22:58:24.724980,explore,29.2,paintbrush,95.91,43.65
f259c272-ba05-49fb-a31b-441cc7fdff64,70b46d42-007f-4076-84f0-978a79f78442,dbb00ad2-0fd3-41f9-9e16-504e41c72249,2026-01-07 22:58:33.724980,explore,40.1,flower,93.34,3.97
07b6d0b4-af21-4097-8d27-8914255b16d7,70b46d42-007f-4076-84f0-978a79f78442,dbb00ad2-0fd3-41f9-9e16-504e41c72249,2026-01-07 22:58:57.724980,wave,37.6,cube,33.48,30.36
e2851ad2-b261-432e-9f45-c854e2fb727f,70b46d42-007f-4076-84f0-978a79f78442,dbb00ad2-0fd3-41f9-9e16-504e41c72249,2026-01-07 22:59:18.724980,explore,35.7,cube,0.33,7.22
26e6a776-e506-42b9-8958-f5e8cce2b384,70b46d42-007f-4076-84f0-978a79f78442,dbb00ad2-0fd3-41f9-9e16-504e41c72249,2026-01-07 22:59:40.724980,spawn_object,43.7,cube,43.13,93.18
d77593ed-eefe-4e27-bd30-c0ccd51cb188,70b46d42-007f-4076-84f0-978a79f78442,dbb00ad2-0fd3-41f9-9e16-504e41c72249,2026-01-07 22:59:52.724980,wave,41.8,flower,6.11,3.24
bfbfc975-0a66-4d1f-a31f-0306d5ed535f,70b46d42-007f-4076-84f0-978a79f78442,dbb00ad2-0fd3-41f9-9e16-504e41c72249,2026-01-07 22:59:57.724980,wave,33.8,cube,54.84,14.78
b067e9ad-7ed8-4e97-a8fa-4552798cbe93,70b46d42-007f-4076-84f0-978a79f78442,dbb00ad2-0fd3-41f9-9e16-504e41c72249,2026-01-07 23:00:13.724980,explore,35.3,flower,23.38,53.8
e89a954c-ff63-4f8f-8579-61c33809c61f,70b46d42-007f-4076-84f0-978a79f78442,dbb00ad2-0fd3-41f9-9e16-504e41c72249,2026-01-07 23:00:36.724980,explore,41.6,flower,13.2,21.88
1647903f-dc38-49ac-a6ac-010bdcd4a36b,70b46d42-007f-4076-84f0-978a79f78442,dbb00ad2-0fd3-41f9-9e16-504e41c72249,2026-01-07 23:00:42.724980,explore,35.0,flower,44.15,57.46
e8746703-a8e8-45c2-b2b3-3a8e3b3ac95c,70b46d42-007f-4076-84f0-978a79f78442,dbb00ad2-0fd3-41f9-9e16-504e41c72249,2026-01-07 23:00:55.724980,wave,45.7,paintbrush,68.19,79.68
75becfac-75f0-41ea-8aca-afe166e6e097,70b46d42-007f-4076-84f0-978a79f78442,dbb00ad2-0fd3-41f9-9e16-504e41c72249,2026-01-07 23:01:02.724980,explore,36.3,cube,75.57,46.6
8f34364d-e1f3-4e82-a93b-86615892a0da,70b46d42-007f-4076-84f0-978a79f78442,dbb00ad2-0fd3-41f9-9e16-504e41c72249,2026-01-07 23:01:19.724980,wave,36.1,flower,44.73,18.29
e19e6156-e158-448e-b719-f20409f2ea28,70b46d42-007f-4076-84f0-978a79f78442,dbb00ad2-0fd3-41f9-9e16-504e41c72249,2026-01-07 23:01:24.724980,wave,40.0,cube,77.0,67.44
d428c45c-2dbb-40b5-b7cd-a79a0e59d2ad,70b46d42-007f-4076-84f0-978a79f78442,dbb00ad2-0fd3-41f9-9e16-504e41c72249,2026-01-07 23:01:33.724980,wave,36.1,flower,33.93,95.36
b35108f9-5027-440a-be3b-c04da687e309,70b46d42-007f-4076-84f0-978a79f78442,dbb00ad2-0fd3-41f9-9e16-504e41c72249,2026-01-07 23:01:51.724980,explore,37.9,cube,85.65,10.92
40f0d049-efe7-4ef3-b4fc-0ced488f5865,70b46d42-007f-4076-84f0-978a79f78442,dbb00ad2-0fd3-41f9-9e16-504e41c72249,2026-01-07 23:01:57.724980,wave,36.2,cube,86.77,72.01
97b588b9-09c9-451a-8309-d569f1c14b4e,70b46d42-007f-4076-84f0-978a79f78442,dbb00ad2-0fd3-41f9-9e16-504e41c72249,2026-01-07 23:02:08.724980,explore,33.7,cube,94.0,64.17
597a2215-700d-41a3-ad2b-db336fbfd197,70b46d42-007f-4076-84f0-978a79f78442,dbb00ad2-0fd3-41f9-9e16-504e41c72249,2026-01-07 23:02:22.724980,explore,34.7,flower,95.86,64.85
519a876a-25e0-4e2c-a291-e2bc60db55eb,70b46d42-007f-4076-84f0-978a79f78442,dbb00ad2-0fd3-41f9-9e16-504e41c72249,2026-01-07 23:02:48.724980,explore,43.4,flower,26.13,63.35
3b986ec0-f8bb-4e8a-82dc-c59adf0df0a3,70b46d42-007f-4076-84f0-978a79f78442,dbb00ad2-0fd3-41f9-9e16-504e41c72249,2026-01-07 23:03:12.724980,explore,48.6,flower,33.18,62.62
8a3dcb6e-54c4-4641-90c9-3e7cedaf2cee,b334648a-cdde-4d4f-a931-4773fb2eaf9b,4be52d47-f493-4bb7-aef5-f02b58205d42,2026-01-08 03:43:28.724980,explore,35.3,flower,69.41,39.45
95eae05f-1dbf-4702-a667-46102028cfb8,b334648a-cdde-4d4f-a931-4773fb2eaf9b,4be52d47-f493-4bb7-aef5-f02b58205d42,2026-01-08 03:43:44.724980,explore,34.7,cube,7.96,86.89
de81a6a2-699d-413c-a30b-404916d00f6b,b334648a-cdde-4d4f-a931-4773fb2eaf9b,4be52d47-f493-4bb7-aef5-f02b58205d42,2026-01-08 03:44:06.724980,explore,50.0,cube,94.37,61.55
308221ea-b900-4efb-93a2-09ca85ba4113,b334648a-cdde-4d4f-a931-4773fb2eaf9b,4be52d47-f493-4bb7-aef5-f02b58205d42,2026-01-08 03:44:17.724980,explore,37.8,flower,16.44,70.26
ebbbc519-508a-4cc0-af99-8f7643a0a540,b334648a-cdde-4d4f-a931-4773fb2eaf9b,4be52d47-f493-4bb7-aef5-f02b58205d42,2026-01-08 03:44:41.724980,spawn_object,47.2,cube,29.46,31.01
4ff04d22-31de-45eb-b669-df29c5839327,b334648a-cdde-4d4f-a931-4773fb2eaf9b,4be52d47-f493-4bb7-aef5-f02b58205d42,2026-01-08 03:45:07.724980,explore,34.7,cube,97.68,24.97
0da1b2bd-39ba-4d3e-a1b2-4ac836a77f7d,b334648a-cdde-4d4f-a931-4773fb2eaf9b,4be52d47-f493-4bb7-aef5-f02b58205d42,2026-01-08 03:45:24.724980,wave,34.8,flower,55.91,97.76
67d5cf76-ad68-4618-8239-cbe0374d54c7,b334648a-cdde-4d4f-a931-4773fb2eaf9b,4be52d47-f493-4bb7-aef5-f02b58205d42,2026-01-08 03:45:44.724980,explore,38.0,paintbrush,92.4,80.06
0e331ca5-9504-4f01-80c1-c953a0ed5996,b334648a-cdde-4d4f-a931-4773fb2eaf9b,4be52d47-f493-4bb7-aef5-f02b58205d42,2026-01-08 03:45:51.724980,explore,35.3,cube,77.11,6.76
8ad1cd3b-bd32-46ed-8239-c481bd37cccb,b334648a-cdde-4d4f-a931-4773fb2eaf9b,4be52d47-f493-4bb7-aef5-f02b58205d42,2026-01-08 03:46:03.724980,explore,43.4,cube,61.9,94.36
ef08ca09-aa6c-4f12-8ed9-c4da2c7dc268,b334648a-cdde-4d4f-a931-4773fb2eaf9b,4be52d47-f493-4bb7-aef5-f02b58205d42,2026-01-08 03:46:24.724980,explore,42.5,cube,27.66,56.44
8a8d8c5d-c9e1-43c1-b84a-51dc27e07045,b334648a-cdde-4d4f-a931-4773fb2eaf9b,4be52d47-f493-4bb7-aef5-f02b58205d42,2026-01-08 03:46:53.724980,wave,38.8,flower,71.48,97.23
472cdffe-e4cc-47b0-b2a7-4990f795d640,b334648a-cdde-4d4f-a931-4773fb2eaf9b,4be52d47-f493-4bb7-aef5-f02b58205d42,2026-01-08 03:47:18.724980,explore,44.9,flower,78.0,1.06
d3526c89-fd15-4bf4-acf0-a99268c53690,b334648a-cdde-4d4f-a931-4773fb2eaf9b,4be52d47-f493-4bb7-aef5-f02b58205d42,2026-01-08 03:47:41.724980,explore,34.7,flower,96.33,96.36
cef716fa-789d-4439-bb79-a86896115e68,b334648a-cdde-4d4f-a931-4773fb2eaf9b,4be52d47-f493-4bb7-aef5-f02b58205d42,2026-01-08 03:47:58.724980,explore,45.8,flower,78.2,9.96
8717e152-742b-4408-8174-3ef9f5a3d8fe,b334648a-cdde-4d4f-a931-4773fb2eaf9b,4be52d47-f493-4bb7-aef5-f02b58205d42,2026-01-08 03:48:28.724980,spawn_object,36.5,cube,16.75,71.33
d412791f-94c0-4503-8175-6b90f59b3eb9,b334648a-cdde-4d4f-a931-4773fb2eaf9b,4be52d47-f493-4bb7-aef5-f02b58205d42,2026-01-08 03:48:55.724980,explore,51.6,flower,97.89,86.55
52be99c4-80d3-4fdc-9906-219dbf550c96,b334648a-cdde-4d4f-a931-4773fb2eaf9b,4be52d47-f493-4bb7-aef5-f02b58205d42,2026-01-08 03:49:20.724980,wave,39.3,cube,16.07,18.68
097e110b-d214-49c5-92ea-c1d6f91c5bfe,b334648a-cdde-4d4f-a931-4773fb2eaf9b,4be52d47-f493-4bb7-aef5-f02b58205d42,2026-01-08 03:49:35.724980,explore,34.4,flower,88.16,61.52
efe7431b-b7ac-4ba6-9de1-d01e27bcbf09,b334648a-cdde-4d4f-a931-4773fb2eaf9b,4be52d47-f493-4bb7-aef5-f02b58205d42,2026-01-08 03:49:42.724980,explore,38.3,cube,14.19,72.57
12bf3a0f-b9b4-44e3-b240-315567c923af,b334648a-cdde-4d4f-a931-4773fb2eaf9b,4be52d47-f493-4bb7-aef5-f02b58205d42,2026-01-08 03:49:50.724980,explore,33.9,flower,81.87,42.73
53d333b3-69c2-4fb2-bff2-15b5d6711fa2,b334648a-cdde-4d4f-a931-4773fb2eaf9b,4be52d47-f493-4bb7-aef5-f02b58205d42,2026-01-08 03:50:18.724980,explore,34.7,cube,39.18,41.66
142ad3ad-af62-4cf9-b019-e9c77a37af0a,b334648a-cdde-4d4f-a931-4773fb2eaf9b,4be52d47-f493-4bb7-aef5-f02b58205d42,2026-01-08 03:50:48.724980,wave,43.3,flower,0.73,0.95
2eece3ae-20ed-41fc-a5e6-1ee4e81a8263,b334648a-cdde-4d4f-a931-4773fb2eaf9b,4be52d47-f493-4bb7-aef5-f02b58205d42,2026-01-08 03:51:15.724980,explore,42.6,paintbrush,85.17,42.43
0e6a7147-98a9-4aef-b6d1-7c6594c145e1,b334648a-cdde-4d4f-a931-4773fb2eaf9b,4be52d47-f493-4bb7-aef5-f02b58205d42,2026-01-08 03:51:20.724980,explore,41.6,cube,64.76,3.42
1d3f4872-3b05-4e6b-8696-e6b9c046d95d,b334648a-cdde-4d4f-a931-4773fb2eaf9b,4be52d47-f493-4bb7-aef5-f02b58205d42,2026-01-08 03:51:45.724980,explore,43.5,cube,44.63,85.98
f642da92-91cb-4c86-ba8d-4a8886386cc1,b334648a-cdde-4d4f-a931-4773fb2eaf9b,4be52d47-f493-4bb7-aef5-f02b58205d42,2026-01-08 03:51:53.724980,wave,44.1,paintbrush,39.61,87.52
e2df9ee5-00ef-459d-8c62-765c942efd73,b334648a-cdde-4d4f-a931-4773fb2eaf9b,4be52d47-f493-4bb7-aef5-f02b58205d42,2026-01-08 03:52:20.724980,wave,35.1,flower,56.67,29.03
df05ba27-87f4-414c-b202-55944315da0f,b334648a-cdde-4d4f-a931-4773fb2eaf9b,4be52d47-f493-4bb7-aef5-f02b58205d42,2026-01-08 03:52:25.724980,wave,51.2,paintbrush,63.74,90.15
ecf4e1fc-2b46-47ac-aeae-940f95f71f35,b334648a-cdde-4d4f-a931-4773fb2eaf9b,4be52d47-f493-4bb7-aef5-f02b58205d42,2026-01-08 03:52:33.724980,explore,47.4,flower,85.59,79.48
2c60b0ef-4212-4fb5-9679-58bb9fbf1441,b334648a-cdde-4d4f-a931-4773fb2eaf9b,4be52d47-f493-4bb7-aef5-f02b58205d42,2026-01-08 03:52:59.724980,wave,34.3,cube,67.61,93.59
2a1f54a1-1c71-4e6f-8a3e-b8fca43e2d3d,b334648a-cdde-4d4f-a931-4773fb2eaf9b,4be52d47-f493-4bb7-aef5-f02b58205d42,2026-01-08 03:53:23.724980,explore,39.7,flower,61.67,61.17
e6738f2b-0723-49ad-8ddf-dbdba0c5c76c,80755ea8-846f-4390-af01-5d325713b003,e65530cc-b73c-4d6b-8cb0-d732089e3822,2026-01-08 05:24:19.724980,wave,41.7,paintbrush,20.15,72.24
bd5d991f-b2eb-4443-993a-3658c8cd4177,80755ea8-846f-4390-af01-5d325713b003,e65530cc-b73c-4d6b-8cb0-d732089e3822,2026-01-08 05:24:33.724980,wave,28.9,flower,10.4,73.9
2cfff3a7-74c7-4333-9a27-b75dba83007d,80755ea8-846f-4390-af01-5d325713b003,e65530cc-b73c-4d6b-8cb0-d732089e3822,2026-01-08 05:24:41.724980,explore,38.7,cube,97.13,97.19
0cab9d4c-e17c-4e81-bbcf-d91184ddafe3,80755ea8-846f-4390-af01-5d325713b003,e65530cc-b73c-4d6b-8cb0-d732089e3822,2026-01-08 05:25:09.724980,explore,36.7,flower,69.03,33.8
012157ec-3db8-4547-a93e-a9671339d735,80755ea8-846f-4390-af01-5d325713b003,e65530cc-b73c-4d6b-8cb0-d732089e3822,2026-01-08 05:25:18.724980,explore,40.2,cube,25.75,60.79
22be5020-633d-4a52-90d7-e5c817d53a9e,80755ea8-846f-4390-af01-5d325713b003,e65530cc-b73c-4d6b-8cb0-d732089e3822,2026-01-08 05:25:23.724980,explore,40.3,paintbrush,28.14,60.48
2be14e41-8353-4f63-a136-1f164e9131c9,80755ea8-846f-4390-af01-5d325713b003,e65530cc-b73c-4d6b-8cb0-d732089e3822,2026-01-08 05:25:41.724980,wave,41.5,paintbrush,43.75,67.14
30e41623-bb65-48c9-a4af-a9d603c04722,80755ea8-846f-4390-af01-5d325713b003,e65530cc-b73c-4d6b-8cb0-d732089e3822,2026-01-08 05:25:57.724980,explore,39.7,paintbrush,27.03,91.04
c5f3a116-b98a-41cb-bf9c-d5fd78baf04d,80755ea8-846f-4390-af01-5d325713b003,e65530cc-b73c-4d6b-8cb0-d732089e3822,2026-01-08 05:26:03.724980,explore,41.8,cube,0.55,4.68
080ba8be-bfa0-4d9a-9cb0-ebef53592631,80755ea8-846f-4390-af01-5d325713b003,e65530cc-b73c-4d6b-8cb0-d732089e3822,2026-01-08 05:26:28.724980,explore,37.3,flower,69.83,41.1
475be7f2-b034-42b5-8732-427b2ed885fd,80755ea8-846f-4390-af01-5d325713b003,e65530cc-b73c-4d6b-8cb0-d732089e3822,2026-01-08 05:26:54.724980,explore,41.7,flower,8.68,89.48
fa429b40-440e-4d66-83e5-482ba2b3b810,80755ea8-846f-4390-af01-5d325713b003,e65530cc-b73c-4d6b-8cb0-d732089e3822,2026-01-08 05:27:01.724980,wave,49.4,paintbrush,93.66,3.81
07d26c32-df4c-4133-a011-5a8a9e39254d,80755ea8-846f-4390-af01-5d325713b003,e65530cc-b73c-4d6b-8cb0-d732089e3822,2026-01-08 05:27:14.724980,wave,45.4,cube,91.49,8.5
0cba69d1-386f-4f7c-a783-6da94e35afec,80755ea8-846f-4390-af01-5d325713b003,e65530cc-b73c-4d6b-8cb0-d732089e3822,2026-01-08 05:27:22.724980,wave,45.1,paintbrush,26.24,79.32
fc7749c8-772c-4db0-b76d-e6c9888b6770,80755ea8-846f-4390-af01-5d325713b003,e65530cc-b73c-4d6b-8cb0-d732089e3822,2026-01-08 05:27:33.724980,explore,42.2,cube,83.68,56.32
543bdb30-f86e-4543-a149-090f0f3d3e42,80755ea8-846f-4390-af01-5d325713b003,e65530cc-b73c-4d6b-8cb0-d732089e3822,2026-01-08 05:27:56.724980,explore,42.4,cube,21.85,32.31
b3267417-6b1e-4139-a19a-6a48a27a6fe0,80755ea8-846f-4390-af01-5d325713b003,e65530cc-b73c-4d6b-8cb0-d732089e3822,2026-01-08 05:28:15.724980,wave,50.2,flower,44.52,50.49
0fbf1353-ff4a-45d0-9329-fdfe31c1cdd4,80755ea8-846f-4390-af01-5d325713b003,e65530cc-b73c-4d6b-8cb0-d732089e3822,2026-01-08 05:28:40.724980,explore,35.9,paintbrush,76.46,1.82
b31f2fbe-90a0-48b8-8e66-1e983e4c55f2,80755ea8-846f-4390-af01-5d325713b003,e65530cc-b73c-4d6b-8cb0-d732089e3822,2026-01-08 05:28:56.724980,explore,38.4,paintbrush,98.48,45.69
791c92a5-ab63-4155-b70a-fb19bc2fae0a,80755ea8-846f-4390-af01-5d325713b003,e65530cc-b73c-4d6b-8cb0-d732089e3822,2026-01-08 05:29:12.724980,wave,37.8,flower,16.91,10.63
38a9803a-3094-4dfd-83fe-42aafd7a0960,80755ea8-846f-4390-af01-5d325713b003,e65530cc-b73c-4d6b-8cb0-d732089e3822,2026-01-08 05:29:37.724980,spawn_object,39.1,flower,37.88,49.56
aefde2d6-476e-4d02-931e-02ab80122c82,80755ea8-846f-4390-af01-5d325713b003,e65530cc-b73c-4d6b-8cb0-d732089e3822,2026-01-08 05:29:54.724980,wave,36.0,cube,52.24,32.64
06df6a38-53b4-4eb6-9ddb-651182071590,80755ea8-846f-4390-af01-5d325713b003,e65530cc-b73c-4d6b-8cb0-d732089e3822,2026-01-08 05:30:24.724980,explore,40.2,flower,91.89,85.19
8ebb2eea-4b82-45f6-9aee-9671b94d13a7,80755ea8-846f-4390-af01-5d325713b003,e65530cc-b73c-4d6b-8cb0-d732089e3822,2026-01-08 05:30:47.724980,explore,46.6,paintbrush,13.94,57.86
5382f2a9-a0af-47f0-84b2-53c3b83d31cf,80755ea8-846f-4390-af01-5d325713b003,e65530cc-b73c-4d6b-8cb0-d732089e3822,2026-01-08 05:31:09.724980,explore,53.1,paintbrush,29.2,16.39
6b9ac341-3fb0-405c-bd66-fdff8282560a,80755ea8-846f-4390-af01-5d325713b003,e65530cc-b73c-4d6b-8cb0-d732089e3822,2026-01-08 05:31:25.724980,wave,33.5,flower,33.49,84.51
9bba8a0f-8fd7-43d0-84f2-00ba585ad637,80755ea8-846f-4390-af01-5d325713b003,e65530cc-b73c-4d6b-8cb0-d732089e3822,2026-01-08 05:31:52.724980,explore,43.0,cube,35.47,7.46
c507ab80-c1b0-4ba4-9454-71111126209b,80755ea8-846f-4390-af01-5d325713b003,e65530cc-b73c-4d6b-8cb0-d732089e3822,2026-01-08 05:32:20.724980,explore,46.8,paintbrush,6.0,1.06
9100ba1d-23e4-4672-98b3-1f716d22d859,26dbad4d-4e99-4077-b8db-684c37f1cc52,e9849558-83ad-4ae6-b2a8-3865420896ae,2026-01-07 23:18:34.724980,wave,41.9,cube,84.5,9.11
ac943bf1-f5b6-42b3-92dc-90c87aeea81e,26dbad4d-4e99-4077-b8db-684c37f1cc52,e9849558-83ad-4ae6-b2a8-3865420896ae,2026-01-07 23:18:43.724980,explore,39.6,flower,76.62,38.7
9295a4bf-aea7-453f-b03f-e50b2dd2bf49,26dbad4d-4e99-4077-b8db-684c37f1cc52,e9849558-83ad-4ae6-b2a8-3865420896ae,2026-01-07 23:18:52.724980,explore,40.1,cube,73.89,62.03
393ee94e-47bc-49bd-a7f3-945b4ac1a67f,26dbad4d-4e99-4077-b8db-684c37f1cc52,e9849558-83ad-4ae6-b2a8-3865420896ae,2026-01-07 23:19:06.724980,wave,54.4,cube,95.65,61.52
d46b3256-a904-4225-bc20-ada381b86925,26dbad4d-4e99-4077-b8db-684c37f1cc52,e9849558-83ad-4ae6-b2a8-3865420896ae,2026-01-07 23:19:36.724980,explore,35.2,cube,43.59,25.19
f0df0711-54b7-496d-82bf-71685dada7f9,26dbad4d-4e99-4077-b8db-684c37f1cc52,e9849558-83ad-4ae6-b2a8-3865420896ae,2026-01-07 23:19:50.724980,explore,38.6,flower,12.48,71.58
23a0e3b0-031f-4538-b18f-9d9c10d4c360,26dbad4d-4e99-4077-b8db-684c37f1cc52,e9849558-83ad-4ae6-b2a8-3865420896ae,2026-01-07 23:20:17.724980,explore,36.7,flower,54.48,39.69
5ce5c160-a42d-40cb-8b44-db9165cf1018,26dbad4d-4e99-4077-b8db-684c37f1cc52,e9849558-83ad-4ae6-b2a8-3865420896ae,2026-01-07 23:20:44.724980,explore,35.8,cube,91.56,27.08
ffaae16d-ccac-4b31-abc8-755130fbd0ea,26dbad4d-4e99-4077-b8db-684c37f1cc52,e9849558-83ad-4ae6-b2a8-3865420896ae,2026-01-07 23:20:57.724980,spawn_object,41.5,flower,78.84,27.38
56e0ca2b-28ab-41fd-866f-aa5e85d85192,26dbad4d-4e99-4077-b8db-684c37f1cc52,e9849558-83ad-4ae6-b2a8-3865420896ae,2026-01-07 23:21:20.724980,explore,40.6,paintbrush,33.02,25.44
9c4e09e3-feb5-45fd-b6de-96385243461d,26dbad4d-4e99-4077-b8db-684c37f1cc52,e9849558-83ad-4ae6-b2a8-3865420896ae,2026-01-07 23:21:44.724980,wave,31.7,flower,81.8,12.94
35a5671d-4de5-4318-a515-640105cdab75,26dbad4d-4e99-4077-b8db-684c37f1cc52,e9849558-83ad-4ae6-b2a8-3865420896ae,2026-01-07 23:21:52.724980,wave,39.7,paintbrush,1.53,68.86
cad9f9c4-d5e3-4cdd-9118-5c19c930cd42,26dbad4d-4e99-4077-b8db-684c37f1cc52,e9849558-83ad-4ae6-b2a8-3865420896ae,2026-01-07 23:22:06.724980,explore,42.1,flower,71.26,3.06
c81bc328-5835-4b22-b39e-979789dfe962,26dbad4d-4e99-4077-b8db-684c37f1cc52,e9849558-83ad-4ae6-b2a8-3865420896ae,2026-01-07 23:22:22.724980,wave,36.8,cube,60.07,98.03
64bb7149-43c8-489e-8c4f-40d2c266318e,26dbad4d-4e99-4077-b8db-684c37f1cc52,e9849558-83ad-4ae6-b2a8-3865420896ae,2026-01-07 23:22:45.724980,explore,37.7,paintbrush,54.85,82.24
6f6eb224-4819-4d0e-b20c-2baed4ec036c,26dbad4d-4e99-4077-b8db-684c37f1cc52,e9849558-83ad-4ae6-b2a8-3865420896ae,2026-01-07 23:22:56.724980,spawn_object,30.3,cube,31.45,97.33
8c0acd50-018a-4c8d-898a-d7e3ec0ea156,26dbad4d-4e99-4077-b8db-684c37f1cc52,e9849558-83ad-4ae6-b2a8-3865420896ae,2026-01-07 23:23:15.724980,wave,39.2,paintbrush,48.4,49.52
cd344e0b-e63e-42ff-9906-d5e88e972589,26dbad4d-4e99-4077-b8db-684c37f1cc52,e9849558-83ad-4ae6-b2a8-3865420896ae,2026-01-07 23:23:45.724980,explore,42.7,cube,38.05,79.78
09a523dc-c723-41cb-833f-16cb947b93a2,26dbad4d-4e99-4077-b8db-684c37f1cc52,e9849558-83ad-4ae6-b2a8-3865420896ae,2026-01-07 23:24:02.724980,spawn_object,41.1,paintbrush,30.61,9.96
0774a68c-1919-4c7e-b3e7-2941300ba66f,26dbad4d-4e99-4077-b8db-684c37f1cc52,e9849558-83ad-4ae6-b2a8-3865420896ae,2026-01-07 23:24:18.724980,wave,45.6,cube,60.14,93.23
c31ed2d4-e65f-416a-b946-b921be8e3bed,26dbad4d-4e99-4077-b8db-684c37f1cc52,e9849558-83ad-4ae6-b2a8-3865420896ae,2026-01-07 23:24:29.724980,explore,35.9,cube,47.02,40.79
dd0e848e-0c32-4b02-a4c8-babb2e270eff,26dbad4d-4e99-4077-b8db-684c37f1cc52,e9849558-83ad-4ae6-b2a8-3865420896ae,2026-01-07 23:24:56.724980,explore,33.1,cube,1.46,4.31
7a8d736e-a3b9-41b6-95a2-f4b21aa4a5c7,26dbad4d-4e99-4077-b8db-684c37f1cc52,e9849558-83ad-4ae6-b2a8-3865420896ae,2026-01-07 23:25:23.724980,explore,41.3,paintbrush,81.28,13.36
085a555e-fb07-476c-8d7c-a38d0834b414,26dbad4d-4e99-4077-b8db-684c37f1cc52,e9849558-83ad-4ae6-b2a8-3865420896ae,2026-01-07 23:25:28.724980,explore,33.0,paintbrush,48.65,52.16
856572b8-ecb4-4552-b25d-2d11f6aabc3b,26dbad4d-4e99-4077-b8db-684c37f1cc52,e9849558-83ad-4ae6-b2a8-3865420896ae,2026-01-07 23:25:44.724980,explore,35.6,cube,96.44,15.87
860ef8d1-6490-47e4-87f7-c6c4f6a158f7,26dbad4d-4e99-4077-b8db-684c37f1cc52,e9849558-83ad-4ae6-b2a8-3865420896ae,2026-01-07 23:26:06.724980,explore,36.7,paintbrush,20.26,47.88
1c04ff35-409e-44d0-882c-15fd567cfca2,26dbad4d-4e99-4077-b8db-684c37f1cc52,e9849558-83ad-4ae6-b2a8-3865420896ae,2026-01-07 23:26:14.724980,explore,46.9,flower,76.69,0.79
60c2be5f-16cc-4701-aea6-fb74cae09314,26dbad4d-4e99-4077-b8db-684c37f1cc52,e9849558-83ad-4ae6-b2a8-3865420896ae,2026-01-07 23:26:44.724980,explore,37.0,paintbrush,19.53,19.25
f9388960-8fba-4c96-90d3-060eadf75add,26dbad4d-4e99-4077-b8db-684c37f1cc52,e9849558-83ad-4ae6-b2a8-3865420896ae,2026-01-07 23:27:12.724980,explore,41.5,cube,91.53,71.96
80413cd1-a025-4a86-8f0a-6eda9666a33f,26dbad4d-4e99-4077-b8db-684c37f1cc52,e9849558-83ad-4ae6-b2a8-3865420896ae,2026-01-07 23:27:32.724980,explore,37.2,cube,54.16,3.4
a8f47653-d07f-4c57-84a3-30981da1ac1e,838bd78f-2bf0-4376-997a-c6f898710680,be944eb9-8355-41f6-a470-a1f19c334545,2026-01-07 20:39:14.724980,explore,37.6,paintbrush,8.83,80.29
98539da8-e57e-4660-8ab2-303a3244d701,838bd78f-2bf0-4376-997a-c6f898710680,be944eb9-8355-41f6-a470-a1f19c334545,2026-01-07 20:39:27.724980,explore,40.0,cube,41.22,96.97
7f10d2a9-6c41-452a-b517-4d21c806b22a,838bd78f-2bf0-4376-997a-c6f898710680,be944eb9-8355-41f6-a470-a1f19c334545,2026-01-07 20:39:43.724980,explore,46.0,flower,18.6,70.33
ad8ed103-fb4b-4bf0-8876-e379dd62fa59,838bd78f-2bf0-4376-997a-c6f898710680,be944eb9-8355-41f6-a470-a1f19c334545,2026-01-07 20:40:06.724980,explore,49.8,cube,28.98,75.92
0599dd8f-4c81-4b97-9d03-8b2d5fee0645,838bd78f-2bf0-4376-997a-c6f898710680,be944eb9-8355-41f6-a470-a1f19c334545,2026-01-07 20:40:28.724980,wave,43.9,flower,81.46,53.33
97cd4cf2-d20d-4e1c-a5d4-805f9b56d54e,838bd78f-2bf0-4376-997a-c6f898710680,be944eb9-8355-41f6-a470-a1f19c334545,2026-01-07 20:40:50.724980,spawn_object,41.0,cube,64.7,29.43
6aeff7a8-9410-465c-aab4-a083f7ef4b18,838bd78f-2bf0-4376-997a-c6f898710680,be944eb9-8355-41f6-a470-a1f19c334545,2026-01-07 20:41:16.724980,wave,36.6,flower,94.58,8.83
f6765a25-80a2-429b-a265-7a8488f2438e,838bd78f-2bf0-4376-997a-c6f898710680,be944eb9-8355-41f6-a470-a1f19c334545,2026-01-07 20:41:42.724980,explore,36.4,paintbrush,73.51,24.32
c80b7f7b-b62a-44f6-8120-87336cc6fa98,838bd78f-2bf0-4376-997a-c6f898710680,be944eb9-8355-41f6-a470-a1f19c334545,2026-01-07 20:41:47.724980,explore,42.1,flower,32.65,23.87
93dbbf89-7e68-41eb-8d23-32f6d379a249,838bd78f-2bf0-4376-997a-c6f898710680,be944eb9-8355-41f6-a470-a1f19c334545,2026-01-07 20:42:14.724980,explore,35.9,flower,1.83,31.98
1b8741bd-d335-48b1-a9e2-8467f93beb7f,838bd78f-2bf0-4376-997a-c6f898710680,be944eb9-8355-41f6-a470-a1f19c334545,2026-01-07 20:42:25.724980,explore,42.2,cube,99.92,32.45
c5e4df8e-8fea-4523-a409-e615277f8171,838bd78f-2bf0-4376-997a-c6f898710680,be944eb9-8355-41f6-a470-a1f19c334545,2026-01-07 20:42:51.724980,wave,31.6,paintbrush,13.63,41.7
26b70185-ce3e-48b5-bdb8-103544edc2af,838bd78f-2bf0-4376-997a-c6f898710680,be944eb9-8355-41f6-a470-a1f19c334545,2026-01-07 20:42:57.724980,explore,39.8,flower,81.35,15.56
6f5e64c7-852c-438a-87d8-c7e893326619,838bd78f-2bf0-4376-997a-c6f898710680,be944eb9-8355-41f6-a470-a1f19c334545,2026-01-07 20:43:06.724980,spawn_object,42.6,flower,93.54,57.17
bf23fa7a-c9c9-47ac-becf-11f552183364,838bd78f-2bf0-4376-997a-c6f898710680,be944eb9-8355-41f6-a470-a1f19c334545,2026-01-07 20:43:36.724980,spawn_object,42.9,cube,48.11,35.11
d2454ec8-b0d8-46eb-91bb-48080de8fb8a,838bd78f-2bf0-4376-997a-c6f898710680,be944eb9-8355-41f6-a470-a1f19c334545,2026-01-07 20:43:57.724980,spawn_object,48.5,cube,99.58,41.97
64ab3bb0-b070-442d-918d-367b5ed83d4a,838bd78f-2bf0-4376-997a-c6f898710680,be944eb9-8355-41f6-a470-a1f19c334545,2026-01-07 20:44:13.724980,wave,37.4,flower,36.58,62.37
ff256c89-fd51-43fa-a473-26b35be74ad1,838bd78f-2bf0-4376-997a-c6f898710680,be944eb9-8355-41f6-a470-a1f19c334545,2026-01-07 20:44:21.724980,spawn_object,39.2,flower,43.06,46.85
94568387-3f05-4066-b24e-54ebd98fff8d,838bd78f-2bf0-4376-997a-c6f898710680,be944eb9-8355-41f6-a470-a1f19c334545,2026-01-07 20:44:34.724980,spawn_object,35.5,paintbrush,45.14,3.51
c00a00b9-8c88-42d3-899d-82ed4b920aa7,838bd78f-2bf0-4376-997a-c6f898710680,be944eb9-8355-41f6-a470-a1f19c334545,2026-01-07 20:44:42.724980,wave,34.0,flower,76.24,57.88
dacadcec-a437-472f-87a6-64508cbc6ecf,838bd78f-2bf0-4376-997a-c6f898710680,be944eb9-8355-41f6-a470-a1f19c334545,2026-01-07 20:45:02.724980,explore,37.7,cube,17.69,41.96
cbf08e9f-8282-4a3f-a274-4597e3b54f4c,838bd78f-2bf0-4376-997a-c6f898710680,be944eb9-8355-41f6-a470-a1f19c334545,2026-01-07 20:45:09.724980,explore,41.2,paintbrush,36.87,29.26
6074d1d3-ee5f-44ad-9ed8-8e340e4fb04f,838bd78f-2bf0-4376-997a-c6f898710680,be944eb9-8355-41f6-a470-a1f19c334545,2026-01-07 20:45:25.724980,wave,35.2,cube,19.31,22.68
998afee1-8078-4fc3-bea4-a9d698f63eb6,838bd78f-2bf0-4376-997a-c6f898710680,be944eb9-8355-41f6-a470-a1f19c334545,2026-01-07 20:45:43.724980,explore,34.3,paintbrush,1.77,92.43
09844bab-b745-4690-b46a-a84ffbf5da95,838bd78f-2bf0-4376-997a-c6f898710680,be944eb9-8355-41f6-a470-a1f19c334545,2026-01-07 20:46:13.724980,spawn_object,28.9,flower,40.73,90.84
85ea6e29-faaf-41dc-bc1a-585627529f37,838bd78f-2bf0-4376-997a-c6f898710680,be944eb9-8355-41f6-a470-a1f19c334545,2026-01-07 20:46:20.724980,explore,43.9,cube,48.79,54.97
fa9ad1d7-3f07-4168-aa81-cf263411992b,838bd78f-2bf0-4376-997a-c6f898710680,be944eb9-8355-41f6-a470-a1f19c334545,2026-01-07 20:46:36.724980,wave,41.5,flower,87.03,16.65
9d678d9d-4365-47ce-bce9-1dcb2ccf536a,838bd78f-2bf0-4376-997a-c6f898710680,be944eb9-8355-41f6-a470-a1f19c334545,2026-01-07 20:46:56.724980,spawn_object,33.2,paintbrush,50.14,44.76
a2431840-b818-4568-9bcc-45569d2671e9,838bd78f-2bf0-4376-997a-c6f898710680,be944eb9-8355-41f6-a470-a1f19c334545,2026-01-07 20:47:02.724980,explore,37.9,cube,19.24,87.78
a1397b5f-356d-4d59-8c0b-0a453b5fb3d1,838bd78f-2bf0-4376-997a-c6f898710680,be944eb9-8355-41f6-a470-a1f19c334545,2026-01-07 20:47:31.724980,wave,50.0,flower,40.43,42.18
c4bfac5c-c049-4507-ae5f-1e3f3e466a49,838bd78f-2bf0-4376-997a-c6f898710680,be944eb9-8355-41f6-a470-a1f19c334545,2026-01-07 20:47:53.724980,explore,43.3,flower,13.61,38.37
65c9e7a2-d809-4538-98db-fe64fe1de431,838bd78f-2bf0-4376-997a-c6f898710680,be944eb9-8355-41f6-a470-a1f19c334545,2026-01-07 20:48:14.724980,wave,41.3,flower,84.48,62.15
f0501937-b162-4f62-84b7-c4dab6733f1d,838bd78f-2bf0-4376-997a-c6f898710680,be944eb9-8355-41f6-a470-a1f19c334545,2026-01-07 20:48:23.724980,wave,31.7,flower,56.56,57.18
cf509d11-7da2-4b62-bda0-8deac4886bde,838bd78f-2bf0-4376-997a-c6f898710680,be944eb9-8355-41f6-a470-a1f19c334545,2026-01-07 20:48:46.724980,explore,37.0,flower,75.33,37.96
85b206ad-8c99-4312-8026-3bcca81195a9,838bd78f-2bf0-4376-997a-c6f898710680,be944eb9-8355-41f6-a470-a1f19c334545,2026-01-07 20:48:59.724980,wave,43.6,flower,61.91,60.87
8d95f9d0-f3f6-41e2-a7de-d20b96ee8181,838bd78f-2bf0-4376-997a-c6f898710680,be944eb9-8355-41f6-a470-a1f19c334545,2026-01-07 20:49:10.724980,explore,33.7,flower,34.7,45.86
1843e09f-26f2-43eb-b60b-a50baa38308f,715fb49a-a481-446d-a9fe-8166c5eb6ac4,2b97139e-a0d4-482d-868a-4addc5e798d3,2026-01-08 02:21:17.724980,explore,44.5,flower,95.68,50.28
90f8e937-e906-43b3-b13e-b54203c83822,715fb49a-a481-446d-a9fe-8166c5eb6ac4,2b97139e-a0d4-482d-868a-4addc5e798d3,2026-01-08 02:21:44.724980,explore,41.8,cube,74.55,87.09
97910a4d-2094-4d0c-bc8f-abc6c8cddc65,715fb49a-a481-446d-a9fe-8166c5eb6ac4,2b97139e-a0d4-482d-868a-4addc5e798d3,2026-01-08 02:21:55.724980,spawn_object,28.4,paintbrush,59.34,80.74
2b06f3b6-43d3-4ba0-b3ef-e470d09e10c6,715fb49a-a481-446d-a9fe-8166c5eb6ac4,2b97139e-a0d4-482d-868a-4addc5e798d3,2026-01-08 02:22:22.724980,explore,42.2,cube,64.55,49.36
b16f17f9-190b-49e8-a165-0fab96c9b0ab,715fb49a-a481-446d-a9fe-8166c5eb6ac4,2b97139e-a0d4-482d-868a-4addc5e798d3,2026-01-08 02:22:40.724980,wave,44.8,flower,59.71,35.56
144fd0cf-e046-4aba-bd5f-a5099be29e16,715fb49a-a481-446d-a9fe-8166c5eb6ac4,2b97139e-a0d4-482d-868a-4addc5e798d3,2026-01-08 02:22:56.724980,wave,38.9,flower,85.81,62.73
47054556-6824-489a-9e09-9c34ac3cd05b,715fb49a-a481-446d-a9fe-8166c5eb6ac4,2b97139e-a0d4-482d-868a-4addc5e798d3,2026-01-08 02:23:08.724980,explore,46.7,flower,69.74,14.81
15696e69-221a-45e2-90d4-f9cb626576e6,715fb49a-a481-446d-a9fe-8166c5eb6ac4,2b97139e-a0d4-482d-868a-4addc5e798d3,2026-01-08 02:23:33.724980,spawn_object,39.5,flower,68.17,29.87
421627b8-c6cb-41ce-86e2-c75455383e00,715fb49a-a481-446d-a9fe-8166c5eb6ac4,2b97139e-a0d4-482d-868a-4addc5e798d3,2026-01-08 02:24:03.724980,wave,35.6,paintbrush,63.02,66.52
53ca16e8-d98b-4496-8433-e753f74d1471,715fb49a-a481-446d-a9fe-8166c5eb6ac4,2b97139e-a0d4-482d-868a-4addc5e798d3,2026-01-08 02:24:26.724980,explore,37.3,flower,67.73,50.65
84742619-952c-449b-ae83-7d36659af6f1,715fb49a-a481-446d-a9fe-8166c5eb6ac4,2b97139e-a0d4-482d-868a-4addc5e798d3,2026-01-08 02:24:34.724980,explore,36.1,paintbrush,20.88,75.62
9f259faf-c8de-479c-99df-5e2ef88e6bb7,715fb49a-a481-446d-a9fe-8166c5eb6ac4,2b97139e-a0d4-482d-868a-4addc5e798d3,2026-01-08 02:24:43.724980,explore,43.3,paintbrush,26.94,47.56
a8c59537-1587-4777-b71a-355a62ef02bd,715fb49a-a481-446d-a9fe-8166c5eb6ac4,2b97139e-a0d4-482d-868a-4addc5e798d3,2026-01-08 02:24:55.724980,explore,35.8,flower,63.58,52.4
e7fa3388-5a7d-4969-a5df-13086ee4a9c3,22895c47-9c43-4e6b-8f80-335d496bc6af,0d08b21e-d978-4063-b8b2-eb865c07498e,2026-01-07 23:34:28.724980,explore,38.9,flower,20.23,3.09
3ddf2395-048d-43af-b7e2-1963838a5a50,22895c47-9c43-4e6b-8f80-335d496bc6af,0d08b21e-d978-4063-b8b2-eb865c07498e,2026-01-07 23:34:43.724980,spawn_object,33.7,cube,50.18,16.44
f4cd55bf-626b-4504-926d-4efb5cba81dd,22895c47-9c43-4e6b-8f80-335d496bc6af,0d08b21e-d978-4063-b8b2-eb865c07498e,2026-01-07 23:34:54.724980,wave,40.9,cube,35.08,48.79
89830964-189e-44e4-97a8-781b5b85f4e1,22895c47-9c43-4e6b-8f80-335d496bc6af,0d08b21e-d978-4063-b8b2-eb865c07498e,2026-01-07 23:35:22.724980,explore,47.0,paintbrush,7.23,74.75
7e252f4c-72a7-4419-863b-d36e2ae10a49,22895c47-9c43-4e6b-8f80-335d496bc6af,0d08b21e-d978-4063-b8b2-eb865c07498e,2026-01-07 23:35:43.724980,explore,49.0,cube,39.36,37.44
b2aa7dbd-f837-4d42-bd5a-ae134d374c62,22895c47-9c43-4e6b-8f80-335d496bc6af,0d08b21e-d978-4063-b8b2-eb865c07498e,2026-01-07 23:35:49.724980,explore,37.4,paintbrush,40.92,94.44
3c551002-45f3-48a2-a586-38d7800590fa,22895c47-9c43-4e6b-8f80-335d496bc6af,0d08b21e-d978-4063-b8b2-eb865c07498e,2026-01-07 23:36:12.724980,wave,37.9,paintbrush,69.7,78.5
c7e778e6-6a41-4b42-9ed2-8314cc02b245,22895c47-9c43-4e6b-8f80-335d496bc6af,0d08b21e-d978-4063-b8b2-eb865c07498e,2026-01-07 23:36:29.724980,wave,45.6,flower,95.96,42.49
fb43ffe8-b9ba-4389-b496-113e6ccb4a3b,22895c47-9c43-4e6b-8f80-335d496bc6af,0d08b21e-d978-4063-b8b2-eb865c07498e,2026-01-07 23:36:50.724980,explore,43.7,paintbrush,28.08,8.14
f336dad6-5875-4711-9c63-bfafbfa1d1d5,22895c47-9c43-4e6b-8f80-335d496bc6af,0d08b21e-d978-4063-b8b2-eb865c07498e,2026-01-07 23:37:16.724980,wave,41.2,flower,47.86,38.16
6fc9bcf1-fde1-4798-aabf-40a3ba548679,22895c47-9c43-4e6b-8f80-335d496bc6af,0d08b21e-d978-4063-b8b2-eb865c07498e,2026-01-07 23:37:23.724980,explore,40.1,cube,96.66,98.01
d24c9673-d5eb-4bf0-a399-561033af36f6,22895c47-9c43-4e6b-8f80-335d496bc6af,0d08b21e-d978-4063-b8b2-eb865c07498e,2026-01-07 23:37:32.724980,explore,48.5,flower,81.56,37.58
cd91e2da-026c-42cf-9232-aaea67538d08,22895c47-9c43-4e6b-8f80-335d496bc6af,0d08b21e-d978-4063-b8b2-eb865c07498e,2026-01-07 23:38:02.724980,explore,37.7,flower,17.94,66.44
a1487839-fbd2-4eb7-b7a4-3e2e9b29fd14,22895c47-9c43-4e6b-8f80-335d496bc6af,0d08b21e-d978-4063-b8b2-eb865c07498e,2026-01-07 23:38:25.724980,wave,37.6,flower,97.87,42.75
9bbfa663-deb0-4be8-9007-22d5fb3984e4,22895c47-9c43-4e6b-8f80-335d496bc6af,0d08b21e-d978-4063-b8b2-eb865c07498e,2026-01-07 23:38:39.724980,wave,36.1,cube,26.49,28.46
05f031f6-dd14-4d07-a081-e0f655a523c2,22895c47-9c43-4e6b-8f80-335d496bc6af,0d08b21e-d978-4063-b8b2-eb865c07498e,2026-01-07 23:38:45.724980,spawn_object,54.2,cube,48.51,79.44
9bb827c7-8865-4130-92ad-7654264d67f3,22895c47-9c43-4e6b-8f80-335d496bc6af,0d08b21e-d978-4063-b8b2-eb865c07498e,2026-01-07 23:39:06.724980,explore,41.1,paintbrush,64.8,32.02
85e0ac7c-e3f5-4698-bedb-c453b4bf986c,22895c47-9c43-4e6b-8f80-335d496bc6af,0d08b21e-d978-4063-b8b2-eb865c07498e,2026-01-07 23:39:24.724980,wave,42.7,flower,1.57,80.26
96166d75-fa78-446d-9086-7f54ee1be0e5,22895c47-9c43-4e6b-8f80-335d496bc6af,0d08b21e-d978-4063-b8b2-eb865c07498e,2026-01-07 23:39:50.724980,wave,32.6,paintbrush,74.62,93.31
1450bf7c-70b7-440c-aa2d-f3643e9aea26,22895c47-9c43-4e6b-8f80-335d496bc6af,0d08b21e-d978-4063-b8b2-eb865c07498e,2026-01-07 23:40:16.724980,explore,35.1,flower,17.31,80.88
0559dcb5-d768-4563-9d12-a160e7d3f3ef,22895c47-9c43-4e6b-8f80-335d496bc6af,0d08b21e-d978-4063-b8b2-eb865c07498e,2026-01-07 23:40:30.724980,explore,41.9,cube,59.85,34.04
74db6001-d7cb-4e2c-a612-b704e61e9ad5,22895c47-9c43-4e6b-8f80-335d496bc6af,0d08b21e-d978-4063-b8b2-eb865c07498e,2026-01-07 23:40:51.724980,explore,34.3,paintbrush,89.42,61.41
d2e59f63-3e2b-4941-b69c-781fc70cd9dd,22895c47-9c43-4e6b-8f80-335d496bc6af,0d08b21e-d978-4063-b8b2-eb865c07498e,2026-01-07 23:41:15.724980,explore,33.6,paintbrush,17.13,4.95
8216cadd-0f09-4a66-9105-2097d24da373,22895c47-9c43-4e6b-8f80-335d496bc6af,0d08b21e-d978-4063-b8b2-eb865c07498e,2026-01-07 23:41:29.724980,explore,41.1,flower,30.54,47.06
576d761a-8032-44b1-aa1e-1d45dc163182,22895c47-9c43-4e6b-8f80-335d496bc6af,0d08b21e-d978-4063-b8b2-eb865c07498e,2026-01-07 23:41:39.724980,explore,42.2,flower,4.8,60.14
f61967ff-f009-4a3f-964f-9541d8ab5060,22895c47-9c43-4e6b-8f80-335d496bc6af,0d08b21e-d978-4063-b8b2-eb865c07498e,2026-01-07 23:42:05.724980,spawn_object,38.9,cube,70.7,97.84
d9a73dd3-7281-4d4f-9ed3-4b6b4c39f44c,22895c47-9c43-4e6b-8f80-335d496bc6af,0d08b21e-d978-4063-b8b2-eb865c07498e,2026-01-07 23:42:19.724980,spawn_object,35.8,flower,38.81,51.95
3cd5736d-b8bc-4f27-b085-876eda2a403c,22895c47-9c43-4e6b-8f80-335d496bc6af,0d08b21e-d978-4063-b8b2-eb865c07498e,2026-01-07 23:42:43.724980,explore,45.0,paintbrush,58.29,53.67
dd482f4d-420c-4ac1-96ac-463d10b6c7b1,22895c47-9c43-4e6b-8f80-335d496bc6af,0d08b21e-d978-4063-b8b2-eb865c07498e,2026-01-07 23:43:12.724980,explore,42.4,paintbrush,96.47,47.88
53842c43-9353-4988-8b25-413d2b60084d,794113d6-e280-4f60-80d5-7fbfb1ce8103,dfbdfac5-565d-4a7c-91e2-035f43b220cf,2026-01-08 07:40:10.724980,explore,43.3,cube,12.61,76.97
d497bd7e-c1ff-4b4d-81c9-5f6f986a72d1,794113d6-e280-4f60-80d5-7fbfb1ce8103,dfbdfac5-565d-4a7c-91e2-035f43b220cf,2026-01-08 07:40:25.724980,explore,35.8,paintbrush,31.24,53.22
f1680fae-ac16-46e5-b2de-3aed68fab685,794113d6-e280-4f60-80d5-7fbfb1ce8103,dfbdfac5-565d-4a7c-91e2-035f43b220cf,2026-01-08 07:40:33.724980,explore,43.5,cube,12.11,28.91
49657c5e-3f0a-4b53-8924-0fe398c3c3a5,794113d6-e280-4f60-80d5-7fbfb1ce8103,dfbdfac5-565d-4a7c-91e2-035f43b220cf,2026-01-08 07:40:45.724980,explore,40.3,paintbrush,34.22,65.84
f1bcd453-5dd4-4e40-9ea0-abc755eff5af,794113d6-e280-4f60-80d5-7fbfb1ce8103,dfbdfac5-565d-4a7c-91e2-035f43b220cf,2026-01-08 07:41:09.724980,explore,38.2,flower,14.9,85.66
1ec46eab-13db-4187-adfb-529b520be8f0,794113d6-e280-4f60-80d5-7fbfb1ce8103,dfbdfac5-565d-4a7c-91e2-035f43b220cf,2026-01-08 07:41:34.724980,wave,32.9,flower,30.08,11.76
8ae17c23-7f57-4ea1-8b36-9b883f2c96a5,794113d6-e280-4f60-80d5-7fbfb1ce8103,dfbdfac5-565d-4a7c-91e2-035f43b220cf,2026-01-08 07:41:58.724980,explore,39.6,flower,7.28,74.14
0569f3e5-6b35-44d0-a0e8-c08cb72d85fa,794113d6-e280-4f60-80d5-7fbfb1ce8103,dfbdfac5-565d-4a7c-91e2-035f43b220cf,2026-01-08 07:42:04.724980,explore,44.0,flower,79.2,27.3
e734f16e-34b1-431b-9fbe-213e2133df6d,794113d6-e280-4f60-80d5-7fbfb1ce8103,dfbdfac5-565d-4a7c-91e2-035f43b220cf,2026-01-08 07:42:33.724980,explore,41.7,flower,82.4,48.35
80ff3ea6-2a9a-481b-8bf0-f6eb0ff9c170,794113d6-e280-4f60-80d5-7fbfb1ce8103,dfbdfac5-565d-4a7c-91e2-035f43b220cf,2026-01-08 07:42:52.724980,explore,40.3,cube,91.79,36.92
65b72c41-1ced-40af-82c0-90bab131dadc,794113d6-e280-4f60-80d5-7fbfb1ce8103,dfbdfac5-565d-4a7c-91e2-035f43b220cf,2026-01-08 07:43:07.724980,explore,36.0,flower,51.84,61.3
c5e2fb1f-21fd-4bc7-b82a-ba9f44c12c6d,794113d6-e280-4f60-80d5-7fbfb1ce8103,dfbdfac5-565d-4a7c-91e2-035f43b220cf,2026-01-08 07:43:25.724980,spawn_object,41.4,flower,37.89,46.54
79b8187e-4047-4408-898c-9905bba09400,794113d6-e280-4f60-80d5-7fbfb1ce8103,dfbdfac5-565d-4a7c-91e2-035f43b220cf,2026-01-08 07:43:52.724980,explore,35.3,cube,46.51,8.36
16b7ebad-9d5d-4e9f-b765-494dfd1d6029,794113d6-e280-4f60-80d5-7fbfb1ce8103,dfbdfac5-565d-4a7c-91e2-035f43b220cf,2026-01-08 07:44:07.724980,spawn_object,51.3,flower,39.31,56.32
4837a4d3-3be6-4da5-bcdd-df35bdff1967,794113d6-e280-4f60-80d5-7fbfb1ce8103,dfbdfac5-565d-4a7c-91e2-035f43b220cf,2026-01-08 07:44:23.724980,explore,36.5,flower,47.52,13.14
ecb563f7-8e29-4494-ab36-a3b2da7209b5,794113d6-e280-4f60-80d5-7fbfb1ce8103,dfbdfac5-565d-4a7c-91e2-035f43b220cf,2026-01-08 07:44:29.724980,explore,39.1,flower,51.91,49.34
c3c9e963-9921-4114-8a2f-dc1282fc4e3a,794113d6-e280-4f60-80d5-7fbfb1ce8103,dfbdfac5-565d-4a7c-91e2-035f43b220cf,2026-01-08 07:44:43.724980,spawn_object,47.3,flower,42.44,23.99
3e64b990-f6d1-4f9e-9d4f-04e5f5ecf948,794113d6-e280-4f60-80d5-7fbfb1ce8103,dfbdfac5-565d-4a7c-91e2-035f43b220cf,2026-01-08 07:45:07.724980,spawn_object,40.1,cube,59.54,39.61
ae81ed08-29eb-464c-b9b5-9add248ace5a,794113d6-e280-4f60-80d5-7fbfb1ce8103,dfbdfac5-565d-4a7c-91e2-035f43b220cf,2026-01-08 07:45:26.724980,spawn_object,40.5,flower,78.2,8.7
e5ffa44c-6398-4fad-9495-253b97ab18c0,794113d6-e280-4f60-80d5-7fbfb1ce8103,dfbdfac5-565d-4a7c-91e2-035f43b220cf,2026-01-08 07:45:39.724980,explore,38.8,cube,99.42,85.15
f51bfc10-0459-493a-8b29-ace2a2b72e4b,794113d6-e280-4f60-80d5-7fbfb1ce8103,dfbdfac5-565d-4a7c-91e2-035f43b220cf,2026-01-08 07:45:51.724980,explore,38.4,flower,60.76,50.43
95ae7de1-3e16-4c2b-b272-54ab42bba9ca,794113d6-e280-4f60-80d5-7fbfb1ce8103,dfbdfac5-565d-4a7c-91e2-035f43b220cf,2026-01-08 07:46:00.724980,explore,43.5,flower,0.5,91.58
99c933f7-28bb-484d-a13e-d127d81534ba,794113d6-e280-4f60-80d5-7fbfb1ce8103,dfbdfac5-565d-4a7c-91e2-035f43b220cf,2026-01-08 07:46:29.724980,wave,47.0,paintbrush,55.2,19.04
8bbd08c6-9688-4046-b434-ed43df2d37e2,794113d6-e280-4f60-80d5-7fbfb1ce8103,dfbdfac5-565d-4a7c-91e2-035f43b220cf,2026-01-08 07:46:58.724980,wave,39.5,cube,47.83,39.53
d847edd6-bf4b-4a4b-a78c-e4ea624b8048,794113d6-e280-4f60-80d5-7fbfb1ce8103,dfbdfac5-565d-4a7c-91e2-035f43b220cf,2026-01-08 07:47:08.724980,wave,43.8,paintbrush,23.6,86.84
3e9487a7-e852-42fd-bcfc-6a10b7f6c3a0,794113d6-e280-4f60-80d5-7fbfb1ce8103,dfbdfac5-565d-4a7c-91e2-035f43b220cf,2026-01-08 07:47:16.724980,explore,34.9,cube,2.17,86.59
ded2f493-5700-4ef0-88a0-81fa297c88f5,794113d6-e280-4f60-80d5-7fbfb1ce8103,dfbdfac5-565d-4a7c-91e2-035f43b220cf,2026-01-08 07:47:32.724980,explore,34.6,flower,49.57,87.27
f7747eb7-f7be-40d2-8bf7-29cef70c8157,11f9842c-3cf8-40d3-a4a2-3207c68d5f66,b3e41932-ae72-494d-bce8-572d3fa1e954,2026-01-07 19:57:15.724980,explore,33.4,flower,74.95,54.78
e105aa15-a636-4d80-b566-011721f555a9,11f9842c-3cf8-40d3-a4a2-3207c68d5f66,b3e41932-ae72-494d-bce8-572d3fa1e954,2026-01-07 19:57:34.724980,explore,38.3,flower,89.07,43.3
5434750e-bebf-44ca-bdb5-96fe9a0dd699,11f9842c-3cf8-40d3-a4a2-3207c68d5f66,b3e41932-ae72-494d-bce8-572d3fa1e954,2026-01-07 19:57:53.724980,explore,44.5,paintbrush,43.72,45.75
b6830ace-1d03-46c3-a69a-99c5665faa5b,11f9842c-3cf8-40d3-a4a2-3207c68d5f66,b3e41932-ae72-494d-bce8-572d3fa1e954,2026-01-07 19:58:13.724980,wave,49.3,paintbrush,41.95,28.91
8017f0c0-dc6d-4626-95b9-70790f133329,11f9842c-3cf8-40d3-a4a2-3207c68d5f66,b3e41932-ae72-494d-bce8-572d3fa1e954,2026-01-07 19:58:42.724980,explore,38.9,paintbrush,90.24,89.93
1cf0b39c-4a9d-4b67-8c6f-e62dcd109405,11f9842c-3cf8-40d3-a4a2-3207c68d5f66,b3e41932-ae72-494d-bce8-572d3fa1e954,2026-01-07 19:58:58.724980,wave,42.0,paintbrush,89.39,52.18
088cb605-3d01-4528-849a-a92641eccfd1,11f9842c-3cf8-40d3-a4a2-3207c68d5f66,b3e41932-ae72-494d-bce8-572d3fa1e954,2026-01-07 19:59:08.724980,explore,32.9,cube,19.9,39.28
72fb0ea1-7960-4ddb-8b61-a9f7d907779c,11f9842c-3cf8-40d3-a4a2-3207c68d5f66,b3e41932-ae72-494d-bce8-572d3fa1e954,2026-01-07 19:59:23.724980,explore,39.6,cube,76.52,60.99
044c372c-d276-43a0-ac8a-100c4bc0e4e8,11f9842c-3cf8-40d3-a4a2-3207c68d5f66,b3e41932-ae72-494d-bce8-572d3fa1e954,2026-01-07 19:59:35.724980,explore,38.2,paintbrush,34.56,24.03
1dbc3ad1-9abf-43f5-ae4d-d6314d6d262c,11f9842c-3cf8-40d3-a4a2-3207c68d5f66,b3e41932-ae72-494d-bce8-572d3fa1e954,2026-01-07 20:00:05.724980,explore,45.4,paintbrush,34.86,42.97
476614b6-c1dc-4ca4-8b6f-6d5b93c4918a,04d8bb93-9030-4ab3-8619-eb21cf536547,d69bcd40-60f9-419f-b244-fdd114ac47a0,2026-01-08 03:37:20.724980,explore,44.6,cube,28.66,65.77
6d6d58c2-5322-44ec-8acb-3654d385193f,04d8bb93-9030-4ab3-8619-eb21cf536547,d69bcd40-60f9-419f-b244-fdd114ac47a0,2026-01-08 03:37:25.724980,explore,48.2,paintbrush,50.96,50.66
eaef4307-64a5-497b-a33a-588d57b16fa5,04d8bb93-9030-4ab3-8619-eb21cf536547,d69bcd40-60f9-419f-b244-fdd114ac47a0,2026-01-08 03:37:50.724980,explore,45.5,flower,92.24,67.24
b9767173-85de-4051-88f9-3cf072cf1e05,04d8bb93-9030-4ab3-8619-eb21cf536547,d69bcd40-60f9-419f-b244-fdd114ac47a0,2026-01-08 03:38:05.724980,explore,38.1,flower,42.02,85.54
bdbf3281-d4e9-450c-8fa0-0b2094803e12,04d8bb93-9030-4ab3-8619-eb21cf536547,d69bcd40-60f9-419f-b244-fdd114ac47a0,2026-01-08 03:38:32.724980,explore,50.1,flower,53.06,56.84
06253bdf-ea96-4c2a-8802-8743b386a8bf,04d8bb93-9030-4ab3-8619-eb21cf536547,d69bcd40-60f9-419f-b244-fdd114ac47a0,2026-01-08 03:38:55.724980,explore,42.9,cube,19.61,97.73
17dcb45a-7dc1-47e5-b5e0-0e0b9ccf1f2e,04d8bb93-9030-4ab3-8619-eb21cf536547,d69bcd40-60f9-419f-b244-fdd114ac47a0,2026-01-08 03:39:09.724980,explore,46.1,paintbrush,21.88,12.11
e965e3c1-d5f8-495d-b8e6-f4458815b07c,04d8bb93-9030-4ab3-8619-eb21cf536547,d69bcd40-60f9-419f-b244-fdd114ac47a0,2026-01-08 03:39:31.724980,wave,46.0,flower,61.88,76.82
e40f9115-e81f-43d1-b4e9-f34fbefe0986,04d8bb93-9030-4ab3-8619-eb21cf536547,d69bcd40-60f9-419f-b244-fdd114ac47a0,2026-01-08 03:39:56.724980,explore,35.4,paintbrush,52.93,61.16
56f2cbbe-2363-40a0-acf8-2ffb839a76cf,04d8bb93-9030-4ab3-8619-eb21cf536547,d69bcd40-60f9-419f-b244-fdd114ac47a0,2026-01-08 03:40:18.724980,explore,39.9,cube,17.35,68.32
b3f33561-799d-4c81-922f-e14cc58b9390,04d8bb93-9030-4ab3-8619-eb21cf536547,d69bcd40-60f9-419f-b244-fdd114ac47a0,2026-01-08 03:40:46.724980,explore,40.2,flower,87.8,8.0
19b14418-6b77-4dbe-8519-f0e215c7af35,04d8bb93-9030-4ab3-8619-eb21cf536547,d69bcd40-60f9-419f-b244-fdd114ac47a0,2026-01-08 03:41:09.724980,wave,37.2,paintbrush,14.84,77.1
09eb5bd5-1519-490f-ad73-8405d93c319b,04d8bb93-9030-4ab3-8619-eb21cf536547,d69bcd40-60f9-419f-b244-fdd114ac47a0,2026-01-08 03:41:24.724980,wave,26.3,paintbrush,76.91,12.97
6bd29759-f365-4382-a8d1-b956726185fb,04d8bb93-9030-4ab3-8619-eb21cf536547,d69bcd40-60f9-419f-b244-fdd114ac47a0,2026-01-08 03:41:34.724980,explore,43.6,cube,89.95,54.13
9e86e779-d215-4476-ac4d-f72f546e8ad9,04d8bb93-9030-4ab3-8619-eb21cf536547,d69bcd40-60f9-419f-b244-fdd114ac47a0,2026-01-08 03:41:56.724980,explore,33.9,cube,19.17,76.91
d71b73e4-b22a-4b13-9c1b-e47a384926e7,04d8bb93-9030-4ab3-8619-eb21cf536547,d69bcd40-60f9-419f-b244-fdd114ac47a0,2026-01-08 03:42:08.724980,wave,41.6,paintbrush,45.71,43.04
606e5029-592b-4abc-a128-094a85368a17,04d8bb93-9030-4ab3-8619-eb21cf536547,d69bcd40-60f9-419f-b244-fdd114ac47a0,2026-01-08 03:42:28.724980,explore,47.0,cube,42.95,89.03
16eb730e-2325-43a1-95c7-b74e4cde76ed,04d8bb93-9030-4ab3-8619-eb21cf536547,d69bcd40-60f9-419f-b244-fdd114ac47a0,2026-01-08 03:42:47.724980,spawn_object,37.0,cube,16.37,12.41
0a249db1-4110-4e6c-8186-a593029f794e,04d8bb93-9030-4ab3-8619-eb21cf536547,d69bcd40-60f9-419f-b244-fdd114ac47a0,2026-01-08 03:43:07.724980,wave,28.4,flower,52.03,70.9
b3e21a8c-8434-4eca-a637-c6265b046b3a,04d8bb93-9030-4ab3-8619-eb21cf536547,d69bcd40-60f9-419f-b244-fdd114ac47a0,2026-01-08 03:43:14.724980,spawn_object,37.4,cube,45.31,49.31
be65c34c-5b17-46fb-9141-478e2d30d09b,04d8bb93-9030-4ab3-8619-eb21cf536547,d69bcd40-60f9-419f-b244-fdd114ac47a0,2026-01-08 03:43:22.724980,wave,39.2,flower,55.99,25.59
71415f50-6ea3-4c13-a6ad-1afac632ba8e,04d8bb93-9030-4ab3-8619-eb21cf536547,d69bcd40-60f9-419f-b244-fdd114ac47a0,2026-01-08 03:43:52.724980,spawn_object,39.9,flower,69.88,76.16
7b0956c6-52ee-4428-8c1e-4b924a88098b,04d8bb93-9030-4ab3-8619-eb21cf536547,d69bcd40-60f9-419f-b244-fdd114ac47a0,2026-01-08 03:44:02.724980,explore,36.6,cube,46.93,65.67
baf10c7d-a525-495b-8397-c4f617205e6f,04d8bb93-9030-4ab3-8619-eb21cf536547,d69bcd40-60f9-419f-b244-fdd114ac47a0,2026-01-08 03:44:28.724980,explore,38.4,flower,23.67,76.96
785ca31a-3f8d-49e8-8d1c-a2a946b445b1,04d8bb93-9030-4ab3-8619-eb21cf536547,d69bcd40-60f9-419f-b244-fdd114ac47a0,2026-01-08 03:44:52.724980,spawn_object,38.5,paintbrush,6.56,72.54
9f642915-9d02-45cb-bd10-32b8f3795529,04d8bb93-9030-4ab3-8619-eb21cf536547,d69bcd40-60f9-419f-b244-fdd114ac47a0,2026-01-08 03:45:14.724980,wave,32.1,cube,12.89,41.74
5c6decfc-1447-48c7-90f3-e23285da6159,04d8bb93-9030-4ab3-8619-eb21cf536547,d69bcd40-60f9-419f-b244-fdd114ac47a0,2026-01-08 03:45:21.724980,wave,39.4,cube,12.91,19.33
ba11173d-9ffc-4178-b631-39fb6beb1bed,04d8bb93-9030-4ab3-8619-eb21cf536547,d69bcd40-60f9-419f-b244-fdd114ac47a0,2026-01-08 03:45:46.724980,wave,48.2,flower,28.78,16.25
cf3549c0-5c31-4579-85be-b3bda76bd980,04d8bb93-9030-4ab3-8619-eb21cf536547,d69bcd40-60f9-419f-b244-fdd114ac47a0,2026-01-08 03:46:14.724980,explore,39.7,cube,45.94,59.0
6f4f42af-0e19-4f12-a39a-672e9820616d,9b11a537-fe5e-49d0-981c-2775c27af9bf,2acdd3c5-a4b3-4b8a-bfa6-9a4641035dbc,2026-01-08 04:03:12.724980,explore,33.8,cube,41.65,51.02
32cd1b1a-4194-47de-b00e-9227d9f1e8e3,9b11a537-fe5e-49d0-981c-2775c27af9bf,2acdd3c5-a4b3-4b8a-bfa6-9a4641035dbc,2026-01-08 04:03:19.724980,wave,37.5,flower,9.92,28.3
20a38f4d-0679-42fd-a8a5-344961f08bb8,9b11a537-fe5e-49d0-981c-2775c27af9bf,2acdd3c5-a4b3-4b8a-bfa6-9a4641035dbc,2026-01-08 04:03:37.724980,explore,39.4,paintbrush,91.65,44.92
bc3c1c12-bfc9-4ccf-bc14-7e2aa22753a7,9b11a537-fe5e-49d0-981c-2775c27af9bf,2acdd3c5-a4b3-4b8a-bfa6-9a4641035dbc,2026-01-08 04:04:00.724980,wave,39.1,flower,8.12,9.07
27c694f2-0163-49d8-b2a9-2ae963e54ffe,9b11a537-fe5e-49d0-981c-2775c27af9bf,2acdd3c5-a4b3-4b8a-bfa6-9a4641035dbc,2026-01-08 04:04:18.724980,explore,40.9,cube,17.62,83.17
9ca57338-726b-4bd6-8ff5-057fbe141ea4,9b11a537-fe5e-49d0-981c-2775c27af9bf,2acdd3c5-a4b3-4b8a-bfa6-9a4641035dbc,2026-01-08 04:04:34.724980,explore,40.7,flower,89.97,51.28
66f52a73-2885-49b5-8098-52d51c31a36d,9b11a537-fe5e-49d0-981c-2775c27af9bf,2acdd3c5-a4b3-4b8a-bfa6-9a4641035dbc,2026-01-08 04:05:01.724980,wave,43.9,cube,22.25,29.78
24aa93fc-0225-4cfc-8c37-5ea8771c8f46,9b11a537-fe5e-49d0-981c-2775c27af9bf,2acdd3c5-a4b3-4b8a-bfa6-9a4641035dbc,2026-01-08 04:05:12.724980,spawn_object,31.2,cube,26.65,46.41
cb16be39-3343-4c91-9028-f384e1cc0282,9b11a537-fe5e-49d0-981c-2775c27af9bf,2acdd3c5-a4b3-4b8a-bfa6-9a4641035dbc,2026-01-08 04:05:25.724980,explore,39.5,cube,70.81,37.93
d3e9f1e4-0d98-4636-bf22-37bec1fe4ddf,9b11a537-fe5e-49d0-981c-2775c27af9bf,2acdd3c5-a4b3-4b8a-bfa6-9a4641035dbc,2026-01-08 04:05:47.724980,explore,35.5,paintbrush,41.63,65.08
9cf12a7a-6fe7-4e53-82bf-9c6d78a251fb,9b11a537-fe5e-49d0-981c-2775c27af9bf,2acdd3c5-a4b3-4b8a-bfa6-9a4641035dbc,2026-01-08 04:05:56.724980,wave,46.4,paintbrush,27.12,36.53
0d5e8772-1f6d-430b-a2d3-702f1873f2f0,9b11a537-fe5e-49d0-981c-2775c27af9bf,2acdd3c5-a4b3-4b8a-bfa6-9a4641035dbc,2026-01-08 04:06:05.724980,explore,36.6,flower,2.85,99.16
eaad3dca-9b03-42c7-8cdf-0791321e34c2,9b11a537-fe5e-49d0-981c-2775c27af9bf,2acdd3c5-a4b3-4b8a-bfa6-9a4641035dbc,2026-01-08 04:06:35.724980,wave,27.0,flower,45.08,97.06
6a816fdc-dbfb-435e-bd2a-cc009cc5d467,9b11a537-fe5e-49d0-981c-2775c27af9bf,2acdd3c5-a4b3-4b8a-bfa6-9a4641035dbc,2026-01-08 04:07:04.724980,explore,46.4,cube,2.18,21.04
a9942f08-dda5-4c71-8916-38e3e2c965c2,9b11a537-fe5e-49d0-981c-2775c27af9bf,2acdd3c5-a4b3-4b8a-bfa6-9a4641035dbc,2026-01-08 04:07:16.724980,spawn_object,35.5,paintbrush,6.54,12.99
c7561212-60b8-45b5-8f84-818d12d5a550,9b11a537-fe5e-49d0-981c-2775c27af9bf,2acdd3c5-a4b3-4b8a-bfa6-9a4641035dbc,2026-01-08 04:07:45.724980,explore,37.3,paintbrush,71.76,23.12
929dd008-a413-4d71-84b2-93eda3ed79ee,9b11a537-fe5e-49d0-981c-2775c27af9bf,2acdd3c5-a4b3-4b8a-bfa6-9a4641035dbc,2026-01-08 04:08:12.724980,explore,34.3,cube,84.2,42.36
efed9dd8-e659-4e8f-8885-691a2ceee30f,9b11a537-fe5e-49d0-981c-2775c27af9bf,2acdd3c5-a4b3-4b8a-bfa6-9a4641035dbc,2026-01-08 04:08:27.724980,wave,42.6,cube,29.14,63.56
15d60bb3-5366-481a-8103-700cd3560e2a,9b11a537-fe5e-49d0-981c-2775c27af9bf,2acdd3c5-a4b3-4b8a-bfa6-9a4641035dbc,2026-01-08 04:08:47.724980,explore,38.3,flower,34.2,30.74
59a1f568-6c6b-4c65-a0fe-94b465fd5f31,9b11a537-fe5e-49d0-981c-2775c27af9bf,2acdd3c5-a4b3-4b8a-bfa6-9a4641035dbc,2026-01-08 04:08:52.724980,spawn_object,40.8,cube,5.3,61.83
c6e09089-4d33-4e5a-ab1c-67e74b8a4c51,9b11a537-fe5e-49d0-981c-2775c27af9bf,2acdd3c5-a4b3-4b8a-bfa6-9a4641035dbc,2026-01-08 04:09:18.724980,wave,34.9,paintbrush,39.52,12.93
cbc70576-ef3c-4930-befa-327e3e6e9e40,9b11a537-fe5e-49d0-981c-2775c27af9bf,2acdd3c5-a4b3-4b8a-bfa6-9a4641035dbc,2026-01-08 04:09:25.724980,wave,37.8,flower,81.14,31.54
f055871e-8be5-4469-8c2b-f32985776796,9b11a537-fe5e-49d0-981c-2775c27af9bf,2acdd3c5-a4b3-4b8a-bfa6-9a4641035dbc,2026-01-08 04:09:32.724980,wave,39.4,flower,41.37,41.31
17d4c62e-8569-4f95-aeaa-1fbf4ae2a6df,9b11a537-fe5e-49d0-981c-2775c27af9bf,2acdd3c5-a4b3-4b8a-bfa6-9a4641035dbc,2026-01-08 04:09:59.724980,explore,51.4,paintbrush,94.33,68.37
f89747dc-fdc5-4144-89ac-ac88915d201c,b8f77f93-22cb-4fe0-b7cd-2ec538cd007e,c44418b3-d134-41cc-a30e-a8c099ff67e0,2026-01-07 23:35:15.724980,wave,41.5,cube,22.18,47.61
fc5196da-61cc-4924-98c5-f8fc22792d7e,b8f77f93-22cb-4fe0-b7cd-2ec538cd007e,c44418b3-d134-41cc-a30e-a8c099ff67e0,2026-01-07 23:35:23.724980,wave,33.7,paintbrush,51.36,0.09
ba7859f7-8f1d-4de3-9c66-4ea92ba6d789,b8f77f93-22cb-4fe0-b7cd-2ec538cd007e,c44418b3-d134-41cc-a30e-a8c099ff67e0,2026-01-07 23:35:28.724980,wave,39.8,flower,0.71,74.3
0dfd5d0b-d385-41b5-b327-e461f8fe0af7,b8f77f93-22cb-4fe0-b7cd-2ec538cd007e,c44418b3-d134-41cc-a30e-a8c099ff67e0,2026-01-07 23:35:53.724980,explore,34.6,paintbrush,95.88,12.93
eef92da6-20b9-4e7f-aa3f-b78c0d5be3aa,b8f77f93-22cb-4fe0-b7cd-2ec538cd007e,c44418b3-d134-41cc-a30e-a8c099ff67e0,2026-01-07 23:36:20.724980,explore,37.3,flower,69.96,38.45
ffa8a4f2-1e1e-4086-9976-efc888aebb90,b8f77f93-22cb-4fe0-b7cd-2ec538cd007e,c44418b3-d134-41cc-a30e-a8c099ff67e0,2026-01-07 23:36:37.724980,explore,34.9,flower,77.97,75.26
8ba6e936-060c-400a-aabf-94a48ca232e9,b8f77f93-22cb-4fe0-b7cd-2ec538cd007e,c44418b3-d134-41cc-a30e-a8c099ff67e0,2026-01-07 23:37:00.724980,wave,41.7,paintbrush,53.69,68.78
9d039c0b-a677-432b-82eb-74e8143e0e35,b8f77f93-22cb-4fe0-b7cd-2ec538cd007e,c44418b3-d134-41cc-a30e-a8c099ff67e0,2026-01-07 23:37:19.724980,wave,35.2,paintbrush,46.1,42.78
ab1fbfcd-f899-433d-9263-cd51d2e38987,b8f77f93-22cb-4fe0-b7cd-2ec538cd007e,c44418b3-d134-41cc-a30e-a8c099ff67e0,2026-01-07 23:37:29.724980,wave,48.9,flower,54.89,26.66
4e16c6e0-b6eb-4640-9b09-3550c4a0df34,b8f77f93-22cb-4fe0-b7cd-2ec538cd007e,c44418b3-d134-41cc-a30e-a8c099ff67e0,2026-01-07 23:37:46.724980,explore,36.0,paintbrush,33.32,1.41
d37851f4-15c5-43ac-8038-48177ff75640,b8f77f93-22cb-4fe0-b7cd-2ec538cd007e,c44418b3-d134-41cc-a30e-a8c099ff67e0,2026-01-07 23:38:09.724980,spawn_object,39.0,paintbrush,79.87,82.34
14cd1753-1547-4153-83bd-131fcac630fc,b8f77f93-22cb-4fe0-b7cd-2ec538cd007e,c44418b3-d134-41cc-a30e-a8c099ff67e0,2026-01-07 23:38:38.724980,explore,47.1,paintbrush,54.35,73.01
f459acc5-1a17-4eab-812e-dd7e3a39f47a,b8f77f93-22cb-4fe0-b7cd-2ec538cd007e,c44418b3-d134-41cc-a30e-a8c099ff67e0,2026-01-07 23:39:00.724980,explore,42.3,paintbrush,19.7,26.89
97beb118-abf6-4693-a878-35114678b008,b8f77f93-22cb-4fe0-b7cd-2ec538cd007e,c44418b3-d134-41cc-a30e-a8c099ff67e0,2026-01-07 23:39:20.724980,explore,40.9,paintbrush,51.69,37.55
8a3c1868-486d-4a6a-b994-0ff608c357b1,b8f77f93-22cb-4fe0-b7cd-2ec538cd007e,c44418b3-d134-41cc-a30e-a8c099ff67e0,2026-01-07 23:39:40.724980,wave,38.5,paintbrush,63.83,68.84
ad3b4728-a218-4742-b73e-311edff7529f,0eb69607-d141-4e9d-9f63-04a41722e5a3,9ed86972-b963-4307-a18f-f48ceb93c518,2026-01-08 07:19:16.724980,explore,37.0,flower,71.35,79.78
49f560fb-cd2b-4082-a250-9eb7a3c09eab,0eb69607-d141-4e9d-9f63-04a41722e5a3,9ed86972-b963-4307-a18f-f48ceb93c518,2026-01-08 07:19:44.724980,wave,41.4,flower,69.29,45.66
4d7ed069-78a1-4ff7-9e31-d9887186cb36,0eb69607-d141-4e9d-9f63-04a41722e5a3,9ed86972-b963-4307-a18f-f48ceb93c518,2026-01-08 07:20:12.724980,wave,44.8,paintbrush,36.85,34.49
0e7d30e9-b7c3-49f8-ae56-e26a82721f59,0eb69607-d141-4e9d-9f63-04a41722e5a3,9ed86972-b963-4307-a18f-f48ceb93c518,2026-01-08 07:20:38.724980,explore,39.6,cube,38.27,74.25
93574e1c-a361-453e-98e3-459d766a93d6,0eb69607-d141-4e9d-9f63-04a41722e5a3,9ed86972-b963-4307-a18f-f48ceb93c518,2026-01-08 07:20:57.724980,explore,38.8,flower,94.96,20.37
796ff1ab-4999-4e0b-aaca-a4d40ff3f784,0eb69607-d141-4e9d-9f63-04a41722e5a3,9ed86972-b963-4307-a18f-f48ceb93c518,2026-01-08 07:21:07.724980,explore,40.7,cube,12.47,88.48
0757aa24-4c37-4de5-8c74-d44b43d8d151,0eb69607-d141-4e9d-9f63-04a41722e5a3,9ed86972-b963-4307-a18f-f48ceb93c518,2026-01-08 07:21:23.724980,explore,41.3,cube,17.23,99.3
a43d7446-375c-4e41-afb8-25250b27e7b9,0eb69607-d141-4e9d-9f63-04a41722e5a3,9ed86972-b963-4307-a18f-f48ceb93c518,2026-01-08 07:21:29.724980,wave,38.8,paintbrush,34.85,28.06
7ba71440-f98a-4f26-bfcd-f0da6b91512d,0eb69607-d141-4e9d-9f63-04a41722e5a3,9ed86972-b963-4307-a18f-f48ceb93c518,2026-01-08 07:21:40.724980,wave,27.8,paintbrush,12.59,96.93
e4be7bc2-cc31-4153-981f-af2ffd041ad2,0eb69607-d141-4e9d-9f63-04a41722e5a3,9ed86972-b963-4307-a18f-f48ceb93c518,2026-01-08 07:22:01.724980,explore,25.8,flower,35.88,41.37
228e8b86-ed92-4b03-979b-c3f537463429,0eb69607-d141-4e9d-9f63-04a41722e5a3,9ed86972-b963-4307-a18f-f48ceb93c518,2026-01-08 07:22:27.724980,explore,47.6,flower,63.29,11.38
e07c5b9e-fe2d-4885-a026-3e1394225a5b,0eb69607-d141-4e9d-9f63-04a41722e5a3,9ed86972-b963-4307-a18f-f48ceb93c518,2026-01-08 07:22:33.724980,explore,48.1,paintbrush,89.44,43.8
15e44c3f-8351-43e2-ae83-4b48928ed045,0eb69607-d141-4e9d-9f63-04a41722e5a3,9ed86972-b963-4307-a18f-f48ceb93c518,2026-01-08 07:22:51.724980,explore,38.6,cube,97.99,70.39
8a17db3e-16d4-4fb0-9e9a-e9bfcf127214,0eb69607-d141-4e9d-9f63-04a41722e5a3,9ed86972-b963-4307-a18f-f48ceb93c518,2026-01-08 07:23:13.724980,explore,39.7,flower,14.85,71.58
6afd1fc7-54e8-4c6b-bed3-b8db54f3dbdf,0eb69607-d141-4e9d-9f63-04a41722e5a3,9ed86972-b963-4307-a18f-f48ceb93c518,2026-01-08 07:23:35.724980,wave,50.5,flower,30.82,89.92
aac9fbc7-7d2f-4913-8468-37f2cb407aac,0eb69607-d141-4e9d-9f63-04a41722e5a3,9ed86972-b963-4307-a18f-f48ceb93c518,2026-01-08 07:23:40.724980,spawn_object,42.7,cube,2.49,74.54
d4689b91-48c9-43cf-adb2-dd3bb0f079a8,55bf777a-c000-441c-bec3-966fe1173443,c677b4c4-9f13-4f1b-8498-2830a2bfbfba,2026-01-08 07:22:13.724980,wave,48.7,paintbrush,63.87,73.69
d312d19a-e857-4cc6-b35c-320e5d1074c0,55bf777a-c000-441c-bec3-966fe1173443,c677b4c4-9f13-4f1b-8498-2830a2bfbfba,2026-01-08 07:22:32.724980,wave,40.5,cube,35.86,60.28
d3d1a23c-5dcd-4716-9ecf-47131bcb8cc2,55bf777a-c000-441c-bec3-966fe1173443,c677b4c4-9f13-4f1b-8498-2830a2bfbfba,2026-01-08 07:22:50.724980,explore,44.3,flower,47.83,98.33
29dfe68e-92b3-4ef3-bb34-896efc2eef01,55bf777a-c000-441c-bec3-966fe1173443,c677b4c4-9f13-4f1b-8498-2830a2bfbfba,2026-01-08 07:23:12.724980,explore,41.2,cube,21.39,66.88
fcd489f5-c225-488c-a338-c14ac6351483,55bf777a-c000-441c-bec3-966fe1173443,c677b4c4-9f13-4f1b-8498-2830a2bfbfba,2026-01-08 07:23:26.724980,explore,44.4,paintbrush,74.47,37.86
f2034cf6-c47d-439a-9401-260d6a7db357,55bf777a-c000-441c-bec3-966fe1173443,c677b4c4-9f13-4f1b-8498-2830a2bfbfba,2026-01-08 07:23:46.724980,wave,37.9,flower,56.29,45.33
07cee1a9-64c3-4556-b964-919cce19fdb0,55bf777a-c000-441c-bec3-966fe1173443,c677b4c4-9f13-4f1b-8498-2830a2bfbfba,2026-01-08 07:24:13.724980,wave,43.6,flower,3.21,54.77
f278cc8b-9da8-4115-93ba-4079d61edfeb,55bf777a-c000-441c-bec3-966fe1173443,c677b4c4-9f13-4f1b-8498-2830a2bfbfba,2026-01-08 07:24:20.724980,explore,34.0,flower,30.52,54.36
9d08b625-301e-4a0e-8d75-edde52a92e10,55bf777a-c000-441c-bec3-966fe1173443,c677b4c4-9f13-4f1b-8498-2830a2bfbfba,2026-01-08 07:24:29.724980,explore,40.1,flower,95.91,58.62
35be5391-2c01-4a50-9bc3-184589c226f2,55bf777a-c000-441c-bec3-966fe1173443,c677b4c4-9f13-4f1b-8498-2830a2bfbfba,2026-01-08 07:24:59.724980,explore,40.0,cube,43.15,88.52
3d880b7c-fcbc-44d0-a690-b73f397bdb77,55bf777a-c000-441c-bec3-966fe1173443,c677b4c4-9f13-4f1b-8498-2830a2bfbfba,2026-01-08 07:25:15.724980,explore,43.3,flower,24.48,28.84
bae91dd2-613e-40ce-ad67-48d39c942f44,55bf777a-c000-441c-bec3-966fe1173443,c677b4c4-9f13-4f1b-8498-2830a2bfbfba,2026-01-08 07:25:31.724980,explore,42.2,cube,56.96,12.78
3080002f-1575-4a99-b57c-65943aa2ab06,55bf777a-c000-441c-bec3-966fe1173443,c677b4c4-9f13-4f1b-8498-2830a2bfbfba,2026-01-08 07:25:48.724980,spawn_object,34.9,cube,79.16,37.54
784ecf51-e5c0-4b83-b471-6e7e2c3e9be5,55bf777a-c000-441c-bec3-966fe1173443,c677b4c4-9f13-4f1b-8498-2830a2bfbfba,2026-01-08 07:26:11.724980,wave,37.5,cube,8.86,15.3
bc29ee03-c92a-4590-946d-4669d85f4d36,55bf777a-c000-441c-bec3-966fe1173443,c677b4c4-9f13-4f1b-8498-2830a2bfbfba,2026-01-08 07:26:18.724980,explore,22.5,paintbrush,27.2,45.17
5a394efa-5357-4369-8fce-611b1f656ff8,55bf777a-c000-441c-bec3-966fe1173443,c677b4c4-9f13-4f1b-8498-2830a2bfbfba,2026-01-08 07:26:46.724980,explore,46.9,cube,94.01,99.34
1364bb55-4904-4126-bbbf-d85dfa3782a9,55bf777a-c000-441c-bec3-966fe1173443,c677b4c4-9f13-4f1b-8498-2830a2bfbfba,2026-01-08 07:27:08.724980,wave,48.1,paintbrush,78.06,31.04
1d6731f3-6262-4f60-848a-41c7cb73a9ce,55bf777a-c000-441c-bec3-966fe1173443,c677b4c4-9f13-4f1b-8498-2830a2bfbfba,2026-01-08 07:27:16.724980,explore,38.8,paintbrush,64.06,64.25
23f54729-abb0-491d-a955-bb46f37b4c9c,55bf777a-c000-441c-bec3-966fe1173443,c677b4c4-9f13-4f1b-8498-2830a2bfbfba,2026-01-08 07:27:31.724980,wave,38.3,paintbrush,80.37,28.91
f6fd839e-7e75-4fab-95a1-b93e0f8edb63,55bf777a-c000-441c-bec3-966fe1173443,c677b4c4-9f13-4f1b-8498-2830a2bfbfba,2026-01-08 07:27:49.724980,explore,40.1,paintbrush,26.41,64.24
d21f1dfe-76f1-4d9b-a99f-c4eafcbad9be,55bf777a-c000-441c-bec3-966fe1173443,c677b4c4-9f13-4f1b-8498-2830a2bfbfba,2026-01-08 07:28:11.724980,explore,38.9,cube,65.94,70.98
b061f2e9-b5d7-4d75-acc3-884eb6116a2d,55bf777a-c000-441c-bec3-966fe1173443,c677b4c4-9f13-4f1b-8498-2830a2bfbfba,2026-01-08 07:28:19.724980,explore,53.7,paintbrush,59.04,3.32
d4a4140e-1085-4510-bf3f-7f03accd3443,55bf777a-c000-441c-bec3-966fe1173443,c677b4c4-9f13-4f1b-8498-2830a2bfbfba,2026-01-08 07:28:47.724980,explore,45.7,flower,72.81,7.7
17d6e860-8790-4e47-bec1-b0c23a7b7e8d,55bf777a-c000-441c-bec3-966fe1173443,c677b4c4-9f13-4f1b-8498-2830a2bfbfba,2026-01-08 07:29:07.724980,wave,37.5,flower,4.33,74.62
54a41915-204a-4311-9cc9-c97f57b8a2a2,55bf777a-c000-441c-bec3-966fe1173443,c677b4c4-9f13-4f1b-8498-2830a2bfbfba,2026-01-08 07:29:14.724980,explore,41.3,paintbrush,95.81,1.53
1e36544a-b026-4f27-b44a-107f526e2ca9,55bf777a-c000-441c-bec3-966fe1173443,c677b4c4-9f13-4f1b-8498-2830a2bfbfba,2026-01-08 07:29:40.724980,explore,32.2,paintbrush,74.4,0.35
ddfcb997-873c-4164-85f8-a9ecfaf9e8ac,55bf777a-c000-441c-bec3-966fe1173443,c677b4c4-9f13-4f1b-8498-2830a2bfbfba,2026-01-08 07:30:03.724980,explore,40.1,paintbrush,47.47,44.27
dcdb73d3-1b34-4eff-8aa2-570fa51fc8e4,55bf777a-c000-441c-bec3-966fe1173443,c677b4c4-9f13-4f1b-8498-2830a2bfbfba,2026-01-08 07:30:29.724980,explore,49.4,cube,16.41,96.06
e8f8d0bd-3720-496e-b778-6614d2ba47da,55bf777a-c000-441c-bec3-966fe1173443,c677b4c4-9f13-4f1b-8498-2830a2bfbfba,2026-01-08 07:30:41.724980,explore,39.5,cube,78.48,98.93
6fa567a5-cd2d-4f10-99a0-55dccd39b989,6051fd6a-e97e-4476-82ca-f0fd45a80f5c,4daaa7eb-b2e6-4700-82c2-ab9e04cdf13e,2026-01-08 07:58:23.724980,explore,36.5,flower,12.33,70.02
406916bc-5f94-4d10-9991-d62d6c1b7c5e,6051fd6a-e97e-4476-82ca-f0fd45a80f5c,4daaa7eb-b2e6-4700-82c2-ab9e04cdf13e,2026-01-08 07:58:50.724980,explore,41.3,cube,80.55,7.49
f3370dec-c06a-4b59-96b5-474cbe596422,6051fd6a-e97e-4476-82ca-f0fd45a80f5c,4daaa7eb-b2e6-4700-82c2-ab9e04cdf13e,2026-01-08 07:59:00.724980,explore,44.8,cube,48.5,6.52
d60cac75-fded-4843-a461-edb87368815b,6051fd6a-e97e-4476-82ca-f0fd45a80f5c,4daaa7eb-b2e6-4700-82c2-ab9e04cdf13e,2026-01-08 07:59:14.724980,explore,39.4,cube,53.64,56.21
867ac88f-e856-48b2-b7a7-35d8d94f489c,6051fd6a-e97e-4476-82ca-f0fd45a80f5c,4daaa7eb-b2e6-4700-82c2-ab9e04cdf13e,2026-01-08 07:59:41.724980,explore,44.7,cube,84.42,35.8
089ae1de-e1ed-4040-a8b2-219a1785992d,6051fd6a-e97e-4476-82ca-f0fd45a80f5c,4daaa7eb-b2e6-4700-82c2-ab9e04cdf13e,2026-01-08 08:00:08.724980,explore,37.5,paintbrush,1.99,82.69
23b1401b-2846-4c2b-aac6-4b2cce28e2a4,6051fd6a-e97e-4476-82ca-f0fd45a80f5c,4daaa7eb-b2e6-4700-82c2-ab9e04cdf13e,2026-01-08 08:00:20.724980,explore,39.6,cube,20.59,56.67
04bbbcd3-2685-40ce-927c-b5ea334f585f,6051fd6a-e97e-4476-82ca-f0fd45a80f5c,4daaa7eb-b2e6-4700-82c2-ab9e04cdf13e,2026-01-08 08:00:41.724980,explore,37.3,flower,87.76,9.7
a6f04181-1fa2-48de-b031-55c80ca0012b,6051fd6a-e97e-4476-82ca-f0fd45a80f5c,4daaa7eb-b2e6-4700-82c2-ab9e04cdf13e,2026-01-08 08:00:51.724980,explore,35.7,flower,20.28,60.08
ee52d0af-91a0-4e2f-be17-d6f366d938e4,6051fd6a-e97e-4476-82ca-f0fd45a80f5c,4daaa7eb-b2e6-4700-82c2-ab9e04cdf13e,2026-01-08 08:01:07.724980,explore,40.8,flower,76.31,13.33
3926f46e-3fa5-4f39-bf8f-ae21c26a6016,6051fd6a-e97e-4476-82ca-f0fd45a80f5c,4daaa7eb-b2e6-4700-82c2-ab9e04cdf13e,2026-01-08 08:01:23.724980,explore,40.5,flower,16.89,61.0
efddf014-3153-40ed-bc8f-411b668cdd9f,6051fd6a-e97e-4476-82ca-f0fd45a80f5c,4daaa7eb-b2e6-4700-82c2-ab9e04cdf13e,2026-01-08 08:01:43.724980,wave,38.4,paintbrush,82.72,41.3
881a9aa2-3bfd-4265-a809-0ea3919352c1,6051fd6a-e97e-4476-82ca-f0fd45a80f5c,4daaa7eb-b2e6-4700-82c2-ab9e04cdf13e,2026-01-08 08:02:13.724980,wave,41.5,flower,12.16,68.46
e6a3a3b2-e7a9-408e-8763-3c026c810be5,6051fd6a-e97e-4476-82ca-f0fd45a80f5c,4daaa7eb-b2e6-4700-82c2-ab9e04cdf13e,2026-01-08 08:02:38.724980,spawn_object,35.6,cube,59.58,44.28
7be79e1d-9cde-4d96-848f-918119859606,6051fd6a-e97e-4476-82ca-f0fd45a80f5c,4daaa7eb-b2e6-4700-82c2-ab9e04cdf13e,2026-01-08 08:03:00.724980,spawn_object,45.5,flower,74.67,43.25
c8efffa9-2908-4075-9838-2756c84b7cb8,6051fd6a-e97e-4476-82ca-f0fd45a80f5c,4daaa7eb-b2e6-4700-82c2-ab9e04cdf13e,2026-01-08 08:03:28.724980,explore,32.8,cube,72.54,21.81
d0dbd678-fc5c-4e9a-854c-66cfb8260e3e,6051fd6a-e97e-4476-82ca-f0fd45a80f5c,4daaa7eb-b2e6-4700-82c2-ab9e04cdf13e,2026-01-08 08:03:47.724980,wave,31.5,flower,87.88,1.72
e2f816d3-722a-4a57-ae6e-c069c71be3a9,386f7068-109f-4b71-b4db-b8c483c6ffad,1693a48c-1dd6-4e84-be67-91878acf279d,2026-01-07 23:24:29.724980,explore,34.6,cube,85.98,28.97
cc658d97-1e7d-4c7c-97bc-15132f3684ac,386f7068-109f-4b71-b4db-b8c483c6ffad,1693a48c-1dd6-4e84-be67-91878acf279d,2026-01-07 23:24:34.724980,explore,38.6,cube,38.58,10.65
252a746c-99af-4aa8-8271-80097debb5c2,386f7068-109f-4b71-b4db-b8c483c6ffad,1693a48c-1dd6-4e84-be67-91878acf279d,2026-01-07 23:24:41.724980,explore,39.7,flower,35.7,5.87
f975b343-8b7e-4655-b862-48b4849bdd17,386f7068-109f-4b71-b4db-b8c483c6ffad,1693a48c-1dd6-4e84-be67-91878acf279d,2026-01-07 23:25:09.724980,explore,38.6,flower,3.58,96.73
5957ffb6-6d90-4b37-9674-42ed81e69d2a,386f7068-109f-4b71-b4db-b8c483c6ffad,1693a48c-1dd6-4e84-be67-91878acf279d,2026-01-07 23:25:38.724980,spawn_object,45.5,paintbrush,88.67,30.04
34773b4c-345e-4fb2-9056-be7a81af867f,386f7068-109f-4b71-b4db-b8c483c6ffad,1693a48c-1dd6-4e84-be67-91878acf279d,2026-01-07 23:26:03.724980,explore,38.9,cube,48.9,97.67
dd0fa28c-5059-4da9-aa74-1f70393c71be,386f7068-109f-4b71-b4db-b8c483c6ffad,1693a48c-1dd6-4e84-be67-91878acf279d,2026-01-07 23:26:29.724980,wave,37.2,flower,54.18,12.56
65a3e6a5-8282-4331-9a9b-e05cb885e549,386f7068-109f-4b71-b4db-b8c483c6ffad,1693a48c-1dd6-4e84-be67-91878acf279d,2026-01-07 23:26:43.724980,explore,29.2,paintbrush,83.16,20.76
444537f1-1af5-4811-bf68-2a2ba9d6a3dd,386f7068-109f-4b71-b4db-b8c483c6ffad,1693a48c-1dd6-4e84-be67-91878acf279d,2026-01-07 23:27:06.724980,spawn_object,44.9,flower,21.5,38.95
84f09ebf-da83-4110-bb51-53e072731f06,386f7068-109f-4b71-b4db-b8c483c6ffad,1693a48c-1dd6-4e84-be67-91878acf279d,2026-01-07 23:27:29.724980,wave,37.4,flower,71.51,7.43
169a3f55-8b73-4e12-a3f6-d79a1e79388d,386f7068-109f-4b71-b4db-b8c483c6ffad,1693a48c-1dd6-4e84-be67-91878acf279d,2026-01-07 23:27:35.724980,explore,37.4,paintbrush,58.11,60.15
7df11def-54bb-45ee-832e-68c7057a69bb,386f7068-109f-4b71-b4db-b8c483c6ffad,1693a48c-1dd6-4e84-be67-91878acf279d,2026-01-07 23:27:59.724980,explore,49.0,paintbrush,95.55,10.89
0858dd1c-693d-41d4-be88-b52c30233039,386f7068-109f-4b71-b4db-b8c483c6ffad,1693a48c-1dd6-4e84-be67-91878acf279d,2026-01-07 23:28:25.724980,wave,49.8,cube,90.64,28.53
2d94aea4-2d23-45db-8c9e-2e9f6806d74f,386f7068-109f-4b71-b4db-b8c483c6ffad,1693a48c-1dd6-4e84-be67-91878acf279d,2026-01-07 23:28:40.724980,wave,46.5,paintbrush,48.4,79.81
43a6b84f-ca54-4219-b0b4-2be93c3cadf1,386f7068-109f-4b71-b4db-b8c483c6ffad,1693a48c-1dd6-4e84-be67-91878acf279d,2026-01-07 23:29:05.724980,explore,37.3,paintbrush,3.31,72.61
4371b9eb-e1a0-4de2-be92-f895cf942f88,386f7068-109f-4b71-b4db-b8c483c6ffad,1693a48c-1dd6-4e84-be67-91878acf279d,2026-01-07 23:29:29.724980,wave,38.6,cube,85.07,73.59
405edb7a-9e4a-4cdb-aee4-1a47f8764a27,386f7068-109f-4b71-b4db-b8c483c6ffad,1693a48c-1dd6-4e84-be67-91878acf279d,2026-01-07 23:29:50.724980,explore,41.9,paintbrush,19.67,10.49
ad13267e-9dc2-4210-8063-666900eb87ce,d34e995e-b783-42de-9522-c1ed9950f829,8a4b4ffe-5cec-470a-a210-c2f431b5711f,2026-01-07 22:38:31.724980,touch,90.4,asset_siren,79.67,21.4
f889b320-c982-4034-be19-e2dd127495ad,d34e995e-b783-42de-9522-c1ed9950f829,8a4b4ffe-5cec-470a-a210-c2f431b5711f,2026-01-07 22:38:56.724980,touch,82.4,asset_gun_01,20.97,81.39
d8f48448-5d75-44d1-b67c-6eb8ba4aefbd,d34e995e-b783-42de-9522-c1ed9950f829,8a4b4ffe-5cec-470a-a210-c2f431b5711f,2026-01-07 22:39:19.724980,touch,108.6,asset_siren,94.66,13.0
e006cb29-e9a5-4c05-9fd2-d362ad82748d,d34e995e-b783-42de-9522-c1ed9950f829,8a4b4ffe-5cec-470a-a210-c2f431b5711f,2026-01-07 22:39:46.724980,spawn_object,81.7,asset_gun_01,67.34,44.1
a8f8bc64-2e5e-4b64-b50f-e51305da8101,d34e995e-b783-42de-9522-c1ed9950f829,8a4b4ffe-5cec-470a-a210-c2f431b5711f,2026-01-07 22:39:56.724980,touch,95.2,asset_gun_01,13.84,11.63
c7f561f3-cd23-4029-9f82-92d25dc3ed0f,d34e995e-b783-42de-9522-c1ed9950f829,8a4b4ffe-5cec-470a-a210-c2f431b5711f,2026-01-07 22:40:25.724980,spawn_object,91.9,cube,98.31,87.64
35169e86-4860-4a63-a2ac-a7150eb17642,d34e995e-b783-42de-9522-c1ed9950f829,8a4b4ffe-5cec-470a-a210-c2f431b5711f,2026-01-07 22:40:52.724980,spawn_object,93.5,asset_siren,69.68,41.13
4debdcc2-e1ca-4f8a-b607-80d8d63c046f,d34e995e-b783-42de-9522-c1ed9950f829,8a4b4ffe-5cec-470a-a210-c2f431b5711f,2026-01-07 22:41:08.724980,spawn_object,109.9,asset_gun_01,17.03,75.72
bf2b2923-8d82-433e-ac7b-8962bee689ae,d34e995e-b783-42de-9522-c1ed9950f829,8a4b4ffe-5cec-470a-a210-c2f431b5711f,2026-01-07 22:41:23.724980,touch,62.1,asset_siren,47.06,52.18
02880d58-9d4a-4234-a03a-b3358786d32e,d34e995e-b783-42de-9522-c1ed9950f829,8a4b4ffe-5cec-470a-a210-c2f431b5711f,2026-01-07 22:41:30.724980,spawn_object,67.4,asset_siren,41.45,82.95
046fad95-6488-45ca-8e09-56a9d907da98,d34e995e-b783-42de-9522-c1ed9950f829,8a4b4ffe-5cec-470a-a210-c2f431b5711f,2026-01-07 22:41:53.724980,spawn_object,91.3,asset_gun_01,25.31,54.18
663cdd02-ab9d-44b8-a1fe-6033658c43cb,d34e995e-b783-42de-9522-c1ed9950f829,8a4b4ffe-5cec-470a-a210-c2f431b5711f,2026-01-07 22:42:09.724980,spawn_object,80.8,asset_gun_01,25.24,22.8
e24c5692-4bb7-412e-a20f-d0e5b6101b6a,d34e995e-b783-42de-9522-c1ed9950f829,8a4b4ffe-5cec-470a-a210-c2f431b5711f,2026-01-07 22:42:33.724980,spawn_object,88.2,asset_gun_01,53.11,86.76
5953e4ee-ce93-4ff3-9aaa-68755d090925,d34e995e-b783-42de-9522-c1ed9950f829,8a4b4ffe-5cec-470a-a210-c2f431b5711f,2026-01-07 22:43:01.724980,spawn_object,108.8,asset_siren,17.2,12.52
a2a3f851-278e-4a9f-ae86-a3ed4bb5bc96,d34e995e-b783-42de-9522-c1ed9950f829,8a4b4ffe-5cec-470a-a210-c2f431b5711f,2026-01-07 22:43:11.724980,spawn_object,94.0,asset_gun_01,94.98,44.95
e9604f87-1c58-4729-9fd2-4472488e8889,d34e995e-b783-42de-9522-c1ed9950f829,8a4b4ffe-5cec-470a-a210-c2f431b5711f,2026-01-07 22:43:23.724980,spawn_object,71.8,asset_siren,86.85,82.39
8de4f342-2853-4e22-b395-0659b53f8c09,d34e995e-b783-42de-9522-c1ed9950f829,8a4b4ffe-5cec-470a-a210-c2f431b5711f,2026-01-07 22:43:32.724980,spawn_object,92.7,asset_gun_01,28.08,63.35
d059808e-b942-4d2a-9834-c052169fd8c0,d34e995e-b783-42de-9522-c1ed9950f829,8a4b4ffe-5cec-470a-a210-c2f431b5711f,2026-01-07 22:44:00.724980,spawn_object,87.2,asset_siren,15.55,23.44
8378e841-b18f-4fcf-acd0-d2ab87dfa66a,d34e995e-b783-42de-9522-c1ed9950f829,8a4b4ffe-5cec-470a-a210-c2f431b5711f,2026-01-07 22:44:28.724980,touch,82.8,asset_gun_01,50.11,77.63
7898e1a6-a1e3-4252-93ec-041d9c5cd10f,d34e995e-b783-42de-9522-c1ed9950f829,8a4b4ffe-5cec-470a-a210-c2f431b5711f,2026-01-07 22:44:39.724980,touch,79.1,asset_siren,67.25,66.31
bd9377f0-bacb-4744-a685-2e719aedd6f8,d34e995e-b783-42de-9522-c1ed9950f829,8a4b4ffe-5cec-470a-a210-c2f431b5711f,2026-01-07 22:44:49.724980,spawn_object,83.5,asset_siren,5.17,3.84
9aebaaca-c423-483b-8f3c-b43fed8403e6,d34e995e-b783-42de-9522-c1ed9950f829,8a4b4ffe-5cec-470a-a210-c2f431b5711f,2026-01-07 22:45:09.724980,spawn_object,86.6,asset_gun_01,95.93,78.03
5a16408e-837f-4b8f-80b5-61db64287eee,d34e995e-b783-42de-9522-c1ed9950f829,8a4b4ffe-5cec-470a-a210-c2f431b5711f,2026-01-07 22:45:15.724980,idle,84.1,asset_gun_01,38.2,2.03
a9d4fd1a-5c01-4e4f-8315-5e771b58b120,7615bbfe-c5b2-4900-a406-c985ae211cf2,f50997dc-fcba-4806-8fac-d383657e9344,2026-01-07 22:24:16.724980,touch,77.7,cube,36.2,16.66
e097bd6b-9498-4345-972c-25dc0900f1a5,7615bbfe-c5b2-4900-a406-c985ae211cf2,f50997dc-fcba-4806-8fac-d383657e9344,2026-01-07 22:24:37.724980,touch,73.1,cube,1.52,32.68
40772d6b-0206-4fe1-b564-b91027eed1eb,7615bbfe-c5b2-4900-a406-c985ae211cf2,f50997dc-fcba-4806-8fac-d383657e9344,2026-01-07 22:25:07.724980,spawn_object,84.5,asset_gun_01,81.77,82.53
04cf0aa7-a366-4bec-8e10-a9cc28427757,7615bbfe-c5b2-4900-a406-c985ae211cf2,f50997dc-fcba-4806-8fac-d383657e9344,2026-01-07 22:25:23.724980,spawn_object,94.2,asset_siren,4.61,96.34
1a661847-1332-4fc9-a0bb-6c6ad8cc4abf,7615bbfe-c5b2-4900-a406-c985ae211cf2,f50997dc-fcba-4806-8fac-d383657e9344,2026-01-07 22:25:52.724980,spawn_object,84.4,asset_gun_01,50.21,33.81
f52868b4-a5d2-446e-b1a9-036551f45dc7,7615bbfe-c5b2-4900-a406-c985ae211cf2,f50997dc-fcba-4806-8fac-d383657e9344,2026-01-07 22:26:20.724980,touch,94.0,asset_siren,26.01,83.7
dcf65656-5a41-4fcf-9c45-ef7da1279337,7615bbfe-c5b2-4900-a406-c985ae211cf2,f50997dc-fcba-4806-8fac-d383657e9344,2026-01-07 22:26:45.724980,spawn_object,94.0,asset_gun_01,20.61,48.53
cf273c2a-3580-442b-a4f3-3b1debac57bc,7615bbfe-c5b2-4900-a406-c985ae211cf2,f50997dc-fcba-4806-8fac-d383657e9344,2026-01-07 22:27:05.724980,spawn_object,95.6,asset_siren,8.42,43.82
76277a6b-2186-4935-a93d-43fc8e4be087,7615bbfe-c5b2-4900-a406-c985ae211cf2,f50997dc-fcba-4806-8fac-d383657e9344,2026-01-07 22:27:20.724980,touch,81.1,asset_gun_01,1.22,12.03
badbd447-d4d7-4eb9-952a-01b42946c6bd,7615bbfe-c5b2-4900-a406-c985ae211cf2,f50997dc-fcba-4806-8fac-d383657e9344,2026-01-07 22:27:26.724980,spawn_object,66.1,asset_gun_01,55.45,67.26
89d1b0e2-c139-4e2e-a178-4e49faebfd5f,7615bbfe-c5b2-4900-a406-c985ae211cf2,f50997dc-fcba-4806-8fac-d383657e9344,2026-01-07 22:27:44.724980,spawn_object,83.6,cube,61.53,4.24
1e997df3-3829-4a0c-b2df-81ffb11dbff0,7615bbfe-c5b2-4900-a406-c985ae211cf2,f50997dc-fcba-4806-8fac-d383657e9344,2026-01-07 22:27:50.724980,touch,85.4,asset_siren,99.72,74.11
74fd1f19-a4f9-469a-b10a-efc1d663c332,7615bbfe-c5b2-4900-a406-c985ae211cf2,f50997dc-fcba-4806-8fac-d383657e9344,2026-01-07 22:28:07.724980,idle,70.2,cube,56.45,81.59
78687e62-ff9e-452f-928f-0fdc836c18cf,7615bbfe-c5b2-4900-a406-c985ae211cf2,f50997dc-fcba-4806-8fac-d383657e9344,2026-01-07 22:28:12.724980,spawn_object,70.4,asset_siren,5.88,36.24
4b87ffb6-02fd-4c0d-8077-7e3830ac66f7,7615bbfe-c5b2-4900-a406-c985ae211cf2,f50997dc-fcba-4806-8fac-d383657e9344,2026-01-07 22:28:33.724980,spawn_object,77.0,cube,75.14,77.79
268d6610-f215-436e-b9db-40a0d45e4119,7615bbfe-c5b2-4900-a406-c985ae211cf2,f50997dc-fcba-4806-8fac-d383657e9344,2026-01-07 22:29:00.724980,spawn_object,83.8,asset_siren,3.13,16.21
19f9cfd8-10b3-42b1-949f-e32fa0dc6810,7615bbfe-c5b2-4900-a406-c985ae211cf2,f50997dc-fcba-4806-8fac-d383657e9344,2026-01-07 22:29:26.724980,spawn_object,92.5,asset_gun_01,92.4,30.01
3ce19521-004c-4290-b2b8-5a9d78212164,7615bbfe-c5b2-4900-a406-c985ae211cf2,f50997dc-fcba-4806-8fac-d383657e9344,2026-01-07 22:29:49.724980,spawn_object,106.4,asset_gun_01,25.3,96.46
36f01810-3253-4bea-b4a8-faac6736111e,7615bbfe-c5b2-4900-a406-c985ae211cf2,f50997dc-fcba-4806-8fac-d383657e9344,2026-01-07 22:30:15.724980,idle,93.7,asset_siren,93.27,11.6
f110c9a3-5032-4727-b40f-889c32ff7de8,7615bbfe-c5b2-4900-a406-c985ae211cf2,f50997dc-fcba-4806-8fac-d383657e9344,2026-01-07 22:30:34.724980,idle,82.6,asset_gun_01,10.38,10.08
ac6e50f9-e320-401f-910f-c4baee4a2e5f,7615bbfe-c5b2-4900-a406-c985ae211cf2,f50997dc-fcba-4806-8fac-d383657e9344,2026-01-07 22:30:43.724980,spawn_object,101.8,asset_gun_01,74.41,76.37
08e499de-0b2a-4705-85ad-258902ce9127,7615bbfe-c5b2-4900-a406-c985ae211cf2,f50997dc-fcba-4806-8fac-d383657e9344,2026-01-07 22:30:49.724980,spawn_object,83.8,asset_gun_01,16.37,7.55
37775acd-5b8b-4239-9750-35c073f893e5,7615bbfe-c5b2-4900-a406-c985ae211cf2,f50997dc-fcba-4806-8fac-d383657e9344,2026-01-07 22:31:10.724980,spawn_object,80.6,asset_gun_01,90.5,60.97
754b7f24-aec4-4094-b8f2-044ff51522e7,7615bbfe-c5b2-4900-a406-c985ae211cf2,f50997dc-fcba-4806-8fac-d383657e9344,2026-01-07 22:31:28.724980,spawn_object,99.2,asset_siren,16.98,97.25
f210c095-667e-40ce-8f73-4a2c2465e9cd,7615bbfe-c5b2-4900-a406-c985ae211cf2,f50997dc-fcba-4806-8fac-d383657e9344,2026-01-07 22:31:39.724980,spawn_object,88.6,asset_siren,20.96,39.21
3b0f558f-13de-4535-995d-683c803c2505,7615bbfe-c5b2-4900-a406-c985ae211cf2,f50997dc-fcba-4806-8fac-d383657e9344,2026-01-07 22:31:44.724980,touch,80.2,asset_siren,69.11,21.37
54405aa7-745e-45ea-aa47-ead613de9cdb,7615bbfe-c5b2-4900-a406-c985ae211cf2,f50997dc-fcba-4806-8fac-d383657e9344,2026-01-07 22:31:58.724980,idle,88.6,cube,82.19,98.29
d90782bd-f17b-401f-999b-e2b66523ba19,7615bbfe-c5b2-4900-a406-c985ae211cf2,f50997dc-fcba-4806-8fac-d383657e9344,2026-01-07 22:32:19.724980,idle,86.1,asset_gun_01,27.19,98.63
a5e73c8f-f89b-4ac1-8bd5-0e8cb80f1795,7615bbfe-c5b2-4900-a406-c985ae211cf2,f50997dc-fcba-4806-8fac-d383657e9344,2026-01-07 22:32:31.724980,spawn_object,100.7,asset_gun_01,50.56,76.58
ec325b3f-c892-4c1d-984d-169d19660469,7615bbfe-c5b2-4900-a406-c985ae211cf2,f50997dc-fcba-4806-8fac-d383657e9344,2026-01-07 22:32:46.724980,spawn_object,86.0,asset_gun_01,21.67,49.0
00f08b24-8e8d-4d0c-baf0-4c8c67f9397b,7615bbfe-c5b2-4900-a406-c985ae211cf2,f50997dc-fcba-4806-8fac-d383657e9344,2026-01-07 22:33:02.724980,spawn_object,91.6,asset_siren,2.14,35.65
9273684e-8883-4607-b819-aec4db19514b,7615bbfe-c5b2-4900-a406-c985ae211cf2,f50997dc-fcba-4806-8fac-d383657e9344,2026-01-07 22:33:28.724980,touch,74.3,asset_gun_01,22.09,3.98
387ee64e-cbd4-4746-9d6b-4a0d417d6307,7615bbfe-c5b2-4900-a406-c985ae211cf2,f50997dc-fcba-4806-8fac-d383657e9344,2026-01-07 22:33:55.724980,spawn_object,83.7,asset_gun_01,58.35,62.79
315cb182-7872-4e59-b587-5e243ba80417,7615bbfe-c5b2-4900-a406-c985ae211cf2,f50997dc-fcba-4806-8fac-d383657e9344,2026-01-07 22:34:23.724980,spawn_object,80.1,asset_siren,37.12,32.39
e5a65951-6a4d-4ae8-8e6b-35e2f80a62b2,7615bbfe-c5b2-4900-a406-c985ae211cf2,f50997dc-fcba-4806-8fac-d383657e9344,2026-01-07 22:34:38.724980,spawn_object,81.2,asset_gun_01,87.02,5.05
d0ee602c-3a4e-45bd-829c-02e4c28ca705,7615bbfe-c5b2-4900-a406-c985ae211cf2,f50997dc-fcba-4806-8fac-d383657e9344,2026-01-07 22:35:05.724980,spawn_object,84.0,asset_siren,56.36,94.46
00d40023-8bb3-4216-a061-e316177c7035,7615bbfe-c5b2-4900-a406-c985ae211cf2,f50997dc-fcba-4806-8fac-d383657e9344,2026-01-07 22:35:14.724980,spawn_object,73.5,asset_gun_01,5.96,59.75
22188c31-baba-4169-a4e4-87055e89ba98,7615bbfe-c5b2-4900-a406-c985ae211cf2,f50997dc-fcba-4806-8fac-d383657e9344,2026-01-07 22:35:33.724980,spawn_object,81.6,asset_siren,26.12,91.14
4060658c-d643-4151-8e07-74ae0f1b4e95,7615bbfe-c5b2-4900-a406-c985ae211cf2,f50997dc-fcba-4806-8fac-d383657e9344,2026-01-07 22:35:44.724980,spawn_object,71.4,asset_gun_01,22.51,2.87
abbbebc5-4a4b-455f-94d5-5694d24aff46,7615bbfe-c5b2-4900-a406-c985ae211cf2,f50997dc-fcba-4806-8fac-d383657e9344,2026-01-07 22:35:54.724980,idle,96.2,cube,7.51,96.53
99079cd6-875b-441e-8a97-0a1075b3923f,7615bbfe-c5b2-4900-a406-c985ae211cf2,f50997dc-fcba-4806-8fac-d383657e9344,2026-01-07 22:36:07.724980,idle,92.7,asset_siren,5.06,15.12
acf729f5-3e16-47fc-8ca1-540597d7896a,7615bbfe-c5b2-4900-a406-c985ae211cf2,f50997dc-fcba-4806-8fac-d383657e9344,2026-01-07 22:36:36.724980,spawn_object,100.5,asset_siren,24.4,73.01
5edab1d2-fe15-4d8c-87d1-482d37129ce6,7615bbfe-c5b2-4900-a406-c985ae211cf2,f50997dc-fcba-4806-8fac-d383657e9344,2026-01-07 22:37:03.724980,touch,72.8,asset_siren,41.49,68.14
eb9e6701-ea43-4a80-b306-d7e93ecc3529,7615bbfe-c5b2-4900-a406-c985ae211cf2,f50997dc-fcba-4806-8fac-d383657e9344,2026-01-07 22:37:16.724980,touch,91.2,asset_siren,32.96,25.54
3fcfefe6-24f3-48e2-af18-d6738f442784,7615bbfe-c5b2-4900-a406-c985ae211cf2,f50997dc-fcba-4806-8fac-d383657e9344,2026-01-07 22:37:44.724980,spawn_object,95.7,asset_siren,86.42,73.96
9899c9a6-de70-459d-8f63-120b56a6f150,7615bbfe-c5b2-4900-a406-c985ae211cf2,f50997dc-fcba-4806-8fac-d383657e9344,2026-01-07 22:37:58.724980,spawn_object,86.8,asset_gun_01,97.26,22.02
b2deff6d-2e8f-4674-9e36-4fcb09d2b829,7615bbfe-c5b2-4900-a406-c985ae211cf2,f50997dc-fcba-4806-8fac-d383657e9344,2026-01-07 22:38:25.724980,touch,88.0,asset_gun_01,33.65,73.46
d699e389-7a54-4e91-ac93-05a5d4ea32da,7615bbfe-c5b2-4900-a406-c985ae211cf2,f50997dc-fcba-4806-8fac-d383657e9344,2026-01-07 22:38:39.724980,idle,91.1,asset_siren,47.09,44.07
496b1045-4df1-48ca-bfd7-15ec6bfda7af,7615bbfe-c5b2-4900-a406-c985ae211cf2,f50997dc-fcba-4806-8fac-d383657e9344,2026-01-07 22:38:54.724980,touch,98.7,asset_siren,15.11,17.13
11f8a97a-d3c9-4fd6-a50f-bba4856f6497,7615bbfe-c5b2-4900-a406-c985ae211cf2,f50997dc-fcba-4806-8fac-d383657e9344,2026-01-07 22:39:24.724980,idle,91.2,asset_siren,28.75,9.58
62cf2b47-3aae-471d-ada6-eaa6f3fec7d6,7615bbfe-c5b2-4900-a406-c985ae211cf2,f50997dc-fcba-4806-8fac-d383657e9344,2026-01-07 22:39:49.724980,touch,90.3,asset_siren,17.96,29.1
7993778c-ac3a-47dc-83ca-79a0f5f2ddd9,7615bbfe-c5b2-4900-a406-c985ae211cf2,f50997dc-fcba-4806-8fac-d383657e9344,2026-01-07 22:40:01.724980,spawn_object,75.6,asset_siren,96.87,66.45
297aabb7-b262-4e36-9059-68763056d26b,7615bbfe-c5b2-4900-a406-c985ae211cf2,f50997dc-fcba-4806-8fac-d383657e9344,2026-01-07 22:40:09.724980,spawn_object,67.6,asset_siren,6.33,38.74
868375e1-7a8b-4900-b0e4-0759a8a6917d,7615bbfe-c5b2-4900-a406-c985ae211cf2,f50997dc-fcba-4806-8fac-d383657e9344,2026-01-07 22:40:34.724980,spawn_object,89.1,asset_siren,95.13,70.91
fab4f995-5449-46a7-8904-30c4dcd7c8a0,7615bbfe-c5b2-4900-a406-c985ae211cf2,f50997dc-fcba-4806-8fac-d383657e9344,2026-01-07 22:40:54.724980,touch,81.0,asset_siren,15.72,96.25
17cdebb5-3be7-4d78-bb0e-f59639d2b16c,7615bbfe-c5b2-4900-a406-c985ae211cf2,f50997dc-fcba-4806-8fac-d383657e9344,2026-01-07 22:41:02.724980,spawn_object,75.9,cube,45.5,14.99
d8ffd23b-3b9b-4fb8-b4f5-df22261f41a2,7615bbfe-c5b2-4900-a406-c985ae211cf2,f50997dc-fcba-4806-8fac-d383657e9344,2026-01-07 22:41:09.724980,idle,78.3,asset_gun_01,99.32,6.31
c1f0973b-244a-4b4c-9d95-0f76eb116c92,7615bbfe-c5b2-4900-a406-c985ae211cf2,f50997dc-fcba-4806-8fac-d383657e9344,2026-01-07 22:41:37.724980,spawn_object,87.5,asset_siren,73.91,10.92
08614fcf-afeb-4cb1-aa31-ec736bb5bebe,7615bbfe-c5b2-4900-a406-c985ae211cf2,f50997dc-fcba-4806-8fac-d383657e9344,2026-01-07 22:41:57.724980,spawn_object,92.4,asset_siren,84.14,58.27
8117f735-71f1-4ca8-bc85-18778e776321,7615bbfe-c5b2-4900-a406-c985ae211cf2,f50997dc-fcba-4806-8fac-d383657e9344,2026-01-07 22:42:05.724980,idle,89.1,asset_gun_01,53.25,49.13
f7fdf999-b0a5-4cb7-bfbf-d8cf2dbf2045,7615bbfe-c5b2-4900-a406-c985ae211cf2,f50997dc-fcba-4806-8fac-d383657e9344,2026-01-07 22:42:12.724980,idle,92.7,asset_gun_01,1.3,30.66
ee791fd7-a68a-4ff4-aa68-472d581c7160,7615bbfe-c5b2-4900-a406-c985ae211cf2,f50997dc-fcba-4806-8fac-d383657e9344,2026-01-07 22:42:40.724980,touch,71.5,asset_gun_01,80.22,79.96
f3f35bfa-1c71-476c-b592-ee538fddb00d,6a4e3637-d0f5-4db0-8943-e3789e16c595,c320dbbb-af50-43d8-b680-7b1d95b78e49,2026-01-08 08:05:16.724980,explore,46.5,flower,47.23,11.46
c611694f-3d23-4ac3-9989-5eac7fda0a9c,6a4e3637-d0f5-4db0-8943-e3789e16c595,c320dbbb-af50-43d8-b680-7b1d95b78e49,2026-01-08 08:05:26.724980,wave,46.1,flower,27.69,90.59
dcb9f844-9e74-423d-93d8-1c3ee0b1c65f,6a4e3637-d0f5-4db0-8943-e3789e16c595,c320dbbb-af50-43d8-b680-7b1d95b78e49,2026-01-08 08:05:54.724980,explore,44.3,paintbrush,61.38,36.1
15bb3a0e-66c4-4808-b39d-2cb3c5f2e3b2,6a4e3637-d0f5-4db0-8943-e3789e16c595,c320dbbb-af50-43d8-b680-7b1d95b78e49,2026-01-08 08:05:59.724980,explore,33.6,flower,92.46,17.34
6abf0ccf-616e-42a5-aba5-bb9abc62202c,6a4e3637-d0f5-4db0-8943-e3789e16c595,c320dbbb-af50-43d8-b680-7b1d95b78e49,2026-01-08 08:06:22.724980,wave,35.6,paintbrush,46.73,15.99
52210191-e824-40f6-a946-0ae7c5be287a,6a4e3637-d0f5-4db0-8943-e3789e16c595,c320dbbb-af50-43d8-b680-7b1d95b78e49,2026-01-08 08:06:31.724980,explore,31.5,paintbrush,29.88,54.26
0488e551-9e6d-4ea6-98a1-dabb8840fba1,6a4e3637-d0f5-4db0-8943-e3789e16c595,c320dbbb-af50-43d8-b680-7b1d95b78e49,2026-01-08 08:06:37.724980,wave,37.9,paintbrush,63.48,57.41
f6f9995a-33a8-4d48-aa61-7ff6c55dce66,6a4e3637-d0f5-4db0-8943-e3789e16c595,c320dbbb-af50-43d8-b680-7b1d95b78e49,2026-01-08 08:06:48.724980,wave,44.3,flower,43.67,9.22
3e312e45-e39a-4fa3-9399-dd335042e7ab,6a4e3637-d0f5-4db0-8943-e3789e16c595,c320dbbb-af50-43d8-b680-7b1d95b78e49,2026-01-08 08:07:00.724980,explore,38.8,paintbrush,98.16,95.15
058d35de-fd6a-49c3-83dc-15db0e289c41,6a4e3637-d0f5-4db0-8943-e3789e16c595,c320dbbb-af50-43d8-b680-7b1d95b78e49,2026-01-08 08:07:10.724980,explore,42.7,cube,56.1,84.79
2ed37b91-43af-42c8-9392-67319a8f31f6,6a4e3637-d0f5-4db0-8943-e3789e16c595,c320dbbb-af50-43d8-b680-7b1d95b78e49,2026-01-08 08:07:23.724980,explore,42.6,flower,83.55,17.76
b321a01b-f73c-426d-861c-113e7bea8ba6,6a4e3637-d0f5-4db0-8943-e3789e16c595,c320dbbb-af50-43d8-b680-7b1d95b78e49,2026-01-08 08:07:36.724980,explore,37.7,cube,2.96,51.02
8c6745ab-cd8f-4f2c-aa63-0fac661f678a,6a4e3637-d0f5-4db0-8943-e3789e16c595,c320dbbb-af50-43d8-b680-7b1d95b78e49,2026-01-08 08:08:06.724980,wave,48.4,paintbrush,91.57,43.82
be1eebbf-e2c5-48b0-9522-645e6259c6d2,6a4e3637-d0f5-4db0-8943-e3789e16c595,c320dbbb-af50-43d8-b680-7b1d95b78e49,2026-01-08 08:08:20.724980,explore,36.4,paintbrush,13.64,47.12
16a3e47f-fd51-4644-8e7d-24b9e690371a,6a4e3637-d0f5-4db0-8943-e3789e16c595,c320dbbb-af50-43d8-b680-7b1d95b78e49,2026-01-08 08:08:44.724980,wave,36.9,flower,94.67,43.11
d9b7c780-fd75-41e7-8075-126788c937b0,6a4e3637-d0f5-4db0-8943-e3789e16c595,c320dbbb-af50-43d8-b680-7b1d95b78e49,2026-01-08 08:08:51.724980,explore,38.9,flower,60.04,98.22
6cc4db6c-8c14-4346-afcc-27d6a40f189f,6a4e3637-d0f5-4db0-8943-e3789e16c595,c320dbbb-af50-43d8-b680-7b1d95b78e49,2026-01-08 08:09:02.724980,explore,40.5,paintbrush,33.61,58.8
f0049d26-9cbf-4f90-81d7-41134d82c7a8,6a4e3637-d0f5-4db0-8943-e3789e16c595,c320dbbb-af50-43d8-b680-7b1d95b78e49,2026-01-08 08:09:29.724980,wave,31.7,flower,78.43,36.75
96cb28f7-8ac7-41c2-a557-b0b7878d333e,6a4e3637-d0f5-4db0-8943-e3789e16c595,c320dbbb-af50-43d8-b680-7b1d95b78e49,2026-01-08 08:09:58.724980,explore,40.5,cube,63.11,25.81
e2b5ce0b-8211-485a-92d9-e886fefd7109,6a4e3637-d0f5-4db0-8943-e3789e16c595,c320dbbb-af50-43d8-b680-7b1d95b78e49,2026-01-08 08:10:24.724980,explore,48.7,flower,31.27,6.47
093c764a-01ca-47f0-985f-482584123a32,6a4e3637-d0f5-4db0-8943-e3789e16c595,c320dbbb-af50-43d8-b680-7b1d95b78e49,2026-01-08 08:10:35.724980,wave,36.5,flower,55.16,33.43
b8f3979a-69e1-45f3-b696-41bade7c5399,6a4e3637-d0f5-4db0-8943-e3789e16c595,c320dbbb-af50-43d8-b680-7b1d95b78e49,2026-01-08 08:11:01.724980,explore,37.2,paintbrush,78.82,13.87
7d2ebf85-2078-48e5-84b0-cba470da859e,6a4e3637-d0f5-4db0-8943-e3789e16c595,c320dbbb-af50-43d8-b680-7b1d95b78e49,2026-01-08 08:11:11.724980,explore,45.2,flower,5.83,65.76
107f13b7-2b56-4ac5-8297-f45659db79fd,6a4e3637-d0f5-4db0-8943-e3789e16c595,c320dbbb-af50-43d8-b680-7b1d95b78e49,2026-01-08 08:11:34.724980,explore,40.7,cube,86.57,38.47
3f863018-7990-4281-bc80-401f6c5c932f,ab0d00e1-47f9-46f0-9126-1973ee16d2f3,326ec73f-68f8-4380-80bd-480807f06397,2026-01-07 20:48:18.724980,explore,47.0,cube,87.77,90.6
370dbffd-6f82-4942-866b-7d2480e110d6,ab0d00e1-47f9-46f0-9126-1973ee16d2f3,326ec73f-68f8-4380-80bd-480807f06397,2026-01-07 20:48:48.724980,explore,43.1,cube,46.98,68.32
565c27f4-4ba8-4dba-b2d5-c286c60f33bf,ab0d00e1-47f9-46f0-9126-1973ee16d2f3,326ec73f-68f8-4380-80bd-480807f06397,2026-01-07 20:48:59.724980,explore,41.4,cube,85.3,91.56
61bd6541-1549-407a-a13c-4991abc86372,ab0d00e1-47f9-46f0-9126-1973ee16d2f3,326ec73f-68f8-4380-80bd-480807f06397,2026-01-07 20:49:18.724980,wave,38.5,cube,35.95,15.71
f9c249f5-04d7-40c3-a673-505c1f2fdd54,ab0d00e1-47f9-46f0-9126-1973ee16d2f3,326ec73f-68f8-4380-80bd-480807f06397,2026-01-07 20:49:23.724980,explore,39.5,cube,12.31,28.72
9553bf22-430d-43e1-ac1e-8ccd94c8ff92,ab0d00e1-47f9-46f0-9126-1973ee16d2f3,326ec73f-68f8-4380-80bd-480807f06397,2026-01-07 20:49:53.724980,explore,32.9,flower,35.09,95.15
af5b7967-119d-46f8-a33a-eee5669c7ee8,ab0d00e1-47f9-46f0-9126-1973ee16d2f3,326ec73f-68f8-4380-80bd-480807f06397,2026-01-07 20:50:00.724980,explore,35.7,flower,6.73,7.37
11ed18fd-7c63-4065-9575-fb092595943a,ab0d00e1-47f9-46f0-9126-1973ee16d2f3,326ec73f-68f8-4380-80bd-480807f06397,2026-01-07 20:50:16.724980,wave,46.5,paintbrush,84.76,42.19
f62e4cb3-f8ae-4072-bf2a-03da2e898524,ab0d00e1-47f9-46f0-9126-1973ee16d2f3,326ec73f-68f8-4380-80bd-480807f06397,2026-01-07 20:50:32.724980,wave,47.6,paintbrush,61.2,68.42
b0d11a72-b275-4611-bbce-4aa0755f6043,ab0d00e1-47f9-46f0-9126-1973ee16d2f3,326ec73f-68f8-4380-80bd-480807f06397,2026-01-07 20:50:43.724980,explore,50.9,cube,87.19,95.21
0b26b60e-2fcd-43a8-a0b4-242a4084b74a,ab0d00e1-47f9-46f0-9126-1973ee16d2f3,326ec73f-68f8-4380-80bd-480807f06397,2026-01-07 20:51:00.724980,explore,35.5,paintbrush,56.11,36.49
e3dfb28f-a631-415e-b577-6c90b96b8b41,ab0d00e1-47f9-46f0-9126-1973ee16d2f3,326ec73f-68f8-4380-80bd-480807f06397,2026-01-07 20:51:10.724980,spawn_object,49.5,cube,27.78,96.99
3bf5921f-707a-4349-b9af-0013e2bf5712,ab0d00e1-47f9-46f0-9126-1973ee16d2f3,326ec73f-68f8-4380-80bd-480807f06397,2026-01-07 20:51:18.724980,wave,44.7,flower,9.28,29.66
84b2ea7f-4e4a-4215-8ebb-118d26fb5952,ab0d00e1-47f9-46f0-9126-1973ee16d2f3,326ec73f-68f8-4380-80bd-480807f06397,2026-01-07 20:51:31.724980,explore,37.5,flower,89.01,89.02
ef1cfe46-31e4-4e0f-acef-ee732451cfc1,ab0d00e1-47f9-46f0-9126-1973ee16d2f3,326ec73f-68f8-4380-80bd-480807f06397,2026-01-07 20:51:54.724980,spawn_object,45.5,paintbrush,19.91,72.55
2b2d770b-1d07-4dd4-9b5f-bf58a35effe5,ab0d00e1-47f9-46f0-9126-1973ee16d2f3,326ec73f-68f8-4380-80bd-480807f06397,2026-01-07 20:52:22.724980,explore,47.5,cube,80.18,76.71
3536b1f9-c7d1-4d2b-b911-ba20c6860e91,ab0d00e1-47f9-46f0-9126-1973ee16d2f3,326ec73f-68f8-4380-80bd-480807f06397,2026-01-07 20:52:39.724980,explore,35.6,flower,67.52,7.95
0acaf99d-33e7-4948-8870-0318e64c1314,ab0d00e1-47f9-46f0-9126-1973ee16d2f3,326ec73f-68f8-4380-80bd-480807f06397,2026-01-07 20:52:52.724980,explore,43.8,cube,97.85,70.98
425d5542-a83a-41fe-8d88-afa9c5d7d036,ab0d00e1-47f9-46f0-9126-1973ee16d2f3,326ec73f-68f8-4380-80bd-480807f06397,2026-01-07 20:53:06.724980,wave,32.9,paintbrush,55.95,81.93
6ea82b33-895d-4996-9646-e239e05dbfb3,ab0d00e1-47f9-46f0-9126-1973ee16d2f3,326ec73f-68f8-4380-80bd-480807f06397,2026-01-07 20:53:33.724980,explore,36.8,cube,47.96,84.07
68f61f9d-600f-48ff-b2df-788bc40d22f7,ab0d00e1-47f9-46f0-9126-1973ee16d2f3,326ec73f-68f8-4380-80bd-480807f06397,2026-01-07 20:53:40.724980,explore,33.9,paintbrush,73.12,77.49
cb0d1b90-7b33-489c-a728-9e648098b657,ab0d00e1-47f9-46f0-9126-1973ee16d2f3,326ec73f-68f8-4380-80bd-480807f06397,2026-01-07 20:53:47.724980,explore,37.5,paintbrush,67.13,43.64
75a5f83d-40e9-442b-a662-e8002d1fb433,ab0d00e1-47f9-46f0-9126-1973ee16d2f3,326ec73f-68f8-4380-80bd-480807f06397,2026-01-07 20:54:06.724980,explore,35.8,paintbrush,47.41,44.54
e5bf5f7f-ea15-40fd-9b81-c6fe09f431fb,ab0d00e1-47f9-46f0-9126-1973ee16d2f3,326ec73f-68f8-4380-80bd-480807f06397,2026-01-07 20:54:20.724980,explore,39.6,paintbrush,50.03,6.47
47fa7243-eea9-45e8-8e8a-ba25a650ccbc,ab0d00e1-47f9-46f0-9126-1973ee16d2f3,326ec73f-68f8-4380-80bd-480807f06397,2026-01-07 20:54:41.724980,explore,36.6,paintbrush,43.47,74.74
89a9f182-0e0a-45a2-8c5f-d0556565b07b,ab0d00e1-47f9-46f0-9126-1973ee16d2f3,326ec73f-68f8-4380-80bd-480807f06397,2026-01-07 20:54:59.724980,wave,41.5,cube,92.79,82.66
846f05a4-2a2d-4146-a3d1-cdc84aa5fb90,ab0d00e1-47f9-46f0-9126-1973ee16d2f3,326ec73f-68f8-4380-80bd-480807f06397,2026-01-07 20:55:26.724980,explore,44.8,flower,65.36,18.59
2116c42a-5319-4abb-b209-042e6898da8a,ab0d00e1-47f9-46f0-9126-1973ee16d2f3,326ec73f-68f8-4380-80bd-480807f06397,2026-01-07 20:55:48.724980,explore,44.7,flower,17.34,33.81
1f16703f-4900-43e3-9c02-0b874f1a4118,ab0d00e1-47f9-46f0-9126-1973ee16d2f3,326ec73f-68f8-4380-80bd-480807f06397,2026-01-07 20:56:16.724980,explore,46.6,cube,25.43,60.11
96436fdf-5a15-40e2-a703-dd67cfa5f8bd,ab0d00e1-47f9-46f0-9126-1973ee16d2f3,326ec73f-68f8-4380-80bd-480807f06397,2026-01-07 20:56:25.724980,explore,36.3,paintbrush,8.86,59.17
3c5ef868-81ef-4b41-bc16-9481dfa7f61e,ab0d00e1-47f9-46f0-9126-1973ee16d2f3,326ec73f-68f8-4380-80bd-480807f06397,2026-01-07 20:56:36.724980,explore,37.8,cube,34.22,31.32
259502de-7ebb-4dec-bfe0-f71e177f4ae2,ab0d00e1-47f9-46f0-9126-1973ee16d2f3,326ec73f-68f8-4380-80bd-480807f06397,2026-01-07 20:57:05.724980,explore,43.5,flower,44.78,47.08
1f48c4c1-32f0-4c37-a50f-8f3cad44dd00,ab0d00e1-47f9-46f0-9126-1973ee16d2f3,326ec73f-68f8-4380-80bd-480807f06397,2026-01-07 20:57:29.724980,explore,35.6,flower,2.48,8.67
9acbea61-7bfc-4b4d-a3c5-05ecc1d36642,ab0d00e1-47f9-46f0-9126-1973ee16d2f3,326ec73f-68f8-4380-80bd-480807f06397,2026-01-07 20:57:35.724980,explore,39.2,paintbrush,99.61,75.29
f6bfae39-f825-4ac2-bdb4-908c575c7e51,ab0d00e1-47f9-46f0-9126-1973ee16d2f3,326ec73f-68f8-4380-80bd-480807f06397,2026-01-07 20:57:58.724980,wave,40.6,paintbrush,7.87,6.68
64fd0a72-282c-42f7-a2b3-67d06f06a3dd,ab0d00e1-47f9-46f0-9126-1973ee16d2f3,326ec73f-68f8-4380-80bd-480807f06397,2026-01-07 20:58:18.724980,explore,40.6,flower,13.82,15.21
6359a207-f6f4-4ce1-9e37-73b799587409,ab0d00e1-47f9-46f0-9126-1973ee16d2f3,326ec73f-68f8-4380-80bd-480807f06397,2026-01-07 20:58:46.724980,explore,32.7,cube,58.87,55.33
b8922b7e-aed8-4fb9-9857-fc60ade4370f,ab0d00e1-47f9-46f0-9126-1973ee16d2f3,326ec73f-68f8-4380-80bd-480807f06397,2026-01-07 20:59:10.724980,spawn_object,36.4,paintbrush,21.26,82.87
e80819bb-9797-4f89-b6c1-faed8bbcb386,ab0d00e1-47f9-46f0-9126-1973ee16d2f3,326ec73f-68f8-4380-80bd-480807f06397,2026-01-07 20:59:24.724980,explore,36.6,flower,90.19,80.23
15558fe4-2f5e-4851-adcf-bb88136c5276,f5f66fb5-094b-4203-a218-5f2884425b31,adfb02a1-111c-47a5-8d50-e8b2bd077002,2026-01-07 18:39:09.724980,explore,38.9,paintbrush,16.05,5.76
5826ec78-f92d-4b33-bb39-f459743561ad,f5f66fb5-094b-4203-a218-5f2884425b31,adfb02a1-111c-47a5-8d50-e8b2bd077002,2026-01-07 18:39:32.724980,explore,37.5,flower,63.5,41.6
e056a218-696e-4689-9a8e-c2c3fb29af60,f5f66fb5-094b-4203-a218-5f2884425b31,adfb02a1-111c-47a5-8d50-e8b2bd077002,2026-01-07 18:39:54.724980,explore,40.3,flower,63.87,6.53
44460901-0108-4e51-ab50-b8c47d44bd6d,f5f66fb5-094b-4203-a218-5f2884425b31,adfb02a1-111c-47a5-8d50-e8b2bd077002,2026-01-07 18:40:00.724980,explore,27.5,flower,94.46,28.7
b82cfa82-f95f-437a-b290-3b39f3691798,f5f66fb5-094b-4203-a218-5f2884425b31,adfb02a1-111c-47a5-8d50-e8b2bd077002,2026-01-07 18:40:24.724980,explore,42.2,paintbrush,29.71,71.97
80984d37-065a-45e4-8bf2-fefb09f204d1,f5f66fb5-094b-4203-a218-5f2884425b31,adfb02a1-111c-47a5-8d50-e8b2bd077002,2026-01-07 18:40:30.724980,explore,39.2,flower,89.81,36.24
cf169ecb-df4e-4a37-8842-2096e97b1139,f5f66fb5-094b-4203-a218-5f2884425b31,adfb02a1-111c-47a5-8d50-e8b2bd077002,2026-01-07 18:40:55.724980,explore,42.8,cube,74.81,19.46
7b6bb81e-3733-43ff-abfc-7991ab3e905c,f5f66fb5-094b-4203-a218-5f2884425b31,adfb02a1-111c-47a5-8d50-e8b2bd077002,2026-01-07 18:41:15.724980,explore,41.9,flower,48.94,36.86
e04f7898-ea00-4d01-9eac-e74dfd4365c8,f5f66fb5-094b-4203-a218-5f2884425b31,adfb02a1-111c-47a5-8d50-e8b2bd077002,2026-01-07 18:41:35.724980,wave,47.5,flower,27.35,39.93
588da63f-90f4-4326-816c-ff65d1dec2f2,f5f66fb5-094b-4203-a218-5f2884425b31,adfb02a1-111c-47a5-8d50-e8b2bd077002,2026-01-07 18:41:47.724980,explore,39.9,paintbrush,38.17,35.35
05450bec-ae42-4cfe-973a-eb2c11211cbd,f5f66fb5-094b-4203-a218-5f2884425b31,adfb02a1-111c-47a5-8d50-e8b2bd077002,2026-01-07 18:42:09.724980,wave,44.1,cube,94.81,71.83
99e174b1-5666-4d40-9df4-1a68d8e2ed10,f5f66fb5-094b-4203-a218-5f2884425b31,adfb02a1-111c-47a5-8d50-e8b2bd077002,2026-01-07 18:42:29.724980,wave,54.0,cube,48.68,20.5
0b0c5e5e-c608-44fe-a724-af97b67583f4,f5f66fb5-094b-4203-a218-5f2884425b31,adfb02a1-111c-47a5-8d50-e8b2bd077002,2026-01-07 18:42:54.724980,wave,39.2,paintbrush,6.99,96.78
d5775c9b-be37-4ace-9015-c31a56222082,f5f66fb5-094b-4203-a218-5f2884425b31,adfb02a1-111c-47a5-8d50-e8b2bd077002,2026-01-07 18:43:01.724980,wave,40.6,flower,25.38,66.27
e3f967d2-1ec8-4847-84aa-9c6a363b5a6f,f5f66fb5-094b-4203-a218-5f2884425b31,adfb02a1-111c-47a5-8d50-e8b2bd077002,2026-01-07 18:43:11.724980,wave,35.5,flower,26.5,13.84
08c82955-4eab-43b2-9579-b6894d7c0d69,f5f66fb5-094b-4203-a218-5f2884425b31,adfb02a1-111c-47a5-8d50-e8b2bd077002,2026-01-07 18:43:41.724980,explore,40.2,flower,13.55,30.95
ff4a2fd4-4398-44be-b99e-e0b85c015943,f5f66fb5-094b-4203-a218-5f2884425b31,adfb02a1-111c-47a5-8d50-e8b2bd077002,2026-01-07 18:44:05.724980,wave,39.6,flower,93.72,73.15
963a0d29-2e6a-4478-a34f-44bd86740d53,f5f66fb5-094b-4203-a218-5f2884425b31,adfb02a1-111c-47a5-8d50-e8b2bd077002,2026-01-07 18:44:33.724980,wave,39.0,paintbrush,3.68,89.18
d338dbaf-ccc5-43ed-8d29-b66f5329019b,f5f66fb5-094b-4203-a218-5f2884425b31,adfb02a1-111c-47a5-8d50-e8b2bd077002,2026-01-07 18:44:52.724980,explore,38.7,paintbrush,7.69,46.77
c29d2675-f748-4c7e-88c4-a78bc19874c7,f5f66fb5-094b-4203-a218-5f2884425b31,adfb02a1-111c-47a5-8d50-e8b2bd077002,2026-01-07 18:45:14.724980,explore,41.7,flower,35.24,84.2
c50041db-5d96-4bd0-9d62-6d43985aeae6,f5f66fb5-094b-4203-a218-5f2884425b31,adfb02a1-111c-47a5-8d50-e8b2bd077002,2026-01-07 18:45:41.724980,spawn_object,37.3,cube,1.64,82.08
bd02d401-45c4-4ac5-9137-a2e432945551,f5f66fb5-094b-4203-a218-5f2884425b31,adfb02a1-111c-47a5-8d50-e8b2bd077002,2026-01-07 18:46:08.724980,wave,32.6,flower,11.23,70.72
bbb024b8-93b5-450a-b75b-038ce273b067,f5f66fb5-094b-4203-a218-5f2884425b31,adfb02a1-111c-47a5-8d50-e8b2bd077002,2026-01-07 18:46:26.724980,wave,35.8,flower,97.91,8.85
dc421d35-c16b-4654-a8db-1f7cb9bf4431,cb71430a-6ba8-4c5f-b398-93c68da054ee,5b4f59db-e77c-4e58-98c0-f1e0b8c1aa06,2026-01-08 00:23:21.724980,wave,38.4,cube,32.87,82.15
d9dccbf3-fb3e-4cfa-a815-a9fc0e065d04,cb71430a-6ba8-4c5f-b398-93c68da054ee,5b4f59db-e77c-4e58-98c0-f1e0b8c1aa06,2026-01-08 00:23:31.724980,spawn_object,38.5,flower,55.31,61.44
a873ba95-2ab4-41e7-ab16-77e05ed71280,cb71430a-6ba8-4c5f-b398-93c68da054ee,5b4f59db-e77c-4e58-98c0-f1e0b8c1aa06,2026-01-08 00:23:41.724980,explore,45.6,cube,7.29,38.88
8497486e-107b-46e4-a9d9-67607ad15554,cb71430a-6ba8-4c5f-b398-93c68da054ee,5b4f59db-e77c-4e58-98c0-f1e0b8c1aa06,2026-01-08 00:23:46.724980,explore,39.0,flower,50.56,73.88
7f72894f-3f98-4ea9-8307-933ded0da0c7,cb71430a-6ba8-4c5f-b398-93c68da054ee,5b4f59db-e77c-4e58-98c0-f1e0b8c1aa06,2026-01-08 00:24:08.724980,explore,37.7,flower,9.34,54.48
be1b7c1a-86ec-4626-a6fe-5e8615a75db4,cb71430a-6ba8-4c5f-b398-93c68da054ee,5b4f59db-e77c-4e58-98c0-f1e0b8c1aa06,2026-01-08 00:24:24.724980,wave,42.3,paintbrush,71.11,19.89
e139759f-c923-402e-81bf-3d4fe98b643a,cb71430a-6ba8-4c5f-b398-93c68da054ee,5b4f59db-e77c-4e58-98c0-f1e0b8c1aa06,2026-01-08 00:24:52.724980,wave,38.5,flower,54.16,59.05
7016bdb3-b486-4759-b7eb-54288c2dbe94,cb71430a-6ba8-4c5f-b398-93c68da054ee,5b4f59db-e77c-4e58-98c0-f1e0b8c1aa06,2026-01-08 00:25:06.724980,wave,40.6,flower,81.94,15.39
e0e67ad6-3ee1-40f7-b556-e856a297f1b6,cb71430a-6ba8-4c5f-b398-93c68da054ee,5b4f59db-e77c-4e58-98c0-f1e0b8c1aa06,2026-01-08 00:25:20.724980,explore,37.4,flower,19.87,95.58
6f7b9aef-ad06-497d-a354-418859c194ed,cb71430a-6ba8-4c5f-b398-93c68da054ee,5b4f59db-e77c-4e58-98c0-f1e0b8c1aa06,2026-01-08 00:25:44.724980,spawn_object,45.3,cube,75.22,81.2
c4940132-4d51-41ce-bb5c-2d686f0744ac,cb71430a-6ba8-4c5f-b398-93c68da054ee,5b4f59db-e77c-4e58-98c0-f1e0b8c1aa06,2026-01-08 00:26:09.724980,explore,38.4,cube,59.3,15.87
7b8897ee-f357-45ac-884c-79171a4f02aa,cb71430a-6ba8-4c5f-b398-93c68da054ee,5b4f59db-e77c-4e58-98c0-f1e0b8c1aa06,2026-01-08 00:26:38.724980,explore,37.9,paintbrush,97.29,87.42
0a99cc8a-a1e0-4070-8052-89a15bfe4809,cb71430a-6ba8-4c5f-b398-93c68da054ee,5b4f59db-e77c-4e58-98c0-f1e0b8c1aa06,2026-01-08 00:26:46.724980,explore,44.4,cube,91.42,19.7
b516794e-94d5-40a8-9a59-ede5b775b053,cb71430a-6ba8-4c5f-b398-93c68da054ee,5b4f59db-e77c-4e58-98c0-f1e0b8c1aa06,2026-01-08 00:27:07.724980,explore,38.3,flower,70.55,62.39
17704df7-db6c-4371-a9a8-219d8050c55f,cb71430a-6ba8-4c5f-b398-93c68da054ee,5b4f59db-e77c-4e58-98c0-f1e0b8c1aa06,2026-01-08 00:27:34.724980,explore,42.3,cube,37.72,81.06
0f61e556-5db1-4a3c-bdc0-24d4596915e7,cb71430a-6ba8-4c5f-b398-93c68da054ee,5b4f59db-e77c-4e58-98c0-f1e0b8c1aa06,2026-01-08 00:27:40.724980,explore,45.5,cube,24.69,16.16
714fa8b4-c52f-41d9-918b-6c5c05befe9b,cb71430a-6ba8-4c5f-b398-93c68da054ee,5b4f59db-e77c-4e58-98c0-f1e0b8c1aa06,2026-01-08 00:28:10.724980,wave,37.8,cube,68.99,23.93
43ef5259-c1b2-4291-a70c-9c3aafb9ad9c,cb71430a-6ba8-4c5f-b398-93c68da054ee,5b4f59db-e77c-4e58-98c0-f1e0b8c1aa06,2026-01-08 00:28:20.724980,explore,34.6,paintbrush,77.51,38.9
3555f0fc-a34a-457c-8be9-617d678e76e6,cb71430a-6ba8-4c5f-b398-93c68da054ee,5b4f59db-e77c-4e58-98c0-f1e0b8c1aa06,2026-01-08 00:28:39.724980,explore,48.2,cube,37.14,40.34
9b11be27-e7d0-46b4-b431-c19a8c47efa0,cb71430a-6ba8-4c5f-b398-93c68da054ee,5b4f59db-e77c-4e58-98c0-f1e0b8c1aa06,2026-01-08 00:28:59.724980,wave,41.7,flower,96.98,81.15
3c0223d8-818c-4844-9f08-89b6d65ec724,cb71430a-6ba8-4c5f-b398-93c68da054ee,5b4f59db-e77c-4e58-98c0-f1e0b8c1aa06,2026-01-08 00:29:15.724980,explore,43.2,cube,87.34,35.63
693fa38b-c50a-43b4-a6a2-483aadb0782a,cb71430a-6ba8-4c5f-b398-93c68da054ee,5b4f59db-e77c-4e58-98c0-f1e0b8c1aa06,2026-01-08 00:29:31.724980,explore,36.7,flower,26.08,86.73
f57af9aa-a4d6-4c4b-98ae-f6053d468055,cb71430a-6ba8-4c5f-b398-93c68da054ee,5b4f59db-e77c-4e58-98c0-f1e0b8c1aa06,2026-01-08 00:29:48.724980,explore,42.0,flower,97.98,39.55
d609b110-b7c9-4bd4-945e-580e00292a4b,cb71430a-6ba8-4c5f-b398-93c68da054ee,5b4f59db-e77c-4e58-98c0-f1e0b8c1aa06,2026-01-08 00:29:57.724980,explore,39.7,flower,33.33,2.19
a3a042d4-a767-40fb-885b-7292272f8e10,cb71430a-6ba8-4c5f-b398-93c68da054ee,5b4f59db-e77c-4e58-98c0-f1e0b8c1aa06,2026-01-08 00:30:08.724980,explore,32.0,flower,14.02,66.5
68776498-b054-4f02-a496-4f2c0ee9412f,cb71430a-6ba8-4c5f-b398-93c68da054ee,5b4f59db-e77c-4e58-98c0-f1e0b8c1aa06,2026-01-08 00:30:33.724980,explore,31.8,paintbrush,93.86,91.37
bef890a9-c391-4eb5-b0f8-e2d5b4d35b81,cb71430a-6ba8-4c5f-b398-93c68da054ee,5b4f59db-e77c-4e58-98c0-f1e0b8c1aa06,2026-01-08 00:30:53.724980,wave,30.6,cube,90.75,44.39
16073750-88ab-4b4f-868b-f5a27cb7ce29,cb71430a-6ba8-4c5f-b398-93c68da054ee,5b4f59db-e77c-4e58-98c0-f1e0b8c1aa06,2026-01-08 00:31:19.724980,explore,38.8,paintbrush,46.98,65.88
38339d41-872d-49cf-855e-8a7bf91a00f5,cb71430a-6ba8-4c5f-b398-93c68da054ee,5b4f59db-e77c-4e58-98c0-f1e0b8c1aa06,2026-01-08 00:31:40.724980,explore,40.3,cube,49.96,21.99
297364a9-4535-4e0c-8d9b-2edfd52cd262,cb71430a-6ba8-4c5f-b398-93c68da054ee,5b4f59db-e77c-4e58-98c0-f1e0b8c1aa06,2026-01-08 00:32:04.724980,explore,39.9,cube,38.83,9.16
8064da9a-8275-48ac-94ef-403fa4211e27,cb71430a-6ba8-4c5f-b398-93c68da054ee,5b4f59db-e77c-4e58-98c0-f1e0b8c1aa06,2026-01-08 00:32:17.724980,explore,38.6,paintbrush,63.98,21.6
83e1f497-abb3-4a0f-a392-e6c2227835ae,cb71430a-6ba8-4c5f-b398-93c68da054ee,5b4f59db-e77c-4e58-98c0-f1e0b8c1aa06,2026-01-08 00:32:23.724980,spawn_object,39.5,paintbrush,49.45,64.75
c4fd28b7-7f24-4b50-8e14-2fef1adcff5d,cb71430a-6ba8-4c5f-b398-93c68da054ee,5b4f59db-e77c-4e58-98c0-f1e0b8c1aa06,2026-01-08 00:32:36.724980,wave,38.0,paintbrush,64.23,82.94
ee63974c-c1e6-4093-9051-9113dc24a6e0,cb71430a-6ba8-4c5f-b398-93c68da054ee,5b4f59db-e77c-4e58-98c0-f1e0b8c1aa06,2026-01-08 00:32:58.724980,spawn_object,38.7,cube,37.94,8.49
43a4b029-963e-4513-9e1c-4bfbed5b0191,82249838-9e44-4332-9ba0-b817760dc602,4c577737-52cb-4cf1-9941-cb15895279f6,2026-01-08 07:02:24.724980,spawn_object,40.9,cube,8.02,58.76
54106b17-b0dd-4810-bf53-c5fb861546f8,82249838-9e44-4332-9ba0-b817760dc602,4c577737-52cb-4cf1-9941-cb15895279f6,2026-01-08 07:02:37.724980,wave,40.9,flower,76.14,43.3
28eded3e-cafd-4bd1-b4b5-9bb5fc653f5c,82249838-9e44-4332-9ba0-b817760dc602,4c577737-52cb-4cf1-9941-cb15895279f6,2026-01-08 07:02:56.724980,explore,35.7,flower,21.35,47.71
e700da3f-170e-4ab0-9c5c-3fc79fd331ad,82249838-9e44-4332-9ba0-b817760dc602,4c577737-52cb-4cf1-9941-cb15895279f6,2026-01-08 07:03:22.724980,wave,43.1,paintbrush,42.27,45.11
ca2056e4-8cb9-4a60-ae8c-2f40796ae365,82249838-9e44-4332-9ba0-b817760dc602,4c577737-52cb-4cf1-9941-cb15895279f6,2026-01-08 07:03:31.724980,wave,42.1,flower,22.42,11.85
85fb9bc4-5832-4a06-b3ee-a5529fc65e5a,82249838-9e44-4332-9ba0-b817760dc602,4c577737-52cb-4cf1-9941-cb15895279f6,2026-01-08 07:03:55.724980,explore,37.4,flower,41.89,75.83
b661ae95-74e1-4fdb-bb61-c752657a1eb5,82249838-9e44-4332-9ba0-b817760dc602,4c577737-52cb-4cf1-9941-cb15895279f6,2026-01-08 07:04:05.724980,explore,39.5,flower,56.94,43.94
dc8ae1bb-695b-4527-bc12-a2c89b2d30af,82249838-9e44-4332-9ba0-b817760dc602,4c577737-52cb-4cf1-9941-cb15895279f6,2026-01-08 07:04:26.724980,explore,41.9,cube,79.68,41.74
3e54af4e-0b8a-469d-839a-1a36a81718fc,82249838-9e44-4332-9ba0-b817760dc602,4c577737-52cb-4cf1-9941-cb15895279f6,2026-01-08 07:04:42.724980,explore,49.1,flower,11.96,71.19
3dba994f-6c8f-4814-9254-f28e6bcaf651,82249838-9e44-4332-9ba0-b817760dc602,4c577737-52cb-4cf1-9941-cb15895279f6,2026-01-08 07:04:53.724980,explore,42.5,paintbrush,0.93,97.26
346d80f8-5b48-4168-8f73-ae3648f9dc06,82249838-9e44-4332-9ba0-b817760dc602,4c577737-52cb-4cf1-9941-cb15895279f6,2026-01-08 07:05:06.724980,explore,45.3,flower,35.88,34.02
cc555a51-2ee1-4b78-9df1-3637143a1d97,82249838-9e44-4332-9ba0-b817760dc602,4c577737-52cb-4cf1-9941-cb15895279f6,2026-01-08 07:05:26.724980,explore,38.2,paintbrush,82.16,67.79
8d83238e-0232-47f0-adf5-f65805216c7b,82249838-9e44-4332-9ba0-b817760dc602,4c577737-52cb-4cf1-9941-cb15895279f6,2026-01-08 07:05:42.724980,wave,42.1,flower,33.0,14.67
2a979838-ce14-430a-a1f0-0bff7b3aaec9,82249838-9e44-4332-9ba0-b817760dc602,4c577737-52cb-4cf1-9941-cb15895279f6,2026-01-08 07:06:06.724980,explore,41.1,cube,31.49,32.4
999b54dc-c0a3-4df5-81d6-4dc986e4e126,82249838-9e44-4332-9ba0-b817760dc602,4c577737-52cb-4cf1-9941-cb15895279f6,2026-01-08 07:06:27.724980,wave,43.2,cube,96.97,32.37
702469a2-07ff-4ea1-b4a5-c3c56c0be55b,82249838-9e44-4332-9ba0-b817760dc602,4c577737-52cb-4cf1-9941-cb15895279f6,2026-01-08 07:06:44.724980,wave,45.4,flower,68.01,37.24
5e9dd47f-1781-418f-b7c7-0cd2ab470808,82249838-9e44-4332-9ba0-b817760dc602,4c577737-52cb-4cf1-9941-cb15895279f6,2026-01-08 07:07:01.724980,explore,50.7,flower,23.23,19.79
cfa8765f-0b36-4953-ae16-5607de79d495,82249838-9e44-4332-9ba0-b817760dc602,4c577737-52cb-4cf1-9941-cb15895279f6,2026-01-08 07:07:25.724980,spawn_object,31.1,flower,98.47,64.68
899d6d18-8162-4f53-95f1-29ef5bda04f9,82249838-9e44-4332-9ba0-b817760dc602,4c577737-52cb-4cf1-9941-cb15895279f6,2026-01-08 07:07:55.724980,explore,47.4,paintbrush,75.32,62.89
93a7a950-8eda-4bd5-917b-9ef9fee1e456,82249838-9e44-4332-9ba0-b817760dc602,4c577737-52cb-4cf1-9941-cb15895279f6,2026-01-08 07:08:01.724980,wave,39.8,flower,50.11,47.95
d0cd75f5-9fc0-4491-9d5a-80493e4fb753,82249838-9e44-4332-9ba0-b817760dc602,4c577737-52cb-4cf1-9941-cb15895279f6,2026-01-08 07:08:22.724980,explore,42.5,flower,18.84,47.15
2e4bf947-1147-4086-962d-e93d8c77c0e5,82249838-9e44-4332-9ba0-b817760dc602,4c577737-52cb-4cf1-9941-cb15895279f6,2026-01-08 07:08:37.724980,explore,46.8,paintbrush,20.3,43.22
984909aa-5812-40fd-892d-1846929ade31,82249838-9e44-4332-9ba0-b817760dc602,4c577737-52cb-4cf1-9941-cb15895279f6,2026-01-08 07:09:00.724980,wave,51.9,flower,36.56,29.5
910fe21b-d693-46bd-8293-678ddd4e766a,82249838-9e44-4332-9ba0-b817760dc602,4c577737-52cb-4cf1-9941-cb15895279f6,2026-01-08 07:09:17.724980,explore,30.8,cube,6.97,27.01
bdd9982e-a671-4185-8030-58c519f5c5e4,82249838-9e44-4332-9ba0-b817760dc602,4c577737-52cb-4cf1-9941-cb15895279f6,2026-01-08 07:09:33.724980,explore,36.8,flower,45.79,57.99
d6e4bd20-12eb-4267-af2c-3797a244e76b,05789df0-c75a-465d-9c09-383a7227ae12,19427d76-deac-438b-b4d5-ccd9edd9c15e,2026-01-07 23:11:10.724980,explore,36.9,flower,71.44,69.45
bb825050-ab28-4292-887f-0439941b9caf,05789df0-c75a-465d-9c09-383a7227ae12,19427d76-deac-438b-b4d5-ccd9edd9c15e,2026-01-07 23:11:19.724980,explore,38.1,flower,34.72,68.25
09d9335b-d09b-4343-892f-1143d040a693,05789df0-c75a-465d-9c09-383a7227ae12,19427d76-deac-438b-b4d5-ccd9edd9c15e,2026-01-07 23:11:27.724980,explore,38.9,paintbrush,56.2,60.62
549f1382-982e-4480-9142-b70087e812a4,05789df0-c75a-465d-9c09-383a7227ae12,19427d76-deac-438b-b4d5-ccd9edd9c15e,2026-01-07 23:11:50.724980,explore,42.7,flower,53.67,33.81
f23e3d26-e39b-46b1-a11e-a3ff3e5ab4b1,05789df0-c75a-465d-9c09-383a7227ae12,19427d76-deac-438b-b4d5-ccd9edd9c15e,2026-01-07 23:12:18.724980,wave,36.5,paintbrush,40.92,7.67
a3a2fce9-ecec-43c3-89cb-3c09a69c5045,05789df0-c75a-465d-9c09-383a7227ae12,19427d76-deac-438b-b4d5-ccd9edd9c15e,2026-01-07 23:12:44.724980,explore,47.5,flower,40.35,76.35
a17d195c-0ea3-4bcf-8a5d-cbb7c1cfecb8,05789df0-c75a-465d-9c09-383a7227ae12,19427d76-deac-438b-b4d5-ccd9edd9c15e,2026-01-07 23:12:56.724980,explore,41.7,flower,97.5,43.3
216c5a53-6be2-421e-92a1-37b391afaf52,05789df0-c75a-465d-9c09-383a7227ae12,19427d76-deac-438b-b4d5-ccd9edd9c15e,2026-01-07 23:13:07.724980,explore,46.4,flower,77.09,56.07
bdfc12b6-d60c-40fe-8f77-fb6f3437e06f,05789df0-c75a-465d-9c09-383a7227ae12,19427d76-deac-438b-b4d5-ccd9edd9c15e,2026-01-07 23:13:33.724980,spawn_object,42.3,paintbrush,95.65,79.88
466536eb-15d0-431a-9cba-cb0b0058f1ed,05789df0-c75a-465d-9c09-383a7227ae12,19427d76-deac-438b-b4d5-ccd9edd9c15e,2026-01-07 23:13:39.724980,explore,35.1,flower,77.38,91.27
3a682a48-e8b0-4727-9926-c301080d5f21,05789df0-c75a-465d-9c09-383a7227ae12,19427d76-deac-438b-b4d5-ccd9edd9c15e,2026-01-07 23:13:45.724980,explore,43.6,flower,77.15,35.48
7e3bd1e2-e872-4eaf-b9e5-ec5c93b6325d,05789df0-c75a-465d-9c09-383a7227ae12,19427d76-deac-438b-b4d5-ccd9edd9c15e,2026-01-07 23:14:08.724980,wave,48.2,cube,39.27,41.44
46d59129-e428-4f71-adf3-6e5b3bf0fa65,05789df0-c75a-465d-9c09-383a7227ae12,19427d76-deac-438b-b4d5-ccd9edd9c15e,2026-01-07 23:14:13.724980,spawn_object,49.6,flower,91.3,38.04
d280f026-b895-4713-a6c5-0de9fde32100,05789df0-c75a-465d-9c09-383a7227ae12,19427d76-deac-438b-b4d5-ccd9edd9c15e,2026-01-07 23:14:40.724980,spawn_object,42.1,cube,79.01,86.89
4dc9ed66-faa7-400a-9518-d74ca9413936,05789df0-c75a-465d-9c09-383a7227ae12,19427d76-deac-438b-b4d5-ccd9edd9c15e,2026-01-07 23:15:09.724980,wave,41.2,flower,52.33,16.92
0ae90b6e-2619-4b44-a578-dda74af140aa,05789df0-c75a-465d-9c09-383a7227ae12,19427d76-deac-438b-b4d5-ccd9edd9c15e,2026-01-07 23:15:37.724980,wave,33.6,paintbrush,80.52,42.81
4d74f181-8010-40da-bdf9-a81959762a5b,05789df0-c75a-465d-9c09-383a7227ae12,19427d76-deac-438b-b4d5-ccd9edd9c15e,2026-01-07 23:15:51.724980,explore,46.7,flower,76.66,4.41
30f85129-ad2f-4e3e-be42-8aa359ae2e04,05789df0-c75a-465d-9c09-383a7227ae12,19427d76-deac-438b-b4d5-ccd9edd9c15e,2026-01-07 23:15:56.724980,wave,37.0,flower,82.04,60.24
ffbd0b4c-a17c-451d-8df8-fdd82e689894,05789df0-c75a-465d-9c09-383a7227ae12,19427d76-deac-438b-b4d5-ccd9edd9c15e,2026-01-07 23:16:04.724980,explore,37.1,flower,54.85,24.96
da3121c1-9b50-4817-b540-5d848a371bd0,05789df0-c75a-465d-9c09-383a7227ae12,19427d76-deac-438b-b4d5-ccd9edd9c15e,2026-01-07 23:16:27.724980,spawn_object,41.3,paintbrush,82.53,81.87
aa6f363d-45a7-477f-aa7e-3eb509290f0a,05789df0-c75a-465d-9c09-383a7227ae12,19427d76-deac-438b-b4d5-ccd9edd9c15e,2026-01-07 23:16:52.724980,explore,47.7,flower,87.44,20.33
2874f429-d21b-45d7-a962-1f28cea7b642,05789df0-c75a-465d-9c09-383a7227ae12,19427d76-deac-438b-b4d5-ccd9edd9c15e,2026-01-07 23:17:11.724980,explore,43.5,paintbrush,21.67,32.01
01f74096-555c-44ac-a473-6edac100fc08,05789df0-c75a-465d-9c09-383a7227ae12,19427d76-deac-438b-b4d5-ccd9edd9c15e,2026-01-07 23:17:28.724980,wave,40.6,paintbrush,52.75,5.14
2ff9eb57-f765-4d8c-8150-078f36f83af3,05789df0-c75a-465d-9c09-383a7227ae12,19427d76-deac-438b-b4d5-ccd9edd9c15e,2026-01-07 23:17:58.724980,explore,41.3,flower,51.84,65.43
934e537b-0f06-4ea1-80f9-5040151355ed,05789df0-c75a-465d-9c09-383a7227ae12,19427d76-deac-438b-b4d5-ccd9edd9c15e,2026-01-07 23:18:04.724980,explore,42.6,cube,54.54,78.43
957a4d27-b506-4402-b534-20acf8301300,8055d469-2e73-4d1f-98d4-9edc02a1e41e,3e4942f9-1f80-45a0-b223-19269abbee33,2026-01-07 23:22:12.724980,spawn_object,48.0,flower,77.54,10.71
643f8fb0-1a0f-48e7-a33e-76a0e7af0c47,8055d469-2e73-4d1f-98d4-9edc02a1e41e,3e4942f9-1f80-45a0-b223-19269abbee33,2026-01-07 23:22:37.724980,explore,44.2,cube,9.95,3.65
2c54a986-949e-4157-9570-57d7d7c5f949,8055d469-2e73-4d1f-98d4-9edc02a1e41e,3e4942f9-1f80-45a0-b223-19269abbee33,2026-01-07 23:22:52.724980,explore,42.2,cube,40.71,19.17
f86d3637-ae10-47d8-a819-ecfacab9cf3c,8055d469-2e73-4d1f-98d4-9edc02a1e41e,3e4942f9-1f80-45a0-b223-19269abbee33,2026-01-07 23:23:17.724980,explore,44.4,flower,55.81,65.97
3b05d283-c5c6-4696-a044-9e4ba3359b11,8055d469-2e73-4d1f-98d4-9edc02a1e41e,3e4942f9-1f80-45a0-b223-19269abbee33,2026-01-07 23:23:45.724980,explore,44.1,flower,59.91,95.25
de3abd20-b7f1-44a4-8819-633408ed2ba3,8055d469-2e73-4d1f-98d4-9edc02a1e41e,3e4942f9-1f80-45a0-b223-19269abbee33,2026-01-07 23:24:12.724980,explore,40.6,paintbrush,46.24,75.72
3b7b9e46-012a-462b-977a-6c46502ffc15,8055d469-2e73-4d1f-98d4-9edc02a1e41e,3e4942f9-1f80-45a0-b223-19269abbee33,2026-01-07 23:24:35.724980,explore,38.6,cube,38.81,58.8
cf409295-b27b-4882-9e6f-a1d5581b31e6,8055d469-2e73-4d1f-98d4-9edc02a1e41e,3e4942f9-1f80-45a0-b223-19269abbee33,2026-01-07 23:25:00.724980,wave,36.8,cube,34.57,18.98
b70c92ff-0f0b-494b-aad4-7e00369c8277,8055d469-2e73-4d1f-98d4-9edc02a1e41e,3e4942f9-1f80-45a0-b223-19269abbee33,2026-01-07 23:25:18.724980,spawn_object,45.5,paintbrush,84.34,1.64
ab6480ad-fb11-4bde-8b14-6aff69a85bb5,8055d469-2e73-4d1f-98d4-9edc02a1e41e,3e4942f9-1f80-45a0-b223-19269abbee33,2026-01-07 23:25:30.724980,explore,41.7,flower,43.48,91.04
49815a07-9fa8-4c74-8c10-0710b8f36c25,8055d469-2e73-4d1f-98d4-9edc02a1e41e,3e4942f9-1f80-45a0-b223-19269abbee33,2026-01-07 23:25:53.724980,explore,40.9,paintbrush,2.09,8.25
c3174730-7277-49b0-a0ba-021d607c0a32,8055d469-2e73-4d1f-98d4-9edc02a1e41e,3e4942f9-1f80-45a0-b223-19269abbee33,2026-01-07 23:26:06.724980,wave,39.0,flower,56.49,72.58
fa6b51fa-3d23-463d-8c19-dee1fc40126a,8055d469-2e73-4d1f-98d4-9edc02a1e41e,3e4942f9-1f80-45a0-b223-19269abbee33,2026-01-07 23:26:28.724980,wave,33.9,cube,80.62,28.22
0c7007bc-22ff-4b11-8d01-c4f315d92cdf,8055d469-2e73-4d1f-98d4-9edc02a1e41e,3e4942f9-1f80-45a0-b223-19269abbee33,2026-01-07 23:26:39.724980,explore,42.3,flower,7.3,52.43
23aea89c-b9a5-41a7-b8a3-e30e48e28793,8055d469-2e73-4d1f-98d4-9edc02a1e41e,3e4942f9-1f80-45a0-b223-19269abbee33,2026-01-07 23:27:08.724980,explore,35.8,flower,38.53,83.05
5013652f-ccc5-4cd8-b253-5cc8b4051ccf,8055d469-2e73-4d1f-98d4-9edc02a1e41e,3e4942f9-1f80-45a0-b223-19269abbee33,2026-01-07 23:27:19.724980,wave,45.5,cube,56.12,26.06
a625f423-4f08-4cee-a1c0-98fa7764cb87,8055d469-2e73-4d1f-98d4-9edc02a1e41e,3e4942f9-1f80-45a0-b223-19269abbee33,2026-01-07 23:27:24.724980,explore,34.7,paintbrush,42.51,55.83
c8006c7b-94c5-4e15-b1c7-6a93c9172d4f,8055d469-2e73-4d1f-98d4-9edc02a1e41e,3e4942f9-1f80-45a0-b223-19269abbee33,2026-01-07 23:27:42.724980,explore,41.1,flower,51.89,83.33
c0709b57-79f3-483e-8031-40c3f8eeff16,8055d469-2e73-4d1f-98d4-9edc02a1e41e,3e4942f9-1f80-45a0-b223-19269abbee33,2026-01-07 23:28:09.724980,explore,40.4,paintbrush,16.84,82.82
038d03e8-8358-4c6e-abf8-985745ce9527,8055d469-2e73-4d1f-98d4-9edc02a1e41e,3e4942f9-1f80-45a0-b223-19269abbee33,2026-01-07 23:28:36.724980,spawn_object,46.0,paintbrush,1.35,55.28
b82a4fce-155f-4296-98bd-06ee4cd513b9,8055d469-2e73-4d1f-98d4-9edc02a1e41e,3e4942f9-1f80-45a0-b223-19269abbee33,2026-01-07 23:28:46.724980,wave,46.9,paintbrush,59.32,36.66
aef9c8fc-80fb-4330-94ea-420109645c55,8055d469-2e73-4d1f-98d4-9edc02a1e41e,3e4942f9-1f80-45a0-b223-19269abbee33,2026-01-07 23:29:03.724980,explore,39.9,flower,94.09,41.81
f9e0da70-c3f0-4920-815a-d19a017b1a98,8055d469-2e73-4d1f-98d4-9edc02a1e41e,3e4942f9-1f80-45a0-b223-19269abbee33,2026-01-07 23:29:11.724980,explore,39.6,paintbrush,91.38,42.71
65ec4873-550f-42f0-adc2-59670e6f7e84,8055d469-2e73-4d1f-98d4-9edc02a1e41e,3e4942f9-1f80-45a0-b223-19269abbee33,2026-01-07 23:29:20.724980,wave,47.0,flower,38.91,47.75
1653626a-df08-4a3b-994e-a8f8587d397c,8055d469-2e73-4d1f-98d4-9edc02a1e41e,3e4942f9-1f80-45a0-b223-19269abbee33,2026-01-07 23:29:31.724980,explore,42.7,flower,82.04,93.45
f9830e95-86ca-4df6-add0-88684525bebf,8055d469-2e73-4d1f-98d4-9edc02a1e41e,3e4942f9-1f80-45a0-b223-19269abbee33,2026-01-07 23:29:39.724980,explore,41.9,flower,85.72,3.69
781a0973-96d4-42cb-85da-749b19c916e4,8055d469-2e73-4d1f-98d4-9edc02a1e41e,3e4942f9-1f80-45a0-b223-19269abbee33,2026-01-07 23:29:50.724980,explore,44.1,paintbrush,2.93,41.8
0f966209-ec5f-4d5c-abb9-735053d9770a,8055d469-2e73-4d1f-98d4-9edc02a1e41e,3e4942f9-1f80-45a0-b223-19269abbee33,2026-01-07 23:30:20.724980,spawn_object,38.0,flower,18.94,37.72
fbd5ef7a-d308-4502-b43d-7f2a1953a8fc,8055d469-2e73-4d1f-98d4-9edc02a1e41e,3e4942f9-1f80-45a0-b223-19269abbee33,2026-01-07 23:30:44.724980,explore,35.8,paintbrush,51.19,68.98
0a5f88fd-7965-4484-9ce2-e9816283eeab,8055d469-2e73-4d1f-98d4-9edc02a1e41e,3e4942f9-1f80-45a0-b223-19269abbee33,2026-01-07 23:31:13.724980,spawn_object,41.4,cube,3.69,49.09
56c86c09-3299-461d-9332-01bacf9d3235,8055d469-2e73-4d1f-98d4-9edc02a1e41e,3e4942f9-1f80-45a0-b223-19269abbee33,2026-01-07 23:31:30.724980,spawn_object,37.9,paintbrush,15.16,75.35
4aef055e-cd61-4a7b-9921-a7353d081d83,8055d469-2e73-4d1f-98d4-9edc02a1e41e,3e4942f9-1f80-45a0-b223-19269abbee33,2026-01-07 23:31:43.724980,wave,43.5,flower,56.96,31.97
05b57187-df3e-4b3b-8d96-0fd72e6cd487,8055d469-2e73-4d1f-98d4-9edc02a1e41e,3e4942f9-1f80-45a0-b223-19269abbee33,2026-01-07 23:31:54.724980,explore,42.3,paintbrush,72.59,43.88
b70d8da3-8348-43a3-8621-fc7610d1aacf,8eaa2f5b-0238-444a-9380-47b63618c036,6e47e564-affa-4ed8-8867-33201955b4fc,2026-01-08 06:47:13.724980,wave,32.8,flower,44.04,1.49
c9d13352-9c5b-4971-b717-a3bb47c783ec,8eaa2f5b-0238-444a-9380-47b63618c036,6e47e564-affa-4ed8-8867-33201955b4fc,2026-01-08 06:47:24.724980,explore,41.0,paintbrush,21.32,98.51
7b939b0f-2d30-450e-ac11-ebec157d5f23,8eaa2f5b-0238-444a-9380-47b63618c036,6e47e564-affa-4ed8-8867-33201955b4fc,2026-01-08 06:47:32.724980,wave,39.5,paintbrush,97.88,82.36
81638606-d221-4b66-850b-72a9ca402c7e,8eaa2f5b-0238-444a-9380-47b63618c036,6e47e564-affa-4ed8-8867-33201955b4fc,2026-01-08 06:47:58.724980,explore,37.4,flower,20.71,60.2
4df1b7fc-7b8f-462b-a281-90abf4de25c0,8eaa2f5b-0238-444a-9380-47b63618c036,6e47e564-affa-4ed8-8867-33201955b4fc,2026-01-08 06:48:25.724980,explore,35.8,flower,8.98,69.94
0935265d-ede3-4aa3-ba8d-c2e6555b441d,8eaa2f5b-0238-444a-9380-47b63618c036,6e47e564-affa-4ed8-8867-33201955b4fc,2026-01-08 06:48:52.724980,explore,44.8,flower,30.99,55.48
af64aa59-ffa8-4e31-aa0b-540c7904b97e,8eaa2f5b-0238-444a-9380-47b63618c036,6e47e564-affa-4ed8-8867-33201955b4fc,2026-01-08 06:49:13.724980,wave,34.8,paintbrush,73.09,64.8
c7738b37-225d-4175-ab94-9def94abd8d9,8eaa2f5b-0238-444a-9380-47b63618c036,6e47e564-affa-4ed8-8867-33201955b4fc,2026-01-08 06:49:27.724980,wave,38.4,flower,50.06,46.5
fc650978-4df7-4929-953c-8bf75b4006c5,8eaa2f5b-0238-444a-9380-47b63618c036,6e47e564-affa-4ed8-8867-33201955b4fc,2026-01-08 06:49:44.724980,explore,41.3,cube,80.51,31.71
f5105bc7-448d-482e-b77b-d80358cf39f2,8eaa2f5b-0238-444a-9380-47b63618c036,6e47e564-affa-4ed8-8867-33201955b4fc,2026-01-08 06:50:06.724980,wave,29.9,flower,70.93,15.89
74db0675-b794-451e-921a-e2a51e66985b,8eaa2f5b-0238-444a-9380-47b63618c036,6e47e564-affa-4ed8-8867-33201955b4fc,2026-01-08 06:50:36.724980,explore,41.7,flower,25.59,28.37
91f2ce5f-4a76-4231-96ec-fedb62385201,8eaa2f5b-0238-444a-9380-47b63618c036,6e47e564-affa-4ed8-8867-33201955b4fc,2026-01-08 06:50:56.724980,wave,46.8,flower,66.08,63.3
88bbe029-ec79-443c-a299-ba3c570d9d80,8eaa2f5b-0238-444a-9380-47b63618c036,6e47e564-affa-4ed8-8867-33201955b4fc,2026-01-08 06:51:24.724980,explore,39.3,cube,99.24,5.7
d71fa54d-8cda-45a3-a986-e53e89c7d79a,8eaa2f5b-0238-444a-9380-47b63618c036,6e47e564-affa-4ed8-8867-33201955b4fc,2026-01-08 06:51:54.724980,explore,41.3,paintbrush,83.05,5.48
380364de-a9f7-43dd-aaa8-ad7616d02fca,8eaa2f5b-0238-444a-9380-47b63618c036,6e47e564-affa-4ed8-8867-33201955b4fc,2026-01-08 06:52:17.724980,wave,34.6,cube,39.05,42.29
96aa21e3-c3e1-4929-a0d8-387b62f1ae3b,8eaa2f5b-0238-444a-9380-47b63618c036,6e47e564-affa-4ed8-8867-33201955b4fc,2026-01-08 06:52:42.724980,spawn_object,47.9,flower,36.51,15.89
d094f1fa-df17-48b9-910d-7f8f6b4a23e6,8eaa2f5b-0238-444a-9380-47b63618c036,6e47e564-affa-4ed8-8867-33201955b4fc,2026-01-08 06:52:50.724980,wave,48.8,cube,49.03,35.74
408973be-aa08-4296-81cf-7abec4d56d22,8eaa2f5b-0238-444a-9380-47b63618c036,6e47e564-affa-4ed8-8867-33201955b4fc,2026-01-08 06:53:12.724980,explore,39.4,flower,12.92,52.33
f1c4ce9b-2228-4edd-a8c8-8726f8ff0336,8eaa2f5b-0238-444a-9380-47b63618c036,6e47e564-affa-4ed8-8867-33201955b4fc,2026-01-08 06:53:42.724980,wave,40.0,paintbrush,46.23,96.95
6c8667b8-9dbf-47bc-9778-0cf25d2182fb,8eaa2f5b-0238-444a-9380-47b63618c036,6e47e564-affa-4ed8-8867-33201955b4fc,2026-01-08 06:53:56.724980,explore,41.4,paintbrush,65.49,21.93
63a620d7-23bd-49f5-b715-8458da8096d8,8eaa2f5b-0238-444a-9380-47b63618c036,6e47e564-affa-4ed8-8867-33201955b4fc,2026-01-08 06:54:11.724980,explore,41.7,flower,58.15,93.44
b9d9c973-2a42-4512-afc2-332c6e52fe06,d4438a34-0752-4a81-8ae9-9bedafb5869d,0ebd24e7-2472-4c0e-9e58-7f4ed992688d,2026-01-07 17:11:10.724980,explore,37.9,paintbrush,42.09,56.6
97c021f9-cfbb-4b97-88bf-c3639f303afd,d4438a34-0752-4a81-8ae9-9bedafb5869d,0ebd24e7-2472-4c0e-9e58-7f4ed992688d,2026-01-07 17:11:15.724980,explore,37.8,cube,20.89,1.31
9b63695c-8efb-458b-b8be-8dcc55b46fdd,d4438a34-0752-4a81-8ae9-9bedafb5869d,0ebd24e7-2472-4c0e-9e58-7f4ed992688d,2026-01-07 17:11:40.724980,spawn_object,43.9,cube,49.36,37.33
d16dc365-77ab-42ad-9b85-0d65edbffd6c,d4438a34-0752-4a81-8ae9-9bedafb5869d,0ebd24e7-2472-4c0e-9e58-7f4ed992688d,2026-01-07 17:11:57.724980,spawn_object,35.4,flower,77.43,97.97
50c74ee9-8d32-4770-adcd-22a33bdcabaf,d4438a34-0752-4a81-8ae9-9bedafb5869d,0ebd24e7-2472-4c0e-9e58-7f4ed992688d,2026-01-07 17:12:25.724980,wave,50.3,paintbrush,78.92,86.48
1ab54eb7-3b2c-4338-9fd9-aaf5a075c038,d4438a34-0752-4a81-8ae9-9bedafb5869d,0ebd24e7-2472-4c0e-9e58-7f4ed992688d,2026-01-07 17:12:45.724980,explore,46.6,paintbrush,55.92,87.29
df967290-2480-4571-b999-c2ede95a4f89,d4438a34-0752-4a81-8ae9-9bedafb5869d,0ebd24e7-2472-4c0e-9e58-7f4ed992688d,2026-01-07 17:13:10.724980,explore,42.8,paintbrush,32.44,43.93
b59fe44e-36b4-48f5-860d-539d0e47156d,d4438a34-0752-4a81-8ae9-9bedafb5869d,0ebd24e7-2472-4c0e-9e58-7f4ed992688d,2026-01-07 17:13:37.724980,wave,30.2,paintbrush,75.52,31.22
c84f25db-06f7-44d1-baa7-24fba04fed7b,d4438a34-0752-4a81-8ae9-9bedafb5869d,0ebd24e7-2472-4c0e-9e58-7f4ed992688d,2026-01-07 17:14:00.724980,explore,33.3,flower,82.31,95.07
11ac718b-881b-46c0-8e56-4c9925180588,d4438a34-0752-4a81-8ae9-9bedafb5869d,0ebd24e7-2472-4c0e-9e58-7f4ed992688d,2026-01-07 17:14:15.724980,explore,38.6,cube,58.39,50.87
d3468ff6-bf48-4ba7-b2a8-d9b265d22d7d,d4438a34-0752-4a81-8ae9-9bedafb5869d,0ebd24e7-2472-4c0e-9e58-7f4ed992688d,2026-01-07 17:14:25.724980,explore,49.0,flower,24.96,5.79
7609e8f9-babc-479d-9da5-ee5f5b90113a,d4438a34-0752-4a81-8ae9-9bedafb5869d,0ebd24e7-2472-4c0e-9e58-7f4ed992688d,2026-01-07 17:14:40.724980,explore,39.5,paintbrush,32.35,58.13
ab29c0b6-3257-4d86-82ae-1c4f1a626391,d4438a34-0752-4a81-8ae9-9bedafb5869d,0ebd24e7-2472-4c0e-9e58-7f4ed992688d,2026-01-07 17:14:52.724980,explore,35.5,paintbrush,40.49,50.05
83d343b6-3e20-4912-a008-680c161c586c,1e8d1a4b-fc06-4a4e-abc2-7ccd870f89f8,5b95a0c6-01e8-4114-bd1d-90aadcc3a18f,2026-01-07 23:00:30.724980,wave,40.4,flower,21.34,42.02
4c1a3b54-b374-4983-a503-7b0b06d2b990,1e8d1a4b-fc06-4a4e-abc2-7ccd870f89f8,5b95a0c6-01e8-4114-bd1d-90aadcc3a18f,2026-01-07 23:00:44.724980,wave,40.2,flower,37.84,56.58
c4c1cf34-1738-4d76-9573-c23b12f109cb,1e8d1a4b-fc06-4a4e-abc2-7ccd870f89f8,5b95a0c6-01e8-4114-bd1d-90aadcc3a18f,2026-01-07 23:00:56.724980,explore,31.6,cube,48.5,85.61
035eaff1-ab54-4271-967e-91f5fde7e242,1e8d1a4b-fc06-4a4e-abc2-7ccd870f89f8,5b95a0c6-01e8-4114-bd1d-90aadcc3a18f,2026-01-07 23:01:20.724980,explore,34.1,paintbrush,13.84,57.86
2367c81c-ea07-4563-a2e9-bfb1c8eaabc1,1e8d1a4b-fc06-4a4e-abc2-7ccd870f89f8,5b95a0c6-01e8-4114-bd1d-90aadcc3a18f,2026-01-07 23:01:45.724980,wave,42.0,paintbrush,26.05,57.83
0a244b84-16dd-492d-a82e-0177c9870275,1e8d1a4b-fc06-4a4e-abc2-7ccd870f89f8,5b95a0c6-01e8-4114-bd1d-90aadcc3a18f,2026-01-07 23:01:52.724980,wave,47.9,flower,33.79,67.31
c87621ac-4be8-48c5-b9a3-5ae8a6276f1c,1e8d1a4b-fc06-4a4e-abc2-7ccd870f89f8,5b95a0c6-01e8-4114-bd1d-90aadcc3a18f,2026-01-07 23:02:17.724980,explore,32.2,cube,97.14,39.32
1e3057f8-751e-4f0f-9881-2007b6ad118b,1e8d1a4b-fc06-4a4e-abc2-7ccd870f89f8,5b95a0c6-01e8-4114-bd1d-90aadcc3a18f,2026-01-07 23:02:34.724980,explore,45.0,paintbrush,79.69,17.82
beb89b2f-c6fc-4a14-97e1-d466950b7292,1e8d1a4b-fc06-4a4e-abc2-7ccd870f89f8,5b95a0c6-01e8-4114-bd1d-90aadcc3a18f,2026-01-07 23:02:48.724980,explore,31.5,paintbrush,92.2,88.33
5f46d07e-56a7-49aa-93e2-8f2bf089d235,1e8d1a4b-fc06-4a4e-abc2-7ccd870f89f8,5b95a0c6-01e8-4114-bd1d-90aadcc3a18f,2026-01-07 23:03:05.724980,explore,39.1,paintbrush,30.72,49.92
da49f260-49aa-4505-80e4-688c1df18640,1e8d1a4b-fc06-4a4e-abc2-7ccd870f89f8,5b95a0c6-01e8-4114-bd1d-90aadcc3a18f,2026-01-07 23:03:28.724980,explore,39.3,flower,88.15,86.15
fa749333-681f-4fcf-8c3d-ac7a47201998,1e8d1a4b-fc06-4a4e-abc2-7ccd870f89f8,5b95a0c6-01e8-4114-bd1d-90aadcc3a18f,2026-01-07 23:03:39.724980,explore,38.0,flower,48.03,29.55
6e0b72a5-697f-4f2f-96a0-bbba47d1e9eb,1e8d1a4b-fc06-4a4e-abc2-7ccd870f89f8,5b95a0c6-01e8-4114-bd1d-90aadcc3a18f,2026-01-07 23:03:54.724980,wave,40.6,flower,38.93,63.44
652a39fb-0ae5-4010-b57c-71454c78e3e1,1e8d1a4b-fc06-4a4e-abc2-7ccd870f89f8,5b95a0c6-01e8-4114-bd1d-90aadcc3a18f,2026-01-07 23:04:22.724980,explore,40.4,paintbrush,7.15,85.92
8c23baaf-cf62-4f9a-972a-08c203824bc2,1e8d1a4b-fc06-4a4e-abc2-7ccd870f89f8,5b95a0c6-01e8-4114-bd1d-90aadcc3a18f,2026-01-07 23:04:39.724980,explore,40.2,flower,63.62,24.54
764a3da3-b8c6-49b4-9c11-f03e8ecdf0eb,1e8d1a4b-fc06-4a4e-abc2-7ccd870f89f8,5b95a0c6-01e8-4114-bd1d-90aadcc3a18f,2026-01-07 23:04:57.724980,explore,36.3,flower,53.63,43.8
d7ffdb5e-6077-4bf3-a425-39bc455d2de3,1e8d1a4b-fc06-4a4e-abc2-7ccd870f89f8,5b95a0c6-01e8-4114-bd1d-90aadcc3a18f,2026-01-07 23:05:02.724980,explore,38.2,cube,65.42,49.75
4e4b8cd4-bf03-4425-86da-56a2260f2871,1e8d1a4b-fc06-4a4e-abc2-7ccd870f89f8,5b95a0c6-01e8-4114-bd1d-90aadcc3a18f,2026-01-07 23:05:18.724980,explore,44.6,paintbrush,45.52,48.31
96fd19ff-3cfa-4e19-be77-4df3ab179128,1e8d1a4b-fc06-4a4e-abc2-7ccd870f89f8,5b95a0c6-01e8-4114-bd1d-90aadcc3a18f,2026-01-07 23:05:43.724980,explore,34.5,flower,0.75,94.54
4f648d5d-6fd5-446f-84af-152c66c4a68c,1e8d1a4b-fc06-4a4e-abc2-7ccd870f89f8,5b95a0c6-01e8-4114-bd1d-90aadcc3a18f,2026-01-07 23:05:53.724980,explore,44.4,paintbrush,41.95,85.26
4386d675-2235-4c69-8ccf-3668ab593d7a,1e8d1a4b-fc06-4a4e-abc2-7ccd870f89f8,5b95a0c6-01e8-4114-bd1d-90aadcc3a18f,2026-01-07 23:06:11.724980,explore,38.1,paintbrush,88.66,55.34
c942c32c-096c-4747-befa-6d11f8c6d05c,1e8d1a4b-fc06-4a4e-abc2-7ccd870f89f8,5b95a0c6-01e8-4114-bd1d-90aadcc3a18f,2026-01-07 23:06:38.724980,wave,35.4,paintbrush,22.39,70.31
65babe90-fe34-49ff-8545-5b0bf8f60c05,1e8d1a4b-fc06-4a4e-abc2-7ccd870f89f8,5b95a0c6-01e8-4114-bd1d-90aadcc3a18f,2026-01-07 23:07:03.724980,wave,46.2,paintbrush,84.74,17.17
7b893294-9e2d-471c-9f7d-ddd2fffbc5d2,1e8d1a4b-fc06-4a4e-abc2-7ccd870f89f8,5b95a0c6-01e8-4114-bd1d-90aadcc3a18f,2026-01-07 23:07:20.724980,wave,42.2,flower,20.07,68.9
733b44c7-1b69-48f0-acf7-20b7d7018143,1e8d1a4b-fc06-4a4e-abc2-7ccd870f89f8,5b95a0c6-01e8-4114-bd1d-90aadcc3a18f,2026-01-07 23:07:50.724980,explore,33.0,flower,62.21,1.59
75151f91-acaf-4fb5-8c65-38c9f9f2d778,1e8d1a4b-fc06-4a4e-abc2-7ccd870f89f8,5b95a0c6-01e8-4114-bd1d-90aadcc3a18f,2026-01-07 23:08:07.724980,explore,36.7,flower,74.7,2.02
7fc13f20-961b-488f-b186-6927fd513686,1e8d1a4b-fc06-4a4e-abc2-7ccd870f89f8,5b95a0c6-01e8-4114-bd1d-90aadcc3a18f,2026-01-07 23:08:23.724980,explore,38.3,flower,81.44,37.94
80347838-91a4-4a49-bf40-c551012409b8,1e8d1a4b-fc06-4a4e-abc2-7ccd870f89f8,5b95a0c6-01e8-4114-bd1d-90aadcc3a18f,2026-01-07 23:08:52.724980,explore,48.3,flower,18.58,69.98
1e14b838-acf8-4e4b-ae6b-32ce794cfdd0,1e8d1a4b-fc06-4a4e-abc2-7ccd870f89f8,5b95a0c6-01e8-4114-bd1d-90aadcc3a18f,2026-01-07 23:09:01.724980,wave,48.5,cube,34.53,67.58
bc4e0bb3-ed9d-4fcf-9af4-449bb8e48e05,1e8d1a4b-fc06-4a4e-abc2-7ccd870f89f8,5b95a0c6-01e8-4114-bd1d-90aadcc3a18f,2026-01-07 23:09:11.724980,wave,37.5,paintbrush,26.58,43.04
4d305c57-ce23-41a7-a02c-574174f6c538,1e8d1a4b-fc06-4a4e-abc2-7ccd870f89f8,5b95a0c6-01e8-4114-bd1d-90aadcc3a18f,2026-01-07 23:09:24.724980,explore,33.2,flower,36.07,42.1
f8ea9e2a-c219-4771-9888-183aefa415e8,1e8d1a4b-fc06-4a4e-abc2-7ccd870f89f8,5b95a0c6-01e8-4114-bd1d-90aadcc3a18f,2026-01-07 23:09:33.724980,explore,30.1,flower,22.18,97.69
d47e2e4c-eff2-4bfd-8dba-eca2f8418827,1e8d1a4b-fc06-4a4e-abc2-7ccd870f89f8,5b95a0c6-01e8-4114-bd1d-90aadcc3a18f,2026-01-07 23:09:49.724980,explore,45.0,paintbrush,3.4,31.88
2821f0c0-2da7-4654-b06a-b3761f6e26cd,1e8d1a4b-fc06-4a4e-abc2-7ccd870f89f8,5b95a0c6-01e8-4114-bd1d-90aadcc3a18f,2026-01-07 23:10:06.724980,wave,51.0,paintbrush,83.54,12.49
69c90daa-67bc-4b29-94a0-8d9002ccabc6,1e8d1a4b-fc06-4a4e-abc2-7ccd870f89f8,5b95a0c6-01e8-4114-bd1d-90aadcc3a18f,2026-01-07 23:10:11.724980,explore,51.9,paintbrush,68.21,74.63
c96fc778-640d-435b-9276-738c53525621,1e8d1a4b-fc06-4a4e-abc2-7ccd870f89f8,5b95a0c6-01e8-4114-bd1d-90aadcc3a18f,2026-01-07 23:10:23.724980,explore,36.6,paintbrush,90.75,68.38
85752de1-6735-48d7-916f-68a6db66f406,1e8d1a4b-fc06-4a4e-abc2-7ccd870f89f8,5b95a0c6-01e8-4114-bd1d-90aadcc3a18f,2026-01-07 23:10:38.724980,spawn_object,34.9,cube,73.7,92.04
0e2ac441-bb9a-4620-b1e3-07fc1039f804,1e8d1a4b-fc06-4a4e-abc2-7ccd870f89f8,5b95a0c6-01e8-4114-bd1d-90aadcc3a18f,2026-01-07 23:11:03.724980,explore,38.5,cube,20.06,67.54
733f780a-a3e9-4dcb-a7e3-267083714305,1e8d1a4b-fc06-4a4e-abc2-7ccd870f89f8,5b95a0c6-01e8-4114-bd1d-90aadcc3a18f,2026-01-07 23:11:26.724980,explore,42.5,paintbrush,12.85,7.03
1c08dd16-cf5e-443a-9371-e8913bf79c2a,eea34b5e-cd8e-4c05-80b2-141372d57575,c268c752-b3f9-4a03-9f4b-523ebe5e274b,2026-01-07 21:39:25.724980,idle,75.2,asset_gun_01,98.42,49.63
6bd216a4-cd42-413f-9aea-865737d75b2a,eea34b5e-cd8e-4c05-80b2-141372d57575,c268c752-b3f9-4a03-9f4b-523ebe5e274b,2026-01-07 21:39:34.724980,touch,84.6,asset_gun_01,85.98,79.79
5acd15d3-2d78-4001-bcc8-c0e5eec34a28,eea34b5e-cd8e-4c05-80b2-141372d57575,c268c752-b3f9-4a03-9f4b-523ebe5e274b,2026-01-07 21:39:51.724980,spawn_object,95.3,asset_gun_01,53.43,88.38
ec77976a-2219-4fe4-b833-67a01197f985,eea34b5e-cd8e-4c05-80b2-141372d57575,c268c752-b3f9-4a03-9f4b-523ebe5e274b,2026-01-07 21:40:08.724980,spawn_object,81.3,cube,30.94,2.25
0589e053-4337-4776-9702-9858d24994bb,eea34b5e-cd8e-4c05-80b2-141372d57575,c268c752-b3f9-4a03-9f4b-523ebe5e274b,2026-01-07 21:40:28.724980,spawn_object,94.7,asset_siren,72.17,23.32
86a19c79-393a-4585-baff-7ed9526e5596,eea34b5e-cd8e-4c05-80b2-141372d57575,c268c752-b3f9-4a03-9f4b-523ebe5e274b,2026-01-07 21:40:38.724980,spawn_object,72.1,asset_siren,28.08,54.74
2743c68f-9ff4-4931-86ef-106fb7140675,eea34b5e-cd8e-4c05-80b2-141372d57575,c268c752-b3f9-4a03-9f4b-523ebe5e274b,2026-01-07 21:40:52.724980,spawn_object,92.0,asset_gun_01,56.6,14.68
85ed5219-4c08-4f46-8ba0-1943a1c3df34,eea34b5e-cd8e-4c05-80b2-141372d57575,c268c752-b3f9-4a03-9f4b-523ebe5e274b,2026-01-07 21:41:19.724980,touch,94.3,asset_gun_01,60.76,27.59
98477acf-00e6-4510-b75e-184fb077049e,eea34b5e-cd8e-4c05-80b2-141372d57575,c268c752-b3f9-4a03-9f4b-523ebe5e274b,2026-01-07 21:41:40.724980,touch,83.9,asset_gun_01,49.55,81.18
6eef308d-9af7-47f6-a18a-aba038e1a3d7,eea34b5e-cd8e-4c05-80b2-141372d57575,c268c752-b3f9-4a03-9f4b-523ebe5e274b,2026-01-07 21:42:02.724980,spawn_object,86.8,asset_gun_01,94.5,90.17
339538d1-c31d-466e-b03b-8781f92008bc,eea34b5e-cd8e-4c05-80b2-141372d57575,c268c752-b3f9-4a03-9f4b-523ebe5e274b,2026-01-07 21:42:09.724980,spawn_object,100.4,asset_gun_01,18.29,44.13
c1618192-3799-41df-8271-bb002ef95a37,eea34b5e-cd8e-4c05-80b2-141372d57575,c268c752-b3f9-4a03-9f4b-523ebe5e274b,2026-01-07 21:42:38.724980,spawn_object,70.8,asset_siren,35.77,44.14
0c571ab0-bc60-4f9e-808b-0c40d3ccf145,eea34b5e-cd8e-4c05-80b2-141372d57575,c268c752-b3f9-4a03-9f4b-523ebe5e274b,2026-01-07 21:42:45.724980,touch,81.4,asset_siren,93.23,34.33
f26c99cb-72de-48c9-be03-0b7516ea69df,eea34b5e-cd8e-4c05-80b2-141372d57575,c268c752-b3f9-4a03-9f4b-523ebe5e274b,2026-01-07 21:42:52.724980,spawn_object,71.7,asset_gun_01,82.28,39.78
e93a3fc9-0153-462f-827a-572d0641a2c7,eea34b5e-cd8e-4c05-80b2-141372d57575,c268c752-b3f9-4a03-9f4b-523ebe5e274b,2026-01-07 21:43:05.724980,spawn_object,83.4,asset_siren,93.43,7.06
9615fc09-7214-45a7-b8dd-2ca2098888a6,eea34b5e-cd8e-4c05-80b2-141372d57575,c268c752-b3f9-4a03-9f4b-523ebe5e274b,2026-01-07 21:43:26.724980,spawn_object,89.0,asset_gun_01,5.14,95.51
b80fdeaa-46e1-44f1-8344-6bb735bec339,eea34b5e-cd8e-4c05-80b2-141372d57575,c268c752-b3f9-4a03-9f4b-523ebe5e274b,2026-01-07 21:43:49.724980,idle,85.2,asset_gun_01,86.11,82.18
a558d3fd-33ba-48cd-9fc8-40f747c6f857,eea34b5e-cd8e-4c05-80b2-141372d57575,c268c752-b3f9-4a03-9f4b-523ebe5e274b,2026-01-07 21:44:10.724980,touch,69.6,asset_siren,20.4,27.19
cea5a98b-2e6f-4e45-bed2-034d9dd9dc91,eea34b5e-cd8e-4c05-80b2-141372d57575,c268c752-b3f9-4a03-9f4b-523ebe5e274b,2026-01-07 21:44:18.724980,spawn_object,70.9,asset_gun_01,1.56,29.55
9b1cffaf-52f6-44e7-831c-501e68b09b50,eea34b5e-cd8e-4c05-80b2-141372d57575,c268c752-b3f9-4a03-9f4b-523ebe5e274b,2026-01-07 21:44:40.724980,spawn_object,91.7,asset_siren,53.7,47.84
96555f90-599e-4cff-9eba-7a373fa31dda,eea34b5e-cd8e-4c05-80b2-141372d57575,c268c752-b3f9-4a03-9f4b-523ebe5e274b,2026-01-07 21:44:53.724980,spawn_object,79.9,asset_siren,99.05,43.45
ae4bc0d1-795c-4695-9f41-04e64de1e379,eea34b5e-cd8e-4c05-80b2-141372d57575,c268c752-b3f9-4a03-9f4b-523ebe5e274b,2026-01-07 21:45:16.724980,touch,76.4,asset_gun_01,69.39,24.38
f1ddd371-4702-4375-8207-a98a932fc0a4,a7cd0bac-5b49-4f1b-ba6f-360844cc083d,87c7085d-c87f-4df6-921e-60f898e807bb,2026-01-07 23:56:22.724980,explore,41.2,paintbrush,87.86,79.65
2bd8768f-9701-4f84-b792-5fd0a95ffde1,a7cd0bac-5b49-4f1b-ba6f-360844cc083d,87c7085d-c87f-4df6-921e-60f898e807bb,2026-01-07 23:56:50.724980,explore,41.9,paintbrush,75.75,91.17
7e8c4818-e1d1-4466-8aaf-d4f30b5d8119,a7cd0bac-5b49-4f1b-ba6f-360844cc083d,87c7085d-c87f-4df6-921e-60f898e807bb,2026-01-07 23:57:07.724980,explore,49.8,flower,66.1,60.44
1ae7962e-46c2-449f-90df-5ffc09576072,a7cd0bac-5b49-4f1b-ba6f-360844cc083d,87c7085d-c87f-4df6-921e-60f898e807bb,2026-01-07 23:57:28.724980,explore,39.7,cube,4.65,62.35
745d8b57-b7fa-48a4-bf10-5870467a98b3,a7cd0bac-5b49-4f1b-ba6f-360844cc083d,87c7085d-c87f-4df6-921e-60f898e807bb,2026-01-07 23:57:48.724980,explore,46.6,cube,1.7,65.61
b2a94e00-4bf7-4274-8381-694965438e96,a7cd0bac-5b49-4f1b-ba6f-360844cc083d,87c7085d-c87f-4df6-921e-60f898e807bb,2026-01-07 23:58:00.724980,spawn_object,36.5,flower,82.13,84.94
e4154d3f-d0b5-4a69-b2b8-c807eb36e664,a7cd0bac-5b49-4f1b-ba6f-360844cc083d,87c7085d-c87f-4df6-921e-60f898e807bb,2026-01-07 23:58:12.724980,wave,45.9,cube,14.44,93.81
ef072dc0-d8fd-4208-a840-7f167b18c91f,a7cd0bac-5b49-4f1b-ba6f-360844cc083d,87c7085d-c87f-4df6-921e-60f898e807bb,2026-01-07 23:58:32.724980,wave,39.4,paintbrush,87.75,34.3
b7f26a46-0cce-4642-8968-825ed4759231,a7cd0bac-5b49-4f1b-ba6f-360844cc083d,87c7085d-c87f-4df6-921e-60f898e807bb,2026-01-07 23:58:50.724980,explore,44.6,cube,98.75,76.54
bd34d91a-0700-4d4c-afd1-6b4802be724e,a7cd0bac-5b49-4f1b-ba6f-360844cc083d,87c7085d-c87f-4df6-921e-60f898e807bb,2026-01-07 23:59:12.724980,explore,36.6,paintbrush,94.98,71.07
76763266-fa59-421c-bb0f-7a395e90a14e,a7cd0bac-5b49-4f1b-ba6f-360844cc083d,87c7085d-c87f-4df6-921e-60f898e807bb,2026-01-07 23:59:35.724980,spawn_object,39.2,flower,87.44,93.51
8c5d5ae2-a543-4a09-91cc-97fbbfd683c9,a7cd0bac-5b49-4f1b-ba6f-360844cc083d,87c7085d-c87f-4df6-921e-60f898e807bb,2026-01-08 00:00:04.724980,explore,43.0,cube,34.14,58.77
8480dd54-235a-4dec-b6dc-e8b25efe7fbe,a7cd0bac-5b49-4f1b-ba6f-360844cc083d,87c7085d-c87f-4df6-921e-60f898e807bb,2026-01-08 00:00:13.724980,explore,36.1,flower,25.67,53.27
da25e33c-3cd1-43f2-af21-c31fb4678dfb,a7cd0bac-5b49-4f1b-ba6f-360844cc083d,87c7085d-c87f-4df6-921e-60f898e807bb,2026-01-08 00:00:19.724980,spawn_object,41.7,cube,5.67,59.94
944b421a-575f-47c5-9ae7-2c47af7c60df,a7cd0bac-5b49-4f1b-ba6f-360844cc083d,87c7085d-c87f-4df6-921e-60f898e807bb,2026-01-08 00:00:47.724980,explore,37.5,paintbrush,47.64,3.69
528c9393-c594-4cf4-8b34-f127c61ec334,a7cd0bac-5b49-4f1b-ba6f-360844cc083d,87c7085d-c87f-4df6-921e-60f898e807bb,2026-01-08 00:00:59.724980,spawn_object,42.2,paintbrush,60.18,57.88
d24cbc32-5119-456d-a3f5-d4973d1e6c4d,a7cd0bac-5b49-4f1b-ba6f-360844cc083d,87c7085d-c87f-4df6-921e-60f898e807bb,2026-01-08 00:01:23.724980,wave,41.2,cube,85.28,34.95
bbda0ee7-d684-406c-a60d-b432ebb62472,a7cd0bac-5b49-4f1b-ba6f-360844cc083d,87c7085d-c87f-4df6-921e-60f898e807bb,2026-01-08 00:01:37.724980,explore,43.1,cube,19.6,3.35
73d284c9-430a-4738-b402-db49db7ffd1a,a7cd0bac-5b49-4f1b-ba6f-360844cc083d,87c7085d-c87f-4df6-921e-60f898e807bb,2026-01-08 00:02:03.724980,wave,31.7,flower,16.51,51.63
dad6c7b4-5c4c-49a4-85de-2c8842a9ac3c,a7cd0bac-5b49-4f1b-ba6f-360844cc083d,87c7085d-c87f-4df6-921e-60f898e807bb,2026-01-08 00:02:24.724980,wave,38.4,paintbrush,61.71,5.01
745599bb-60f1-4442-8cf1-7876be07b880,a7cd0bac-5b49-4f1b-ba6f-360844cc083d,87c7085d-c87f-4df6-921e-60f898e807bb,2026-01-08 00:02:43.724980,wave,37.5,flower,45.92,81.14
2f2d34de-20e4-4cfc-861d-3a582961cdb5,a7cd0bac-5b49-4f1b-ba6f-360844cc083d,87c7085d-c87f-4df6-921e-60f898e807bb,2026-01-08 00:03:08.724980,explore,26.4,paintbrush,57.41,62.45
275e1969-12c5-4acc-b08c-6367de476e52,a7cd0bac-5b49-4f1b-ba6f-360844cc083d,87c7085d-c87f-4df6-921e-60f898e807bb,2026-01-08 00:03:19.724980,explore,43.0,cube,76.39,71.52
80323a9b-98ba-44a8-a14a-4b7f61bd61f4,a7cd0bac-5b49-4f1b-ba6f-360844cc083d,87c7085d-c87f-4df6-921e-60f898e807bb,2026-01-08 00:03:38.724980,spawn_object,40.6,flower,65.51,47.99
56bac587-f6f8-4645-9cdf-393dadd33dbe,a7cd0bac-5b49-4f1b-ba6f-360844cc083d,87c7085d-c87f-4df6-921e-60f898e807bb,2026-01-08 00:03:48.724980,explore,40.1,cube,21.0,97.69
737069e4-cc74-40f8-8b7f-8bad64c4aba8,a7cd0bac-5b49-4f1b-ba6f-360844cc083d,87c7085d-c87f-4df6-921e-60f898e807bb,2026-01-08 00:04:16.724980,explore,35.3,cube,44.69,9.49
4e700beb-55d7-49da-ba3e-cf6b57821bab,a7cd0bac-5b49-4f1b-ba6f-360844cc083d,87c7085d-c87f-4df6-921e-60f898e807bb,2026-01-08 00:04:44.724980,explore,42.4,flower,75.5,17.93
84a2a950-632e-491e-b94b-5af34325ddae,a7cd0bac-5b49-4f1b-ba6f-360844cc083d,87c7085d-c87f-4df6-921e-60f898e807bb,2026-01-08 00:05:12.724980,wave,32.1,flower,72.32,17.8
5408a880-fd0e-4f15-b89a-ecbb0a5a11c1,a7cd0bac-5b49-4f1b-ba6f-360844cc083d,87c7085d-c87f-4df6-921e-60f898e807bb,2026-01-08 00:05:28.724980,wave,44.9,cube,59.67,75.4
9d074286-17e3-4172-8713-52734890f3e6,a7cd0bac-5b49-4f1b-ba6f-360844cc083d,87c7085d-c87f-4df6-921e-60f898e807bb,2026-01-08 00:05:38.724980,wave,34.5,paintbrush,27.61,17.71
442eb9e8-815a-4391-8dec-a3d98f3c39ff,a7cd0bac-5b49-4f1b-ba6f-360844cc083d,87c7085d-c87f-4df6-921e-60f898e807bb,2026-01-08 00:05:57.724980,wave,45.6,flower,23.53,91.69
b0405b28-f5b5-473c-84f9-c3cc183e522e,a7cd0bac-5b49-4f1b-ba6f-360844cc083d,87c7085d-c87f-4df6-921e-60f898e807bb,2026-01-08 00:06:13.724980,explore,32.3,flower,12.09,82.65
711d4229-1435-4fe0-9349-f1bdd2d2e886,7cde864c-6e32-458d-b9bd-5e757ad5cc1c,40614bfc-b87d-4033-b3d6-7085d36df6fe,2026-01-07 23:08:34.724980,explore,36.5,cube,27.31,71.62
afe8dc9c-185d-4296-9621-7f61b7fd6495,7cde864c-6e32-458d-b9bd-5e757ad5cc1c,40614bfc-b87d-4033-b3d6-7085d36df6fe,2026-01-07 23:08:55.724980,explore,46.6,paintbrush,13.7,40.97
4539fed8-060d-4a41-881c-8dab23261396,7cde864c-6e32-458d-b9bd-5e757ad5cc1c,40614bfc-b87d-4033-b3d6-7085d36df6fe,2026-01-07 23:09:04.724980,explore,41.4,paintbrush,54.36,25.25
5c050d61-e689-48de-a5d6-c74ee9a876e7,7cde864c-6e32-458d-b9bd-5e757ad5cc1c,40614bfc-b87d-4033-b3d6-7085d36df6fe,2026-01-07 23:09:17.724980,explore,44.0,flower,77.14,81.17
22fede4c-0bf0-4757-9cce-0131669162f7,7cde864c-6e32-458d-b9bd-5e757ad5cc1c,40614bfc-b87d-4033-b3d6-7085d36df6fe,2026-01-07 23:09:43.724980,explore,35.6,cube,3.33,19.23
0133bbf7-5d50-4731-896e-1a9f07a3d7dc,7cde864c-6e32-458d-b9bd-5e757ad5cc1c,40614bfc-b87d-4033-b3d6-7085d36df6fe,2026-01-07 23:09:59.724980,explore,40.9,cube,57.72,63.55
3a3abe60-b7be-466b-8c1f-fbe60f1819c0,7cde864c-6e32-458d-b9bd-5e757ad5cc1c,40614bfc-b87d-4033-b3d6-7085d36df6fe,2026-01-07 23:10:08.724980,explore,39.3,flower,12.52,74.19
98abc048-8620-4b79-8f83-c61363bed835,7cde864c-6e32-458d-b9bd-5e757ad5cc1c,40614bfc-b87d-4033-b3d6-7085d36df6fe,2026-01-07 23:10:22.724980,explore,45.4,cube,72.69,14.47
a6808896-b5e0-43c0-a001-71a5e332e012,7cde864c-6e32-458d-b9bd-5e757ad5cc1c,40614bfc-b87d-4033-b3d6-7085d36df6fe,2026-01-07 23:10:34.724980,wave,39.9,cube,75.34,74.74
fc51e361-066c-41e0-8d20-7efc7626c651,7cde864c-6e32-458d-b9bd-5e757ad5cc1c,40614bfc-b87d-4033-b3d6-7085d36df6fe,2026-01-07 23:11:04.724980,spawn_object,45.8,cube,56.03,1.77
5dde1375-c31f-4310-b0ca-ce0783912486,7cde864c-6e32-458d-b9bd-5e757ad5cc1c,40614bfc-b87d-4033-b3d6-7085d36df6fe,2026-01-07 23:11:19.724980,explore,44.6,paintbrush,69.83,76.75
bd17c65d-990e-439d-afe1-fb10bac35949,7cde864c-6e32-458d-b9bd-5e757ad5cc1c,40614bfc-b87d-4033-b3d6-7085d36df6fe,2026-01-07 23:11:34.724980,wave,44.2,cube,71.23,48.38
3846d5a6-c96e-4e2e-8633-19ee35237eff,7cde864c-6e32-458d-b9bd-5e757ad5cc1c,40614bfc-b87d-4033-b3d6-7085d36df6fe,2026-01-07 23:11:55.724980,wave,40.4,paintbrush,78.52,77.97
1a411e43-5be5-4293-abb3-970b8e4a7eeb,7cde864c-6e32-458d-b9bd-5e757ad5cc1c,40614bfc-b87d-4033-b3d6-7085d36df6fe,2026-01-07 23:12:25.724980,wave,42.7,paintbrush,48.36,61.45
8c49ebcc-a1a0-4a68-8210-a11db2346499,7cde864c-6e32-458d-b9bd-5e757ad5cc1c,40614bfc-b87d-4033-b3d6-7085d36df6fe,2026-01-07 23:12:39.724980,explore,34.6,paintbrush,28.09,15.03
b8950420-e0f5-486e-a509-9d8f0205477f,7cde864c-6e32-458d-b9bd-5e757ad5cc1c,40614bfc-b87d-4033-b3d6-7085d36df6fe,2026-01-07 23:13:07.724980,wave,37.9,flower,98.52,5.44
8c6bcfe7-2cf1-412e-8ded-aa1b98d994db,7cde864c-6e32-458d-b9bd-5e757ad5cc1c,40614bfc-b87d-4033-b3d6-7085d36df6fe,2026-01-07 23:13:12.724980,wave,39.6,flower,25.19,53.37
d3e5fe8a-b5ed-43ea-812c-dc7a70c33068,7cde864c-6e32-458d-b9bd-5e757ad5cc1c,40614bfc-b87d-4033-b3d6-7085d36df6fe,2026-01-07 23:13:23.724980,wave,38.9,paintbrush,42.11,81.52
e9fac424-daf1-4eac-9cc2-c52a20b43aa0,7cde864c-6e32-458d-b9bd-5e757ad5cc1c,40614bfc-b87d-4033-b3d6-7085d36df6fe,2026-01-07 23:13:49.724980,explore,43.3,cube,48.64,62.93
d23ce6c8-d07c-4db0-8c16-658449c9c6f4,7cde864c-6e32-458d-b9bd-5e757ad5cc1c,40614bfc-b87d-4033-b3d6-7085d36df6fe,2026-01-07 23:14:14.724980,wave,33.0,flower,46.98,46.72
c386d6b4-f82f-4da2-974f-468c85e26d0f,7cde864c-6e32-458d-b9bd-5e757ad5cc1c,40614bfc-b87d-4033-b3d6-7085d36df6fe,2026-01-07 23:14:34.724980,explore,42.3,cube,95.99,14.97
46f62887-6381-4d33-99d5-fea730c2cfba,7cde864c-6e32-458d-b9bd-5e757ad5cc1c,40614bfc-b87d-4033-b3d6-7085d36df6fe,2026-01-07 23:15:03.724980,explore,37.8,flower,90.25,55.75
5e41242d-c387-46d6-ab80-6e3671677cb7,7cde864c-6e32-458d-b9bd-5e757ad5cc1c,40614bfc-b87d-4033-b3d6-7085d36df6fe,2026-01-07 23:15:10.724980,wave,45.9,flower,79.59,86.76
a593a6ed-3ab0-4873-a424-2f6ec73f2d75,7cde864c-6e32-458d-b9bd-5e757ad5cc1c,40614bfc-b87d-4033-b3d6-7085d36df6fe,2026-01-07 23:15:17.724980,explore,37.3,cube,36.74,91.98
f09aa55f-eeb1-46df-b873-65c5420c42b1,7cde864c-6e32-458d-b9bd-5e757ad5cc1c,40614bfc-b87d-4033-b3d6-7085d36df6fe,2026-01-07 23:15:39.724980,explore,43.6,flower,51.07,28.84
b811278e-0fcb-41b7-a65b-cf76978ae38e,7cde864c-6e32-458d-b9bd-5e757ad5cc1c,40614bfc-b87d-4033-b3d6-7085d36df6fe,2026-01-07 23:15:55.724980,explore,35.1,flower,98.36,0.88
b1347390-1e80-4601-933e-1069dd3f6ab6,7cde864c-6e32-458d-b9bd-5e757ad5cc1c,40614bfc-b87d-4033-b3d6-7085d36df6fe,2026-01-07 23:16:06.724980,wave,44.0,cube,80.23,60.64
0b3b23b9-ccf3-4ad7-b8b4-a1c86f7ee21b,7cde864c-6e32-458d-b9bd-5e757ad5cc1c,40614bfc-b87d-4033-b3d6-7085d36df6fe,2026-01-07 23:16:24.724980,wave,41.1,flower,60.41,19.67
0112ab72-2722-4cd2-8f3a-3284281e6f40,7cde864c-6e32-458d-b9bd-5e757ad5cc1c,40614bfc-b87d-4033-b3d6-7085d36df6fe,2026-01-07 23:16:53.724980,explore,45.6,cube,41.38,36.63
325310b3-ee87-4a92-be9c-614a3b97a00f,7cde864c-6e32-458d-b9bd-5e757ad5cc1c,40614bfc-b87d-4033-b3d6-7085d36df6fe,2026-01-07 23:17:11.724980,explore,46.2,flower,60.42,42.3
4af5c58e-1c36-4f93-b981-de441e712a03,7cde864c-6e32-458d-b9bd-5e757ad5cc1c,40614bfc-b87d-4033-b3d6-7085d36df6fe,2026-01-07 23:17:28.724980,spawn_object,49.6,flower,22.35,78.84
4f1cabc9-109a-4f22-80a3-e852063b045c,7cde864c-6e32-458d-b9bd-5e757ad5cc1c,40614bfc-b87d-4033-b3d6-7085d36df6fe,2026-01-07 23:17:53.724980,explore,33.9,paintbrush,40.28,95.58
f342c094-6150-426a-abdd-cbf4b2cea37b,1ed40a8a-6eb7-4a5c-938c-4083b320e6ce,341d78f5-a676-4744-8c76-4e939f8bf487,2026-01-07 21:46:27.724980,explore,49.3,flower,55.53,17.57
c0bca2c1-5145-4fbc-af90-7eea21424309,1ed40a8a-6eb7-4a5c-938c-4083b320e6ce,341d78f5-a676-4744-8c76-4e939f8bf487,2026-01-07 21:46:38.724980,explore,32.6,cube,92.64,32.89
f569f30f-6391-4e11-ac51-86778ebb04b7,1ed40a8a-6eb7-4a5c-938c-4083b320e6ce,341d78f5-a676-4744-8c76-4e939f8bf487,2026-01-07 21:47:00.724980,explore,40.7,paintbrush,91.38,51.06
9b98a9db-72ab-4928-8cc8-59f1ecfed56d,1ed40a8a-6eb7-4a5c-938c-4083b320e6ce,341d78f5-a676-4744-8c76-4e939f8bf487,2026-01-07 21:47:18.724980,wave,39.8,cube,73.5,36.69
d675153f-ac07-48db-ad75-f3f088cdd7b9,1ed40a8a-6eb7-4a5c-938c-4083b320e6ce,341d78f5-a676-4744-8c76-4e939f8bf487,2026-01-07 21:47:28.724980,spawn_object,44.5,flower,24.7,16.94
b332de70-ce21-4f4e-b273-9b1355c0a9ae,1ed40a8a-6eb7-4a5c-938c-4083b320e6ce,341d78f5-a676-4744-8c76-4e939f8bf487,2026-01-07 21:47:58.724980,wave,43.6,flower,35.21,10.13
796572d9-0e74-44c5-b530-1dad7e10eeaa,1ed40a8a-6eb7-4a5c-938c-4083b320e6ce,341d78f5-a676-4744-8c76-4e939f8bf487,2026-01-07 21:48:04.724980,explore,37.2,cube,48.22,63.12
d818aeeb-6890-46eb-ba01-3c50b0915d86,1ed40a8a-6eb7-4a5c-938c-4083b320e6ce,341d78f5-a676-4744-8c76-4e939f8bf487,2026-01-07 21:48:09.724980,wave,39.4,paintbrush,19.01,89.68
b238e7f7-9511-44a3-8fc6-03dffbd20237,1ed40a8a-6eb7-4a5c-938c-4083b320e6ce,341d78f5-a676-4744-8c76-4e939f8bf487,2026-01-07 21:48:38.724980,spawn_object,36.4,cube,96.27,6.4
52599f9f-776f-4534-8f72-03d3c6a944fa,1ed40a8a-6eb7-4a5c-938c-4083b320e6ce,341d78f5-a676-4744-8c76-4e939f8bf487,2026-01-07 21:48:51.724980,spawn_object,33.6,cube,49.28,17.72
35b8bad7-e667-48f6-8722-a90838f3e56a,1ed40a8a-6eb7-4a5c-938c-4083b320e6ce,341d78f5-a676-4744-8c76-4e939f8bf487,2026-01-07 21:49:11.724980,explore,38.5,flower,85.31,27.12
0cf31a38-2d29-47ad-8e75-bd4489282877,1ed40a8a-6eb7-4a5c-938c-4083b320e6ce,341d78f5-a676-4744-8c76-4e939f8bf487,2026-01-07 21:49:33.724980,explore,47.1,flower,83.44,3.87
65f9f1cb-d96a-443d-8634-e3e696f2ce97,1ed40a8a-6eb7-4a5c-938c-4083b320e6ce,341d78f5-a676-4744-8c76-4e939f8bf487,2026-01-07 21:49:44.724980,explore,40.1,cube,59.09,76.69
f4a39cb4-3c7e-430a-9af0-a37981ffa8e3,48f131c9-5d41-4d56-b296-fde40db234fb,45580ae7-3861-4de9-8c5a-0f7300445a40,2026-01-07 22:02:15.724980,wave,41.1,flower,5.14,46.76
63acb9df-099d-4912-8bab-0a8e3669f3e9,48f131c9-5d41-4d56-b296-fde40db234fb,45580ae7-3861-4de9-8c5a-0f7300445a40,2026-01-07 22:02:40.724980,wave,41.3,cube,3.3,27.63
4457a80a-b312-4feb-b83e-caeed69c99bb,48f131c9-5d41-4d56-b296-fde40db234fb,45580ae7-3861-4de9-8c5a-0f7300445a40,2026-01-07 22:02:54.724980,explore,46.6,cube,14.96,27.34
f40d3294-6214-4156-b719-6feb4aaee903,48f131c9-5d41-4d56-b296-fde40db234fb,45580ae7-3861-4de9-8c5a-0f7300445a40,2026-01-07 22:03:13.724980,wave,46.8,flower,2.64,37.25
3f36cb5d-c0e8-428d-ac6b-f10fea46a7b8,48f131c9-5d41-4d56-b296-fde40db234fb,45580ae7-3861-4de9-8c5a-0f7300445a40,2026-01-07 22:03:39.724980,explore,35.5,flower,91.74,18.74
7ce77851-5671-48ab-b112-7a746dec8833,48f131c9-5d41-4d56-b296-fde40db234fb,45580ae7-3861-4de9-8c5a-0f7300445a40,2026-01-07 22:04:05.724980,wave,34.6,flower,3.97,2.54
80106276-5000-45ab-b693-f62724c4c017,48f131c9-5d41-4d56-b296-fde40db234fb,45580ae7-3861-4de9-8c5a-0f7300445a40,2026-01-07 22:04:15.724980,explore,40.8,flower,56.62,41.48
d6536a1b-4a1f-4ded-86ef-26dbc9bd6d6c,48f131c9-5d41-4d56-b296-fde40db234fb,45580ae7-3861-4de9-8c5a-0f7300445a40,2026-01-07 22:04:41.724980,explore,43.8,cube,95.75,68.29
301b2f61-8658-4067-9cd9-c71f3753302d,48f131c9-5d41-4d56-b296-fde40db234fb,45580ae7-3861-4de9-8c5a-0f7300445a40,2026-01-07 22:04:58.724980,explore,31.8,paintbrush,71.63,40.43
23894ac3-4056-4a63-b42c-30fb8b5e3967,48f131c9-5d41-4d56-b296-fde40db234fb,45580ae7-3861-4de9-8c5a-0f7300445a40,2026-01-07 22:05:13.724980,explore,43.3,flower,92.79,55.41
c65b8441-7f95-4a87-8556-7ff8367dc443,48f131c9-5d41-4d56-b296-fde40db234fb,45580ae7-3861-4de9-8c5a-0f7300445a40,2026-01-07 22:05:41.724980,wave,40.7,flower,50.01,18.79
55790142-9cda-4964-984f-46e6a3f9b929,48f131c9-5d41-4d56-b296-fde40db234fb,45580ae7-3861-4de9-8c5a-0f7300445a40,2026-01-07 22:05:56.724980,explore,37.1,flower,3.17,48.59
7ba735aa-c484-4af8-9bf5-90f307159587,48f131c9-5d41-4d56-b296-fde40db234fb,45580ae7-3861-4de9-8c5a-0f7300445a40,2026-01-07 22:06:01.724980,explore,32.8,cube,8.7,53.4
5670356a-0118-41e9-9743-6f7bcd954c3b,48f131c9-5d41-4d56-b296-fde40db234fb,45580ae7-3861-4de9-8c5a-0f7300445a40,2026-01-07 22:06:07.724980,explore,39.6,paintbrush,38.03,76.99
a6268943-de02-4a8e-923a-069e3ad0bd9a,48f131c9-5d41-4d56-b296-fde40db234fb,45580ae7-3861-4de9-8c5a-0f7300445a40,2026-01-07 22:06:28.724980,explore,40.4,paintbrush,42.07,24.84
db733e8e-b0e6-4444-b868-84172628e88b,48f131c9-5d41-4d56-b296-fde40db234fb,45580ae7-3861-4de9-8c5a-0f7300445a40,2026-01-07 22:06:52.724980,explore,41.7,paintbrush,67.51,58.18
b2afbbe2-8b73-4147-a835-147516a229e6,48f131c9-5d41-4d56-b296-fde40db234fb,45580ae7-3861-4de9-8c5a-0f7300445a40,2026-01-07 22:07:06.724980,explore,32.7,flower,60.37,0.26
242a1537-6f33-4d68-99c9-54ba798031ed,f32e8b3f-e06f-4e2b-9b50-2cc763bf5d5d,a2ef1bd3-ea6f-467e-b0dd-354f1bae6e3b,2026-01-07 20:04:16.724980,spawn_object,91.7,asset_gun_01,89.7,49.52
fe8dcfe4-c40d-4a5d-8e3e-cad9314308db,f32e8b3f-e06f-4e2b-9b50-2cc763bf5d5d,a2ef1bd3-ea6f-467e-b0dd-354f1bae6e3b,2026-01-07 20:04:39.724980,spawn_object,94.1,asset_siren,14.99,71.38
49406909-a94f-4f56-8ab2-a7a067dccb75,f32e8b3f-e06f-4e2b-9b50-2cc763bf5d5d,a2ef1bd3-ea6f-467e-b0dd-354f1bae6e3b,2026-01-07 20:04:45.724980,spawn_object,82.6,asset_gun_01,15.42,67.42
71f55983-5cb7-4535-abe2-31634319ad72,f32e8b3f-e06f-4e2b-9b50-2cc763bf5d5d,a2ef1bd3-ea6f-467e-b0dd-354f1bae6e3b,2026-01-07 20:05:07.724980,spawn_object,89.4,cube,48.83,85.47
98c768ee-7598-47f5-a56b-3c5a874285f3,f32e8b3f-e06f-4e2b-9b50-2cc763bf5d5d,a2ef1bd3-ea6f-467e-b0dd-354f1bae6e3b,2026-01-07 20:05:31.724980,spawn_object,90.5,asset_gun_01,9.03,13.07
d814f8af-5107-4ffe-97fb-002cdee0bfd6,f32e8b3f-e06f-4e2b-9b50-2cc763bf5d5d,a2ef1bd3-ea6f-467e-b0dd-354f1bae6e3b,2026-01-07 20:05:48.724980,idle,101.0,asset_gun_01,80.43,44.43
9ed959a4-ed5b-4dfc-86fc-308980c40a6f,f32e8b3f-e06f-4e2b-9b50-2cc763bf5d5d,a2ef1bd3-ea6f-467e-b0dd-354f1bae6e3b,2026-01-07 20:06:06.724980,spawn_object,74.2,asset_gun_01,59.42,61.25
0e3e524c-727f-4399-962f-4db58c66b74b,f32e8b3f-e06f-4e2b-9b50-2cc763bf5d5d,a2ef1bd3-ea6f-467e-b0dd-354f1bae6e3b,2026-01-07 20:06:27.724980,idle,86.6,asset_gun_01,55.73,5.46
34f94af6-99db-4acd-9f82-d8e2520d84d3,f32e8b3f-e06f-4e2b-9b50-2cc763bf5d5d,a2ef1bd3-ea6f-467e-b0dd-354f1bae6e3b,2026-01-07 20:06:56.724980,spawn_object,97.6,asset_gun_01,92.86,45.2
597cee6f-7b11-4ca0-af9e-73af210c792a,f32e8b3f-e06f-4e2b-9b50-2cc763bf5d5d,a2ef1bd3-ea6f-467e-b0dd-354f1bae6e3b,2026-01-07 20:07:24.724980,spawn_object,90.2,cube,42.3,1.63
475f1227-5e1c-408f-9cd0-500013d0f00f,f32e8b3f-e06f-4e2b-9b50-2cc763bf5d5d,a2ef1bd3-ea6f-467e-b0dd-354f1bae6e3b,2026-01-07 20:07:48.724980,spawn_object,75.7,asset_siren,33.51,18.82
5450a4c6-0f67-418b-8e49-465047398a8c,f32e8b3f-e06f-4e2b-9b50-2cc763bf5d5d,a2ef1bd3-ea6f-467e-b0dd-354f1bae6e3b,2026-01-07 20:07:57.724980,spawn_object,84.2,asset_siren,91.23,97.6
f76837da-d2f6-4859-9612-c5084ea765c4,f32e8b3f-e06f-4e2b-9b50-2cc763bf5d5d,a2ef1bd3-ea6f-467e-b0dd-354f1bae6e3b,2026-01-07 20:08:07.724980,spawn_object,86.5,asset_gun_01,48.54,65.06
84bbecbd-3f3b-49cd-ac81-4c73203b719d,f32e8b3f-e06f-4e2b-9b50-2cc763bf5d5d,a2ef1bd3-ea6f-467e-b0dd-354f1bae6e3b,2026-01-07 20:08:23.724980,idle,79.3,asset_siren,58.34,77.08
495e7640-c627-4865-be3e-524f10cd42e1,f32e8b3f-e06f-4e2b-9b50-2cc763bf5d5d,a2ef1bd3-ea6f-467e-b0dd-354f1bae6e3b,2026-01-07 20:08:49.724980,touch,72.9,asset_gun_01,79.35,72.97
0477b189-6ba5-4ee4-bea6-3987421f2724,f32e8b3f-e06f-4e2b-9b50-2cc763bf5d5d,a2ef1bd3-ea6f-467e-b0dd-354f1bae6e3b,2026-01-07 20:09:01.724980,spawn_object,74.9,asset_siren,41.29,64.82
9584efaf-b055-40fb-a4fa-33dcab3065cb,f32e8b3f-e06f-4e2b-9b50-2cc763bf5d5d,a2ef1bd3-ea6f-467e-b0dd-354f1bae6e3b,2026-01-07 20:09:19.724980,spawn_object,94.5,asset_gun_01,95.4,76.62
bd688a25-a38c-483d-af45-4f0f8b406b7a,f32e8b3f-e06f-4e2b-9b50-2cc763bf5d5d,a2ef1bd3-ea6f-467e-b0dd-354f1bae6e3b,2026-01-07 20:09:48.724980,spawn_object,86.7,asset_gun_01,96.42,9.84
63757b00-687e-47ad-8d74-37fb19273724,f32e8b3f-e06f-4e2b-9b50-2cc763bf5d5d,a2ef1bd3-ea6f-467e-b0dd-354f1bae6e3b,2026-01-07 20:09:59.724980,touch,84.8,asset_gun_01,82.36,24.05
2ee5c902-169e-4bb4-a36a-e144cb91a0cf,f32e8b3f-e06f-4e2b-9b50-2cc763bf5d5d,a2ef1bd3-ea6f-467e-b0dd-354f1bae6e3b,2026-01-07 20:10:06.724980,touch,88.8,asset_siren,73.24,61.41
77fb6ad2-66d5-445e-bebd-1af6d54915c5,f32e8b3f-e06f-4e2b-9b50-2cc763bf5d5d,a2ef1bd3-ea6f-467e-b0dd-354f1bae6e3b,2026-01-07 20:10:19.724980,touch,75.0,cube,55.37,55.94
2db8f31b-3e2e-4896-b855-e84b6ea6b553,f32e8b3f-e06f-4e2b-9b50-2cc763bf5d5d,a2ef1bd3-ea6f-467e-b0dd-354f1bae6e3b,2026-01-07 20:10:34.724980,spawn_object,89.1,asset_siren,88.05,36.08
87f5f456-2916-469d-84d7-c6c616024ba8,f32e8b3f-e06f-4e2b-9b50-2cc763bf5d5d,a2ef1bd3-ea6f-467e-b0dd-354f1bae6e3b,2026-01-07 20:10:44.724980,touch,84.5,asset_siren,89.65,14.45
0f21251e-d6b9-424b-925b-1d2c24b36928,f32e8b3f-e06f-4e2b-9b50-2cc763bf5d5d,a2ef1bd3-ea6f-467e-b0dd-354f1bae6e3b,2026-01-07 20:11:07.724980,idle,76.9,asset_gun_01,35.32,80.44
ff2800ed-2609-410b-87bb-6f3bc664d643,f32e8b3f-e06f-4e2b-9b50-2cc763bf5d5d,a2ef1bd3-ea6f-467e-b0dd-354f1bae6e3b,2026-01-07 20:11:15.724980,spawn_object,83.7,asset_siren,25.44,17.5
e181ab76-4739-4f0f-933b-da0b6c29f42c,f32e8b3f-e06f-4e2b-9b50-2cc763bf5d5d,a2ef1bd3-ea6f-467e-b0dd-354f1bae6e3b,2026-01-07 20:11:32.724980,touch,72.4,asset_siren,66.68,77.32
b703f81e-1d81-4162-b1c6-a0f29dd7ae51,f32e8b3f-e06f-4e2b-9b50-2cc763bf5d5d,a2ef1bd3-ea6f-467e-b0dd-354f1bae6e3b,2026-01-07 20:11:38.724980,spawn_object,63.8,asset_gun_01,19.06,26.07
b20b1b33-4ba2-4696-9b96-8e6b87ecce9a,f32e8b3f-e06f-4e2b-9b50-2cc763bf5d5d,a2ef1bd3-ea6f-467e-b0dd-354f1bae6e3b,2026-01-07 20:12:01.724980,touch,84.1,asset_gun_01,44.32,30.39
864cd5a1-949c-49a2-af4d-8f243852788e,f32e8b3f-e06f-4e2b-9b50-2cc763bf5d5d,a2ef1bd3-ea6f-467e-b0dd-354f1bae6e3b,2026-01-07 20:12:20.724980,touch,85.6,cube,17.9,76.52
f0e56bfd-e4ec-4ea4-b3ad-c3f3dbfe2f51,f32e8b3f-e06f-4e2b-9b50-2cc763bf5d5d,a2ef1bd3-ea6f-467e-b0dd-354f1bae6e3b,2026-01-07 20:12:46.724980,spawn_object,90.7,asset_gun_01,98.58,26.93
4e54b02c-7d18-49cb-9a80-764420e56deb,f32e8b3f-e06f-4e2b-9b50-2cc763bf5d5d,a2ef1bd3-ea6f-467e-b0dd-354f1bae6e3b,2026-01-07 20:13:10.724980,idle,77.9,asset_gun_01,11.79,52.51
9ec26b61-fc5f-4bf9-9589-7f5267f226e5,f32e8b3f-e06f-4e2b-9b50-2cc763bf5d5d,a2ef1bd3-ea6f-467e-b0dd-354f1bae6e3b,2026-01-07 20:13:39.724980,touch,76.5,asset_gun_01,58.6,94.24
c2fa708b-3ee2-4b04-b49b-1ee8491cf21f,f32e8b3f-e06f-4e2b-9b50-2cc763bf5d5d,a2ef1bd3-ea6f-467e-b0dd-354f1bae6e3b,2026-01-07 20:13:44.724980,spawn_object,76.9,asset_gun_01,13.86,22.81
2b3b4e54-22dd-45ab-a792-c0e61591b98f,f32e8b3f-e06f-4e2b-9b50-2cc763bf5d5d,a2ef1bd3-ea6f-467e-b0dd-354f1bae6e3b,2026-01-07 20:13:51.724980,spawn_object,82.4,asset_gun_01,98.26,30.44
954698dd-5a54-4997-b2a2-07a339fc1f45,f32e8b3f-e06f-4e2b-9b50-2cc763bf5d5d,a2ef1bd3-ea6f-467e-b0dd-354f1bae6e3b,2026-01-07 20:13:57.724980,spawn_object,90.4,asset_gun_01,16.89,59.88
b651d709-8250-4015-a49b-77e9d41e0ebc,f32e8b3f-e06f-4e2b-9b50-2cc763bf5d5d,a2ef1bd3-ea6f-467e-b0dd-354f1bae6e3b,2026-01-07 20:14:09.724980,spawn_object,117.8,asset_siren,11.78,50.69
abdccd6e-5072-4693-96bf-2aa4f92fe125,f32e8b3f-e06f-4e2b-9b50-2cc763bf5d5d,a2ef1bd3-ea6f-467e-b0dd-354f1bae6e3b,2026-01-07 20:14:30.724980,touch,99.3,asset_siren,52.72,34.16
e49ee918-0972-42a6-a80d-ec0153567303,f32e8b3f-e06f-4e2b-9b50-2cc763bf5d5d,a2ef1bd3-ea6f-467e-b0dd-354f1bae6e3b,2026-01-07 20:14:42.724980,spawn_object,95.1,cube,56.02,16.01
bb634b7a-68f8-49c1-9b84-331cccc6b312,f32e8b3f-e06f-4e2b-9b50-2cc763bf5d5d,a2ef1bd3-ea6f-467e-b0dd-354f1bae6e3b,2026-01-07 20:14:58.724980,idle,90.5,asset_siren,67.38,89.26
3a15d964-b4b7-4500-9f19-f79867d296d1,f32e8b3f-e06f-4e2b-9b50-2cc763bf5d5d,a2ef1bd3-ea6f-467e-b0dd-354f1bae6e3b,2026-01-07 20:15:03.724980,spawn_object,93.3,asset_siren,27.26,36.68
cc708869-ff46-4cc2-aa49-c9f1f4e8ab7c,f32e8b3f-e06f-4e2b-9b50-2cc763bf5d5d,a2ef1bd3-ea6f-467e-b0dd-354f1bae6e3b,2026-01-07 20:15:12.724980,touch,82.1,asset_gun_01,73.9,82.44
003e31b5-62c4-4598-8dc0-b1edd5a11498,f32e8b3f-e06f-4e2b-9b50-2cc763bf5d5d,a2ef1bd3-ea6f-467e-b0dd-354f1bae6e3b,2026-01-07 20:15:29.724980,spawn_object,91.0,asset_siren,51.52,16.25
d07bd433-8912-4cb9-8a17-ffcaa7847a2e,f32e8b3f-e06f-4e2b-9b50-2cc763bf5d5d,a2ef1bd3-ea6f-467e-b0dd-354f1bae6e3b,2026-01-07 20:15:41.724980,spawn_object,95.9,asset_siren,99.68,69.04
20b62760-52a0-4dd8-9a11-9bef2ed4352d,f32e8b3f-e06f-4e2b-9b50-2cc763bf5d5d,a2ef1bd3-ea6f-467e-b0dd-354f1bae6e3b,2026-01-07 20:15:57.724980,spawn_object,91.1,asset_gun_01,34.4,43.49
85620544-3ee7-4831-a52e-d13a99cf488e,f32e8b3f-e06f-4e2b-9b50-2cc763bf5d5d,a2ef1bd3-ea6f-467e-b0dd-354f1bae6e3b,2026-01-07 20:16:02.724980,touch,81.9,asset_siren,44.38,23.3
6cd26cf3-5d51-4aa0-b6bb-02281e56f05e,f32e8b3f-e06f-4e2b-9b50-2cc763bf5d5d,a2ef1bd3-ea6f-467e-b0dd-354f1bae6e3b,2026-01-07 20:16:08.724980,idle,84.4,asset_siren,70.66,54.62
5023c779-d831-44df-a3ae-be1c06c62bb5,f32e8b3f-e06f-4e2b-9b50-2cc763bf5d5d,a2ef1bd3-ea6f-467e-b0dd-354f1bae6e3b,2026-01-07 20:16:36.724980,idle,86.6,asset_siren,63.41,60.85
757a1b87-4080-4bb1-9261-2e1c99642f0c,f32e8b3f-e06f-4e2b-9b50-2cc763bf5d5d,a2ef1bd3-ea6f-467e-b0dd-354f1bae6e3b,2026-01-07 20:16:54.724980,spawn_object,65.0,cube,93.11,30.6
40b5ffab-cfab-477e-914b-a1b93889c224,f32e8b3f-e06f-4e2b-9b50-2cc763bf5d5d,a2ef1bd3-ea6f-467e-b0dd-354f1bae6e3b,2026-01-07 20:17:02.724980,spawn_object,87.0,asset_siren,43.61,64.63
f1c3427a-7578-4ccf-b600-1c4f34c6eeba,f32e8b3f-e06f-4e2b-9b50-2cc763bf5d5d,a2ef1bd3-ea6f-467e-b0dd-354f1bae6e3b,2026-01-07 20:17:12.724980,touch,106.5,asset_siren,85.84,61.16
7ac281da-62a1-4101-ade4-bee001989864,f32e8b3f-e06f-4e2b-9b50-2cc763bf5d5d,a2ef1bd3-ea6f-467e-b0dd-354f1bae6e3b,2026-01-07 20:17:34.724980,spawn_object,66.3,asset_siren,33.5,25.52
b04e5873-9d89-4188-9576-e375616505e0,f32e8b3f-e06f-4e2b-9b50-2cc763bf5d5d,a2ef1bd3-ea6f-467e-b0dd-354f1bae6e3b,2026-01-07 20:17:53.724980,spawn_object,92.9,asset_siren,54.49,46.92
1995150a-f7b3-402c-8c88-64e198c496de,f32e8b3f-e06f-4e2b-9b50-2cc763bf5d5d,a2ef1bd3-ea6f-467e-b0dd-354f1bae6e3b,2026-01-07 20:18:09.724980,spawn_object,85.7,asset_siren,60.36,57.35
bb3db267-a312-4359-a2f1-ddf8fed9d987,f32e8b3f-e06f-4e2b-9b50-2cc763bf5d5d,a2ef1bd3-ea6f-467e-b0dd-354f1bae6e3b,2026-01-07 20:18:32.724980,spawn_object,91.8,asset_gun_01,54.33,66.29
8bf07518-479f-4119-a7dd-e65446e0b795,f32e8b3f-e06f-4e2b-9b50-2cc763bf5d5d,a2ef1bd3-ea6f-467e-b0dd-354f1bae6e3b,2026-01-07 20:18:57.724980,spawn_object,94.1,asset_gun_01,52.25,54.77
71bbd035-1b1c-43f5-8f77-b93d944b5615,720013c5-8374-4dfe-92f5-ba478139cf35,6452c3a4-b3fb-4a01-890d-036cc1758a72,2026-01-07 23:03:27.724980,wave,46.2,flower,18.84,64.89
986c2dec-b7b9-411a-a7d4-c4ad8bba7340,720013c5-8374-4dfe-92f5-ba478139cf35,6452c3a4-b3fb-4a01-890d-036cc1758a72,2026-01-07 23:03:46.724980,wave,43.7,flower,40.43,23.05
cf13da41-1cad-4fab-9ced-5b062bc2cbee,720013c5-8374-4dfe-92f5-ba478139cf35,6452c3a4-b3fb-4a01-890d-036cc1758a72,2026-01-07 23:04:14.724980,explore,36.8,cube,68.21,46.85
c63f185c-b34d-4776-bba1-0c07b7a98f38,720013c5-8374-4dfe-92f5-ba478139cf35,6452c3a4-b3fb-4a01-890d-036cc1758a72,2026-01-07 23:04:35.724980,explore,40.1,cube,98.87,28.5
2256621c-8269-4bb5-ba0a-4067e70b93fe,720013c5-8374-4dfe-92f5-ba478139cf35,6452c3a4-b3fb-4a01-890d-036cc1758a72,2026-01-07 23:05:01.724980,explore,43.9,flower,72.95,12.87
5f11c05f-36e2-4910-8b58-da56740bc639,720013c5-8374-4dfe-92f5-ba478139cf35,6452c3a4-b3fb-4a01-890d-036cc1758a72,2026-01-07 23:05:13.724980,explore,37.2,cube,25.99,16.11
69038fba-3483-41ac-9af4-42e6dcbe61fd,720013c5-8374-4dfe-92f5-ba478139cf35,6452c3a4-b3fb-4a01-890d-036cc1758a72,2026-01-07 23:05:27.724980,spawn_object,36.5,cube,76.72,31.21
284aef20-7fb6-445b-92a5-3d1940c0c278,720013c5-8374-4dfe-92f5-ba478139cf35,6452c3a4-b3fb-4a01-890d-036cc1758a72,2026-01-07 23:05:43.724980,explore,42.2,cube,5.38,96.79
30853865-4fd2-4d40-88e3-4ce7dbbcb438,720013c5-8374-4dfe-92f5-ba478139cf35,6452c3a4-b3fb-4a01-890d-036cc1758a72,2026-01-07 23:05:57.724980,wave,43.1,cube,23.91,5.11
5711887f-a944-4277-9feb-33448bee1a65,720013c5-8374-4dfe-92f5-ba478139cf35,6452c3a4-b3fb-4a01-890d-036cc1758a72,2026-01-07 23:06:19.724980,explore,39.9,cube,10.21,5.73
d2281758-d467-4891-996a-b4a812582bd4,720013c5-8374-4dfe-92f5-ba478139cf35,6452c3a4-b3fb-4a01-890d-036cc1758a72,2026-01-07 23:06:40.724980,wave,42.6,cube,60.79,2.84
8729a23e-b8c6-440c-8483-54d578a44fd3,720013c5-8374-4dfe-92f5-ba478139cf35,6452c3a4-b3fb-4a01-890d-036cc1758a72,2026-01-07 23:06:59.724980,explore,42.5,cube,92.68,98.37
60324190-7480-46af-b216-7f419efefa18,720013c5-8374-4dfe-92f5-ba478139cf35,6452c3a4-b3fb-4a01-890d-036cc1758a72,2026-01-07 23:07:12.724980,spawn_object,36.5,cube,73.94,37.68
6b24e0b8-91df-484f-8774-bbe17b8fc9f7,720013c5-8374-4dfe-92f5-ba478139cf35,6452c3a4-b3fb-4a01-890d-036cc1758a72,2026-01-07 23:07:26.724980,explore,36.9,flower,27.05,65.9
5e859425-c25b-4df3-bb5a-2826ca7a5b55,720013c5-8374-4dfe-92f5-ba478139cf35,6452c3a4-b3fb-4a01-890d-036cc1758a72,2026-01-07 23:07:32.724980,explore,40.2,flower,72.89,42.7
ddd72485-7e52-40b9-8e64-d0cecbcc3155,720013c5-8374-4dfe-92f5-ba478139cf35,6452c3a4-b3fb-4a01-890d-036cc1758a72,2026-01-07 23:07:54.724980,explore,39.1,flower,0.04,93.72
eaccd0fd-ddbf-41a5-bab6-45efa2c7849a,720013c5-8374-4dfe-92f5-ba478139cf35,6452c3a4-b3fb-4a01-890d-036cc1758a72,2026-01-07 23:08:15.724980,explore,38.0,paintbrush,82.43,16.15
06c769ef-4f4f-432e-a058-c3d653e2253d,720013c5-8374-4dfe-92f5-ba478139cf35,6452c3a4-b3fb-4a01-890d-036cc1758a72,2026-01-07 23:08:42.724980,explore,39.3,cube,75.46,44.9
982e7b4b-fdff-4e4e-8e9e-752635a6982c,720013c5-8374-4dfe-92f5-ba478139cf35,6452c3a4-b3fb-4a01-890d-036cc1758a72,2026-01-07 23:08:57.724980,explore,43.8,flower,20.17,19.35
08499d86-6d6e-408c-b900-7463df70873b,720013c5-8374-4dfe-92f5-ba478139cf35,6452c3a4-b3fb-4a01-890d-036cc1758a72,2026-01-07 23:09:07.724980,spawn_object,41.9,cube,57.84,14.88
a64b51d6-6b50-4714-8ad5-0f1407d34a48,720013c5-8374-4dfe-92f5-ba478139cf35,6452c3a4-b3fb-4a01-890d-036cc1758a72,2026-01-07 23:09:36.724980,spawn_object,42.1,cube,92.41,58.14
d5c9e9c9-afb0-44a9-8884-adb09476ab4a,720013c5-8374-4dfe-92f5-ba478139cf35,6452c3a4-b3fb-4a01-890d-036cc1758a72,2026-01-07 23:09:48.724980,explore,47.1,cube,92.2,18.61
6d2f03e2-3e1a-4292-b747-b7f5fb866a2c,720013c5-8374-4dfe-92f5-ba478139cf35,6452c3a4-b3fb-4a01-890d-036cc1758a72,2026-01-07 23:10:06.724980,spawn_object,41.2,flower,16.54,11.12
e1a356b9-ed60-45e5-9f52-a3894c6cc336,720013c5-8374-4dfe-92f5-ba478139cf35,6452c3a4-b3fb-4a01-890d-036cc1758a72,2026-01-07 23:10:17.724980,wave,41.7,flower,56.17,0.26
7186d477-a8ff-470a-9ce8-7dfd9a395753,720013c5-8374-4dfe-92f5-ba478139cf35,6452c3a4-b3fb-4a01-890d-036cc1758a72,2026-01-07 23:10:28.724980,wave,49.7,cube,0.96,10.66
ef08d339-893f-4de1-9adf-0cfaa39e37bb,720013c5-8374-4dfe-92f5-ba478139cf35,6452c3a4-b3fb-4a01-890d-036cc1758a72,2026-01-07 23:10:39.724980,explore,41.2,cube,21.24,72.3
fdf5066b-0563-4b4a-bad0-314f19033003,720013c5-8374-4dfe-92f5-ba478139cf35,6452c3a4-b3fb-4a01-890d-036cc1758a72,2026-01-07 23:11:08.724980,wave,31.0,flower,94.07,53.97
b62125e0-d87b-4104-8929-92ab7953c855,720013c5-8374-4dfe-92f5-ba478139cf35,6452c3a4-b3fb-4a01-890d-036cc1758a72,2026-01-07 23:11:18.724980,explore,49.4,paintbrush,88.2,49.23
14b58c27-bac7-48ab-b541-d760cc2ce1de,720013c5-8374-4dfe-92f5-ba478139cf35,6452c3a4-b3fb-4a01-890d-036cc1758a72,2026-01-07 23:11:47.724980,explore,36.6,paintbrush,64.28,50.62
ad655aab-0f3e-4ff9-9f49-660c68d6d86e,720013c5-8374-4dfe-92f5-ba478139cf35,6452c3a4-b3fb-4a01-890d-036cc1758a72,2026-01-07 23:12:03.724980,explore,37.0,cube,57.85,69.4
fc636b70-8003-4854-972d-44e460116e69,720013c5-8374-4dfe-92f5-ba478139cf35,6452c3a4-b3fb-4a01-890d-036cc1758a72,2026-01-07 23:12:30.724980,explore,49.6,paintbrush,72.64,59.46
79570cc6-a76a-44ae-ad73-e81ddbffd7ae,720013c5-8374-4dfe-92f5-ba478139cf35,6452c3a4-b3fb-4a01-890d-036cc1758a72,2026-01-07 23:12:54.724980,spawn_object,31.4,flower,1.03,91.51
037528a0-781a-4c45-8a33-af511071a923,720013c5-8374-4dfe-92f5-ba478139cf35,6452c3a4-b3fb-4a01-890d-036cc1758a72,2026-01-07 23:13:01.724980,explore,40.9,flower,23.69,77.25
ea9fe7b9-a579-485c-b97a-516b68ecea35,720013c5-8374-4dfe-92f5-ba478139cf35,6452c3a4-b3fb-4a01-890d-036cc1758a72,2026-01-07 23:13:15.724980,wave,43.6,paintbrush,91.53,10.01
a57065a8-96da-4478-9b7c-e7c1de196344,36952ea0-4249-49c0-ac51-dde40fda6966,2c9e0153-14ba-4fce-a147-97db5401ca9d,2026-01-08 01:31:19.724980,wave,38.9,flower,18.17,71.89
2e2b4543-4a84-4d43-8260-7ddfdf7fac04,36952ea0-4249-49c0-ac51-dde40fda6966,2c9e0153-14ba-4fce-a147-97db5401ca9d,2026-01-08 01:31:49.724980,explore,27.6,flower,58.42,40.08
0175ef66-6397-4c68-9425-d86972d72a9f,36952ea0-4249-49c0-ac51-dde40fda6966,2c9e0153-14ba-4fce-a147-97db5401ca9d,2026-01-08 01:31:56.724980,explore,45.4,paintbrush,75.18,59.16
e3f363da-8592-4bfa-b774-68071ca2dc4f,36952ea0-4249-49c0-ac51-dde40fda6966,2c9e0153-14ba-4fce-a147-97db5401ca9d,2026-01-08 01:32:20.724980,wave,36.0,flower,52.36,81.92
2915fe3f-57c9-45c6-81b6-282524eb826f,36952ea0-4249-49c0-ac51-dde40fda6966,2c9e0153-14ba-4fce-a147-97db5401ca9d,2026-01-08 01:32:30.724980,explore,38.3,flower,91.92,50.08
40e09c88-c8c7-4c4d-8d2a-d11634a1d221,36952ea0-4249-49c0-ac51-dde40fda6966,2c9e0153-14ba-4fce-a147-97db5401ca9d,2026-01-08 01:32:37.724980,explore,37.3,paintbrush,35.69,81.15
265a2c36-8a98-44ad-8c82-a8247b40534d,36952ea0-4249-49c0-ac51-dde40fda6966,2c9e0153-14ba-4fce-a147-97db5401ca9d,2026-01-08 01:32:50.724980,wave,44.0,paintbrush,85.11,1.69
95a2975d-f091-4ec6-a46d-2f9041bf2643,36952ea0-4249-49c0-ac51-dde40fda6966,2c9e0153-14ba-4fce-a147-97db5401ca9d,2026-01-08 01:33:18.724980,wave,42.1,cube,43.31,15.14
0a5e3dd8-980b-4d8a-b092-2fd8c51e7d8c,36952ea0-4249-49c0-ac51-dde40fda6966,2c9e0153-14ba-4fce-a147-97db5401ca9d,2026-01-08 01:33:45.724980,wave,45.3,paintbrush,61.08,97.0
9ae3e387-4553-4cd3-bca9-d32b79185201,36952ea0-4249-49c0-ac51-dde40fda6966,2c9e0153-14ba-4fce-a147-97db5401ca9d,2026-01-08 01:34:05.724980,spawn_object,47.6,flower,90.87,54.28
fae5ba3a-e98f-4daf-bd96-bd33f64828d0,36952ea0-4249-49c0-ac51-dde40fda6966,2c9e0153-14ba-4fce-a147-97db5401ca9d,2026-01-08 01:34:28.724980,explore,51.6,flower,77.69,18.46
22e273ce-892a-494e-a7d0-911216decdd6,36952ea0-4249-49c0-ac51-dde40fda6966,2c9e0153-14ba-4fce-a147-97db5401ca9d,2026-01-08 01:34:48.724980,explore,37.0,paintbrush,46.24,83.63
26cbb9d3-0dfc-4252-ad5f-fd53f1fe954e,36952ea0-4249-49c0-ac51-dde40fda6966,2c9e0153-14ba-4fce-a147-97db5401ca9d,2026-01-08 01:35:04.724980,explore,43.3,flower,44.56,36.41
dd76078a-f74c-4c97-97b5-c13fe7c3c89b,36952ea0-4249-49c0-ac51-dde40fda6966,2c9e0153-14ba-4fce-a147-97db5401ca9d,2026-01-08 01:35:24.724980,explore,33.7,flower,86.38,96.28
9b384ebe-ba13-4e5e-afec-7e5be5ba6355,36952ea0-4249-49c0-ac51-dde40fda6966,2c9e0153-14ba-4fce-a147-97db5401ca9d,2026-01-08 01:35:40.724980,explore,51.6,cube,71.52,99.53
99740f22-208f-4a4a-82b1-5006db7a27a7,36952ea0-4249-49c0-ac51-dde40fda6966,2c9e0153-14ba-4fce-a147-97db5401ca9d,2026-01-08 01:35:58.724980,explore,36.3,cube,96.44,11.66
70030294-153c-4cf8-ab95-d84bcb54aa89,36952ea0-4249-49c0-ac51-dde40fda6966,2c9e0153-14ba-4fce-a147-97db5401ca9d,2026-01-08 01:36:19.724980,spawn_object,42.8,cube,53.34,55.42
84bec6f8-92d3-431f-bb1d-6778228cd72f,f49e304b-4f59-4c1c-ac5b-887007ba69ae,4a34d97b-5369-472a-af58-6f8ac506a747,2026-01-08 00:19:22.724980,wave,43.9,paintbrush,36.57,11.89
dbb4159e-4067-48ad-bfb6-33e70caa3573,f49e304b-4f59-4c1c-ac5b-887007ba69ae,4a34d97b-5369-472a-af58-6f8ac506a747,2026-01-08 00:19:47.724980,spawn_object,38.5,paintbrush,33.83,14.19
f1c59b12-5d6e-4f03-9d60-5088e9f91ce2,f49e304b-4f59-4c1c-ac5b-887007ba69ae,4a34d97b-5369-472a-af58-6f8ac506a747,2026-01-08 00:20:14.724980,wave,41.5,paintbrush,84.27,49.43
230b2b7f-412d-455a-8485-aa1e4f9d466c,f49e304b-4f59-4c1c-ac5b-887007ba69ae,4a34d97b-5369-472a-af58-6f8ac506a747,2026-01-08 00:20:34.724980,explore,32.3,flower,85.95,15.03
a22d029c-3aad-40b8-b159-529b6db2472f,f49e304b-4f59-4c1c-ac5b-887007ba69ae,4a34d97b-5369-472a-af58-6f8ac506a747,2026-01-08 00:20:55.724980,wave,37.0,flower,74.19,47.97
b827beb3-e856-4f1c-8fe4-d0422b3dd379,f49e304b-4f59-4c1c-ac5b-887007ba69ae,4a34d97b-5369-472a-af58-6f8ac506a747,2026-01-08 00:21:09.724980,explore,41.1,cube,92.26,58.56
2e492d1a-13e0-4ef9-9dad-b10c40fdc7d7,f49e304b-4f59-4c1c-ac5b-887007ba69ae,4a34d97b-5369-472a-af58-6f8ac506a747,2026-01-08 00:21:25.724980,explore,47.7,paintbrush,20.95,29.09
b277b78a-6692-4d53-a564-de5bd1703d09,f49e304b-4f59-4c1c-ac5b-887007ba69ae,4a34d97b-5369-472a-af58-6f8ac506a747,2026-01-08 00:21:35.724980,explore,42.8,flower,76.13,90.65
fcc749e0-6170-44cf-a2f7-76dafb5f3fdd,f49e304b-4f59-4c1c-ac5b-887007ba69ae,4a34d97b-5369-472a-af58-6f8ac506a747,2026-01-08 00:21:41.724980,explore,42.9,paintbrush,0.52,59.68
7333be04-1e80-4311-8285-85461d5b085e,f49e304b-4f59-4c1c-ac5b-887007ba69ae,4a34d97b-5369-472a-af58-6f8ac506a747,2026-01-08 00:22:09.724980,explore,34.7,paintbrush,29.28,70.53
b25a40d2-0761-4413-8be9-e3f2a94e0988,f49e304b-4f59-4c1c-ac5b-887007ba69ae,4a34d97b-5369-472a-af58-6f8ac506a747,2026-01-08 00:22:32.724980,spawn_object,45.7,paintbrush,66.67,40.82
7f2dc581-fdf9-4868-ba1a-c08b9122c759,f49e304b-4f59-4c1c-ac5b-887007ba69ae,4a34d97b-5369-472a-af58-6f8ac506a747,2026-01-08 00:22:57.724980,explore,38.1,cube,92.19,21.62
f08fa45d-98cd-4f28-9aec-e38fc9762d0d,f49e304b-4f59-4c1c-ac5b-887007ba69ae,4a34d97b-5369-472a-af58-6f8ac506a747,2026-01-08 00:23:20.724980,explore,45.1,paintbrush,78.77,86.76
81d75a1c-0fbb-4d10-a978-e5ea652d1a1d,f49e304b-4f59-4c1c-ac5b-887007ba69ae,4a34d97b-5369-472a-af58-6f8ac506a747,2026-01-08 00:23:44.724980,explore,42.9,flower,43.67,75.67
e70275a6-0727-46a4-a6da-8061df5c227b,f49e304b-4f59-4c1c-ac5b-887007ba69ae,4a34d97b-5369-472a-af58-6f8ac506a747,2026-01-08 00:24:02.724980,explore,31.6,flower,11.75,25.83
fc6e00cf-df9f-4cbd-ac2e-7467166f0ab3,f49e304b-4f59-4c1c-ac5b-887007ba69ae,4a34d97b-5369-472a-af58-6f8ac506a747,2026-01-08 00:24:20.724980,wave,38.1,cube,12.77,61.99
bd4841a1-e528-44c5-be00-7ca25dff05be,f49e304b-4f59-4c1c-ac5b-887007ba69ae,4a34d97b-5369-472a-af58-6f8ac506a747,2026-01-08 00:24:50.724980,wave,39.4,paintbrush,15.98,10.4
03aa2865-0ff1-455c-8f5e-da6302d905f3,f49e304b-4f59-4c1c-ac5b-887007ba69ae,4a34d97b-5369-472a-af58-6f8ac506a747,2026-01-08 00:25:06.724980,explore,44.3,paintbrush,58.01,61.4
ceb44c34-bdcd-46b1-afbc-0bbb6cd52650,f49e304b-4f59-4c1c-ac5b-887007ba69ae,4a34d97b-5369-472a-af58-6f8ac506a747,2026-01-08 00:25:22.724980,explore,40.4,flower,1.16,18.19
a42f557d-969c-4510-9d4d-44217698605e,f49e304b-4f59-4c1c-ac5b-887007ba69ae,4a34d97b-5369-472a-af58-6f8ac506a747,2026-01-08 00:25:49.724980,wave,36.7,cube,80.71,95.35
19c5328b-eaf9-40de-9b6f-d16fc3d45b09,f49e304b-4f59-4c1c-ac5b-887007ba69ae,4a34d97b-5369-472a-af58-6f8ac506a747,2026-01-08 00:26:19.724980,explore,44.4,cube,69.4,27.75
123c6c18-cb5a-4704-a937-36fbff844877,f49e304b-4f59-4c1c-ac5b-887007ba69ae,4a34d97b-5369-472a-af58-6f8ac506a747,2026-01-08 00:26:26.724980,explore,44.7,cube,23.08,5.62
1f03ef01-a2a3-4593-873e-0349a6b8ba74,f49e304b-4f59-4c1c-ac5b-887007ba69ae,4a34d97b-5369-472a-af58-6f8ac506a747,2026-01-08 00:26:44.724980,explore,39.4,cube,34.19,76.34
a6947980-f8b3-4c21-b6dc-998afb0d052a,f49e304b-4f59-4c1c-ac5b-887007ba69ae,4a34d97b-5369-472a-af58-6f8ac506a747,2026-01-08 00:26:54.724980,wave,38.1,paintbrush,78.94,48.06
6044d64e-e67d-445b-93e2-b6896c9becf3,f49e304b-4f59-4c1c-ac5b-887007ba69ae,4a34d97b-5369-472a-af58-6f8ac506a747,2026-01-08 00:27:04.724980,explore,34.4,paintbrush,54.63,61.23
6b2ee545-49d4-40c3-b6bf-d65ae592f4cf,f49e304b-4f59-4c1c-ac5b-887007ba69ae,4a34d97b-5369-472a-af58-6f8ac506a747,2026-01-08 00:27:18.724980,explore,43.9,flower,62.63,47.9
45a60824-791e-4373-8464-0ae5ae9b5609,f49e304b-4f59-4c1c-ac5b-887007ba69ae,4a34d97b-5369-472a-af58-6f8ac506a747,2026-01-08 00:27:31.724980,wave,36.0,paintbrush,48.38,86.73
222b3dde-6bd0-444f-9d10-13660e3da659,f49e304b-4f59-4c1c-ac5b-887007ba69ae,4a34d97b-5369-472a-af58-6f8ac506a747,2026-01-08 00:27:47.724980,explore,43.8,flower,74.41,51.93
6a971ebd-6de3-45b1-b62f-7a3a3ddcba7c,0de35654-6e9e-4687-ada9-6d0397e574be,d5791149-2bfe-40c8-abe4-bc775bd550f5,2026-01-07 17:12:16.724980,explore,38.1,paintbrush,25.11,70.33
e3c62f61-6c62-4662-bf27-409e1c53efbb,0de35654-6e9e-4687-ada9-6d0397e574be,d5791149-2bfe-40c8-abe4-bc775bd550f5,2026-01-07 17:12:29.724980,wave,44.0,cube,93.37,78.22
c10c5274-025c-4222-80bf-3f0606871475,0de35654-6e9e-4687-ada9-6d0397e574be,d5791149-2bfe-40c8-abe4-bc775bd550f5,2026-01-07 17:12:59.724980,wave,46.4,flower,40.95,70.99
0f76cea4-04a4-4a9b-b3ce-d70a8b4ca94e,0de35654-6e9e-4687-ada9-6d0397e574be,d5791149-2bfe-40c8-abe4-bc775bd550f5,2026-01-07 17:13:22.724980,explore,40.6,paintbrush,57.21,32.15
6e63669a-5864-40e3-b26f-e7b63801acc3,0de35654-6e9e-4687-ada9-6d0397e574be,d5791149-2bfe-40c8-abe4-bc775bd550f5,2026-01-07 17:13:47.724980,explore,36.9,paintbrush,84.91,88.19
f29c0e45-0f33-42e4-bd45-ba00c2c31e7e,0de35654-6e9e-4687-ada9-6d0397e574be,d5791149-2bfe-40c8-abe4-bc775bd550f5,2026-01-07 17:13:53.724980,wave,34.0,flower,62.43,68.69
1de2569c-aba7-46ef-b12d-0261a0a1b1d2,0de35654-6e9e-4687-ada9-6d0397e574be,d5791149-2bfe-40c8-abe4-bc775bd550f5,2026-01-07 17:14:15.724980,explore,41.8,flower,9.22,17.01
d0d74f81-18a3-49ad-a326-c462bc72d222,0de35654-6e9e-4687-ada9-6d0397e574be,d5791149-2bfe-40c8-abe4-bc775bd550f5,2026-01-07 17:14:20.724980,spawn_object,31.6,cube,92.77,89.07
093b972f-d0cf-41ab-81df-19e763b8efd1,0de35654-6e9e-4687-ada9-6d0397e574be,d5791149-2bfe-40c8-abe4-bc775bd550f5,2026-01-07 17:14:26.724980,explore,37.4,cube,19.02,2.15
bc51db2d-9574-4585-a2c7-8bb0cc652840,0de35654-6e9e-4687-ada9-6d0397e574be,d5791149-2bfe-40c8-abe4-bc775bd550f5,2026-01-07 17:14:50.724980,explore,35.8,flower,59.68,32.23
90cfb415-12ba-4562-9e5c-ac4c453b954b,0de35654-6e9e-4687-ada9-6d0397e574be,d5791149-2bfe-40c8-abe4-bc775bd550f5,2026-01-07 17:15:12.724980,spawn_object,26.6,paintbrush,98.95,62.73
1d63c2ad-17f4-4d30-9895-3a71663c0b27,0de35654-6e9e-4687-ada9-6d0397e574be,d5791149-2bfe-40c8-abe4-bc775bd550f5,2026-01-07 17:15:39.724980,explore,40.4,paintbrush,29.01,22.61
3a598ac8-12b6-41b0-aa42-fd11d91b5800,0de35654-6e9e-4687-ada9-6d0397e574be,d5791149-2bfe-40c8-abe4-bc775bd550f5,2026-01-07 17:15:56.724980,explore,37.7,cube,50.96,43.75
28754259-f920-4234-957f-67b7c18015ac,0de35654-6e9e-4687-ada9-6d0397e574be,d5791149-2bfe-40c8-abe4-bc775bd550f5,2026-01-07 17:16:20.724980,spawn_object,37.0,flower,22.8,91.91
ae1fb302-4656-48bf-8ae9-26f6c9c8d596,0de35654-6e9e-4687-ada9-6d0397e574be,d5791149-2bfe-40c8-abe4-bc775bd550f5,2026-01-07 17:16:48.724980,explore,41.0,flower,71.36,40.0
c090561c-a8c0-4a3e-a8ba-ae9fbfc77503,0de35654-6e9e-4687-ada9-6d0397e574be,d5791149-2bfe-40c8-abe4-bc775bd550f5,2026-01-07 17:16:55.724980,explore,37.5,flower,32.66,13.31
f9aa8ada-303f-4b87-9a46-b9b4f19fc6e2,0de35654-6e9e-4687-ada9-6d0397e574be,d5791149-2bfe-40c8-abe4-bc775bd550f5,2026-01-07 17:17:04.724980,explore,44.0,flower,16.61,5.64
b6ea1ef2-58d6-4b96-80ca-1abc24de2bdb,0de35654-6e9e-4687-ada9-6d0397e574be,d5791149-2bfe-40c8-abe4-bc775bd550f5,2026-01-07 17:17:11.724980,explore,38.5,paintbrush,35.49,90.49
2d668b08-241f-4472-ae41-51c8716f59d8,0de35654-6e9e-4687-ada9-6d0397e574be,d5791149-2bfe-40c8-abe4-bc775bd550f5,2026-01-07 17:17:25.724980,explore,38.6,cube,96.53,82.62
5d220c1d-e752-4bd7-9363-9180ab27e0d5,0de35654-6e9e-4687-ada9-6d0397e574be,d5791149-2bfe-40c8-abe4-bc775bd550f5,2026-01-07 17:17:45.724980,explore,37.9,cube,33.64,81.33
c277e493-74f9-404e-916f-eb6bf5ae1b5d,0de35654-6e9e-4687-ada9-6d0397e574be,d5791149-2bfe-40c8-abe4-bc775bd550f5,2026-01-07 17:18:06.724980,explore,40.4,flower,65.43,24.47
5dda51eb-46ca-4a42-bc53-75fd2946555f,0de35654-6e9e-4687-ada9-6d0397e574be,d5791149-2bfe-40c8-abe4-bc775bd550f5,2026-01-07 17:18:32.724980,explore,31.6,cube,68.75,5.39
20be94b4-b17e-4915-8807-2554f2cbc677,0de35654-6e9e-4687-ada9-6d0397e574be,d5791149-2bfe-40c8-abe4-bc775bd550f5,2026-01-07 17:18:40.724980,explore,41.9,cube,32.56,78.5
8f96ed70-84a8-4ee6-bee2-7f6d5afefb86,0de35654-6e9e-4687-ada9-6d0397e574be,d5791149-2bfe-40c8-abe4-bc775bd550f5,2026-01-07 17:18:56.724980,explore,48.8,flower,57.33,75.25
91e51bb2-842f-49c2-8e61-af3eefead194,323da4d9-c395-4095-8463-e5a705475d34,30223711-c207-420f-8e52-277a2d394d2e,2026-01-08 02:19:31.724980,explore,39.3,paintbrush,2.37,22.1
ee644f49-a962-4a8d-a084-e51500759d66,323da4d9-c395-4095-8463-e5a705475d34,30223711-c207-420f-8e52-277a2d394d2e,2026-01-08 02:19:49.724980,explore,39.8,flower,7.75,67.06
872a1ad0-1d73-45d8-b7c8-399511f7de54,323da4d9-c395-4095-8463-e5a705475d34,30223711-c207-420f-8e52-277a2d394d2e,2026-01-08 02:19:57.724980,explore,22.9,paintbrush,83.65,78.62
e685f905-ea41-463a-996f-b528453d62a9,323da4d9-c395-4095-8463-e5a705475d34,30223711-c207-420f-8e52-277a2d394d2e,2026-01-08 02:20:22.724980,wave,38.2,flower,24.76,61.15
1e4ca8a3-3117-4cb9-80ff-8c8594dd5583,323da4d9-c395-4095-8463-e5a705475d34,30223711-c207-420f-8e52-277a2d394d2e,2026-01-08 02:20:29.724980,spawn_object,40.9,flower,42.88,90.9
c1a1aeb5-acb8-4846-b5a0-2f975ea70356,323da4d9-c395-4095-8463-e5a705475d34,30223711-c207-420f-8e52-277a2d394d2e,2026-01-08 02:20:59.724980,explore,42.5,flower,76.09,51.52
603cd8d0-d37b-46e3-a475-2ca808bd4859,323da4d9-c395-4095-8463-e5a705475d34,30223711-c207-420f-8e52-277a2d394d2e,2026-01-08 02:21:26.724980,explore,36.8,flower,94.88,99.81
82338893-f375-4d64-83dd-3aa9b1208a5b,323da4d9-c395-4095-8463-e5a705475d34,30223711-c207-420f-8e52-277a2d394d2e,2026-01-08 02:21:50.724980,explore,41.3,paintbrush,80.74,62.81
4619dd82-546f-43af-a62b-de6575697e60,323da4d9-c395-4095-8463-e5a705475d34,30223711-c207-420f-8e52-277a2d394d2e,2026-01-08 02:22:09.724980,explore,37.4,flower,99.84,54.2
fa354288-940e-4950-9c48-8288bf7b99d9,323da4d9-c395-4095-8463-e5a705475d34,30223711-c207-420f-8e52-277a2d394d2e,2026-01-08 02:22:14.724980,explore,41.1,flower,61.37,50.8
e58d6d93-e71e-4fa3-8807-fb2972eb2867,323da4d9-c395-4095-8463-e5a705475d34,30223711-c207-420f-8e52-277a2d394d2e,2026-01-08 02:22:28.724980,explore,39.2,flower,54.02,75.19
24e7941a-942e-4d41-a59a-27f7b1b8b4d5,323da4d9-c395-4095-8463-e5a705475d34,30223711-c207-420f-8e52-277a2d394d2e,2026-01-08 02:22:34.724980,explore,46.0,flower,69.51,66.89
48055c97-3109-40d6-bd43-20b1c2dd03ea,323da4d9-c395-4095-8463-e5a705475d34,30223711-c207-420f-8e52-277a2d394d2e,2026-01-08 02:23:01.724980,explore,38.7,paintbrush,37.12,94.48
dce6c4ca-5837-484d-ad18-adf84ed9317a,323da4d9-c395-4095-8463-e5a705475d34,30223711-c207-420f-8e52-277a2d394d2e,2026-01-08 02:23:26.724980,explore,35.2,flower,35.99,8.62
005cc2e7-f895-4fff-9c78-a008cb388013,323da4d9-c395-4095-8463-e5a705475d34,30223711-c207-420f-8e52-277a2d394d2e,2026-01-08 02:23:48.724980,explore,46.3,paintbrush,90.39,51.18
ed8510a6-1f67-4455-8d3b-a93d2b426163,323da4d9-c395-4095-8463-e5a705475d34,30223711-c207-420f-8e52-277a2d394d2e,2026-01-08 02:24:00.724980,explore,41.6,paintbrush,84.77,35.88
4af6a445-847b-4c0d-9c81-4f6ac6e518da,323da4d9-c395-4095-8463-e5a705475d34,30223711-c207-420f-8e52-277a2d394d2e,2026-01-08 02:24:06.724980,explore,31.2,paintbrush,49.58,97.15
70688171-bd14-452a-9250-4008c43a35d1,323da4d9-c395-4095-8463-e5a705475d34,30223711-c207-420f-8e52-277a2d394d2e,2026-01-08 02:24:16.724980,explore,41.2,cube,32.82,44.91
8a2f8a6a-c0c4-4d38-8efb-3a470ae0e112,323da4d9-c395-4095-8463-e5a705475d34,30223711-c207-420f-8e52-277a2d394d2e,2026-01-08 02:24:41.724980,explore,36.1,flower,33.37,4.11
635c010e-beef-4be2-8c69-8f273e17b0f6,323da4d9-c395-4095-8463-e5a705475d34,30223711-c207-420f-8e52-277a2d394d2e,2026-01-08 02:25:00.724980,spawn_object,40.7,cube,2.84,67.42
78f28ec1-c097-426b-9da2-b0ac3f2d79f1,323da4d9-c395-4095-8463-e5a705475d34,30223711-c207-420f-8e52-277a2d394d2e,2026-01-08 02:25:05.724980,explore,37.4,paintbrush,76.23,98.23
c96c00fe-1e8d-495a-96fa-9d80149cb59f,323da4d9-c395-4095-8463-e5a705475d34,30223711-c207-420f-8e52-277a2d394d2e,2026-01-08 02:25:28.724980,wave,40.5,paintbrush,94.31,58.2
c9b3b27e-e67b-4fa4-970f-8ebc53692f9f,323da4d9-c395-4095-8463-e5a705475d34,30223711-c207-420f-8e52-277a2d394d2e,2026-01-08 02:25:47.724980,wave,42.2,paintbrush,49.18,56.15
68ed938f-d664-4dcf-9c4d-0c6f8a973d9c,323da4d9-c395-4095-8463-e5a705475d34,30223711-c207-420f-8e52-277a2d394d2e,2026-01-08 02:26:08.724980,explore,45.0,paintbrush,68.99,62.39
59d71e9f-a478-43ce-b770-e9099adf195a,323da4d9-c395-4095-8463-e5a705475d34,30223711-c207-420f-8e52-277a2d394d2e,2026-01-08 02:26:32.724980,wave,37.1,paintbrush,23.39,21.43
3eee6500-f8fe-4aa6-9af8-b0d113c92360,323da4d9-c395-4095-8463-e5a705475d34,30223711-c207-420f-8e52-277a2d394d2e,2026-01-08 02:26:37.724980,explore,45.7,paintbrush,94.79,79.98
b01ca812-6330-45e4-9fce-5ae48074cc0f,323da4d9-c395-4095-8463-e5a705475d34,30223711-c207-420f-8e52-277a2d394d2e,2026-01-08 02:27:00.724980,wave,35.6,paintbrush,47.04,4.08
b4f01c65-4568-4389-9a1b-5789b8080f1c,fca6bc4a-6813-4555-bf86-44e71e4d8027,1d28b9db-280e-44c4-9873-1b1c26da190f,2026-01-08 03:43:15.724980,explore,46.8,paintbrush,10.97,21.38
d04a8b8f-a027-46e3-b9cc-0b9d5e8efa93,fca6bc4a-6813-4555-bf86-44e71e4d8027,1d28b9db-280e-44c4-9873-1b1c26da190f,2026-01-08 03:43:29.724980,explore,45.8,cube,67.29,4.57
75cff0e5-a89f-4f77-a917-a1e8ededc910,fca6bc4a-6813-4555-bf86-44e71e4d8027,1d28b9db-280e-44c4-9873-1b1c26da190f,2026-01-08 03:43:43.724980,explore,43.3,flower,22.94,66.7
da8c32fe-04f5-4684-aa94-7432e3b92026,fca6bc4a-6813-4555-bf86-44e71e4d8027,1d28b9db-280e-44c4-9873-1b1c26da190f,2026-01-08 03:44:00.724980,spawn_object,41.8,cube,89.6,41.8
75659316-50f2-4570-b2f9-16b3032d434a,fca6bc4a-6813-4555-bf86-44e71e4d8027,1d28b9db-280e-44c4-9873-1b1c26da190f,2026-01-08 03:44:14.724980,spawn_object,37.0,flower,66.38,31.64
464dc827-f332-4200-a381-a6ede123de4c,fca6bc4a-6813-4555-bf86-44e71e4d8027,1d28b9db-280e-44c4-9873-1b1c26da190f,2026-01-08 03:44:25.724980,spawn_object,50.4,paintbrush,18.53,38.6
8f6cb9fb-237a-438d-bb1d-a4f0d2f715d4,fca6bc4a-6813-4555-bf86-44e71e4d8027,1d28b9db-280e-44c4-9873-1b1c26da190f,2026-01-08 03:44:42.724980,explore,34.7,cube,33.04,91.88
20190724-ef1e-4c98-b616-44d55f65aea2,fca6bc4a-6813-4555-bf86-44e71e4d8027,1d28b9db-280e-44c4-9873-1b1c26da190f,2026-01-08 03:44:53.724980,spawn_object,45.8,flower,48.61,90.21
98bd9f8d-9773-4d9c-bd5d-6d74e14a6a09,fca6bc4a-6813-4555-bf86-44e71e4d8027,1d28b9db-280e-44c4-9873-1b1c26da190f,2026-01-08 03:45:05.724980,explore,44.4,paintbrush,26.04,33.35
c9375b35-f040-43a7-97c3-ae287a975bc7,fca6bc4a-6813-4555-bf86-44e71e4d8027,1d28b9db-280e-44c4-9873-1b1c26da190f,2026-01-08 03:45:22.724980,explore,41.6,flower,50.82,45.34
6992c846-18b7-4d13-9462-0d80a0aa26a8,fca6bc4a-6813-4555-bf86-44e71e4d8027,1d28b9db-280e-44c4-9873-1b1c26da190f,2026-01-08 03:45:43.724980,wave,42.1,flower,55.73,33.88
2b26734c-7f2d-47c0-a8b7-77f971c6ee71,fca6bc4a-6813-4555-bf86-44e71e4d8027,1d28b9db-280e-44c4-9873-1b1c26da190f,2026-01-08 03:46:13.724980,wave,42.2,cube,23.24,4.73
7cb3e99d-1f0d-4d65-b15d-e085d4bc03a6,fca6bc4a-6813-4555-bf86-44e71e4d8027,1d28b9db-280e-44c4-9873-1b1c26da190f,2026-01-08 03:46:21.724980,wave,39.0,flower,6.63,95.76
ffa0d2fe-dfdd-4875-b56b-ce8f8349cbdd,fca6bc4a-6813-4555-bf86-44e71e4d8027,1d28b9db-280e-44c4-9873-1b1c26da190f,2026-01-08 03:46:37.724980,wave,28.8,flower,71.89,82.27
b2ac9506-860a-4a0f-b8b2-5f876cc4be4a,fca6bc4a-6813-4555-bf86-44e71e4d8027,1d28b9db-280e-44c4-9873-1b1c26da190f,2026-01-08 03:46:55.724980,explore,40.6,cube,19.58,48.1
c649454d-32a6-4ce0-9bde-8ea186bec1e7,fca6bc4a-6813-4555-bf86-44e71e4d8027,1d28b9db-280e-44c4-9873-1b1c26da190f,2026-01-08 03:47:10.724980,wave,45.0,cube,56.88,74.95
11c60b98-abef-4bf3-8eb0-94c3affdfda7,fca6bc4a-6813-4555-bf86-44e71e4d8027,1d28b9db-280e-44c4-9873-1b1c26da190f,2026-01-08 03:47:35.724980,spawn_object,35.7,cube,13.39,95.47
fb39b11a-3850-4a23-b3e7-cab708f50e95,fca6bc4a-6813-4555-bf86-44e71e4d8027,1d28b9db-280e-44c4-9873-1b1c26da190f,2026-01-08 03:48:05.724980,spawn_object,37.3,flower,50.81,70.76
d6470c9d-9536-49a3-b33e-0ff4884f59ec,fca6bc4a-6813-4555-bf86-44e71e4d8027,1d28b9db-280e-44c4-9873-1b1c26da190f,2026-01-08 03:48:35.724980,wave,39.2,flower,34.28,49.67
127904a2-f2e4-4e6e-93ed-65c4f6b457c3,fca6bc4a-6813-4555-bf86-44e71e4d8027,1d28b9db-280e-44c4-9873-1b1c26da190f,2026-01-08 03:49:00.724980,explore,36.6,flower,8.46,96.55
e597afd6-b73f-4125-9b56-14f7306b9be2,fca6bc4a-6813-4555-bf86-44e71e4d8027,1d28b9db-280e-44c4-9873-1b1c26da190f,2026-01-08 03:49:25.724980,explore,41.2,paintbrush,36.6,89.15
c814afc2-7c2f-4445-b893-0411b9e20758,fca6bc4a-6813-4555-bf86-44e71e4d8027,1d28b9db-280e-44c4-9873-1b1c26da190f,2026-01-08 03:49:47.724980,explore,38.4,cube,94.09,63.43
75dfc2c2-c83e-4465-9f77-991cbc0b6513,fca6bc4a-6813-4555-bf86-44e71e4d8027,1d28b9db-280e-44c4-9873-1b1c26da190f,2026-01-08 03:50:07.724980,wave,43.5,cube,25.64,42.46
10e7463d-86f4-40fd-bb60-5b7f651b5158,fca6bc4a-6813-4555-bf86-44e71e4d8027,1d28b9db-280e-44c4-9873-1b1c26da190f,2026-01-08 03:50:13.724980,explore,44.3,flower,64.59,89.38
d137145b-665a-4794-b12e-30e7bc4e3d5c,fca6bc4a-6813-4555-bf86-44e71e4d8027,1d28b9db-280e-44c4-9873-1b1c26da190f,2026-01-08 03:50:32.724980,explore,36.1,paintbrush,98.98,60.32
b006a7a2-18b2-4ccf-9d5d-b2bb62972feb,fca6bc4a-6813-4555-bf86-44e71e4d8027,1d28b9db-280e-44c4-9873-1b1c26da190f,2026-01-08 03:50:38.724980,explore,38.4,flower,53.02,40.04
8de46b81-b2a5-4f04-a56b-52e185585d52,fc456c5f-6b9b-4932-acb2-dc7c22768d02,f32f93ba-cad0-4bee-aa3b-91c930018122,2026-01-07 17:22:30.724980,wave,38.8,cube,23.94,86.75
fd56e0c9-313d-4744-abb1-bd1247e331e6,fc456c5f-6b9b-4932-acb2-dc7c22768d02,f32f93ba-cad0-4bee-aa3b-91c930018122,2026-01-07 17:22:48.724980,wave,42.0,flower,52.25,78.36
1735d1b2-5af0-473b-86e5-16b5de006afb,fc456c5f-6b9b-4932-acb2-dc7c22768d02,f32f93ba-cad0-4bee-aa3b-91c930018122,2026-01-07 17:23:14.724980,spawn_object,41.1,paintbrush,72.08,14.36
3981fec3-2afa-4124-9930-b9d7f2f3a983,fc456c5f-6b9b-4932-acb2-dc7c22768d02,f32f93ba-cad0-4bee-aa3b-91c930018122,2026-01-07 17:23:36.724980,wave,40.1,flower,90.66,36.48
e2c75cd6-d20d-4bb4-883f-9b3578cdcd19,fc456c5f-6b9b-4932-acb2-dc7c22768d02,f32f93ba-cad0-4bee-aa3b-91c930018122,2026-01-07 17:23:52.724980,explore,41.4,flower,67.97,6.38
babb755a-7c68-49f6-bf00-944c30d3f9f6,fc456c5f-6b9b-4932-acb2-dc7c22768d02,f32f93ba-cad0-4bee-aa3b-91c930018122,2026-01-07 17:24:06.724980,explore,46.2,cube,40.29,59.05
f03257e0-ae64-4878-9c75-5ae54771386e,fc456c5f-6b9b-4932-acb2-dc7c22768d02,f32f93ba-cad0-4bee-aa3b-91c930018122,2026-01-07 17:24:18.724980,explore,42.3,paintbrush,7.26,17.38
3afda3bb-77c6-41fb-9027-3a1b4b80401d,fc456c5f-6b9b-4932-acb2-dc7c22768d02,f32f93ba-cad0-4bee-aa3b-91c930018122,2026-01-07 17:24:47.724980,explore,40.4,paintbrush,1.53,28.66
e0eab536-3a10-4218-aca6-ebeff05c8805,fc456c5f-6b9b-4932-acb2-dc7c22768d02,f32f93ba-cad0-4bee-aa3b-91c930018122,2026-01-07 17:25:12.724980,explore,29.4,flower,7.98,61.67
de392dae-71ad-4b97-9394-ab305dea8022,fc456c5f-6b9b-4932-acb2-dc7c22768d02,f32f93ba-cad0-4bee-aa3b-91c930018122,2026-01-07 17:25:35.724980,spawn_object,35.4,cube,15.72,51.82
2b2ab5f9-7a52-481a-bd67-004c03e4edb0,fc456c5f-6b9b-4932-acb2-dc7c22768d02,f32f93ba-cad0-4bee-aa3b-91c930018122,2026-01-07 17:26:02.724980,wave,54.2,flower,1.27,77.18
9ee930ac-b9ca-44bf-826f-7086698d21c6,fc456c5f-6b9b-4932-acb2-dc7c22768d02,f32f93ba-cad0-4bee-aa3b-91c930018122,2026-01-07 17:26:15.724980,explore,44.5,paintbrush,2.45,91.45
999604a7-4ed5-4c4e-99cd-5e2f5baa4b03,fc456c5f-6b9b-4932-acb2-dc7c22768d02,f32f93ba-cad0-4bee-aa3b-91c930018122,2026-01-07 17:26:45.724980,explore,34.7,cube,30.43,77.27
79538dc5-3c81-4f6c-916d-5500b4ae8201,fc456c5f-6b9b-4932-acb2-dc7c22768d02,f32f93ba-cad0-4bee-aa3b-91c930018122,2026-01-07 17:26:52.724980,spawn_object,34.9,paintbrush,57.51,66.94
e5de8114-1645-420e-adb5-5d1afffb23ea,fc456c5f-6b9b-4932-acb2-dc7c22768d02,f32f93ba-cad0-4bee-aa3b-91c930018122,2026-01-07 17:27:12.724980,explore,43.1,paintbrush,38.46,67.92
43fcc2fa-4ca9-42da-8280-56de961976f6,fc456c5f-6b9b-4932-acb2-dc7c22768d02,f32f93ba-cad0-4bee-aa3b-91c930018122,2026-01-07 17:27:35.724980,spawn_object,41.5,cube,78.48,23.62
04a1249f-15f9-4358-9f98-add40fe8b83d,fc456c5f-6b9b-4932-acb2-dc7c22768d02,f32f93ba-cad0-4bee-aa3b-91c930018122,2026-01-07 17:28:04.724980,wave,37.1,cube,14.41,38.87
3c661067-0ed6-49d0-a0a6-83f2a8fc8913,fc456c5f-6b9b-4932-acb2-dc7c22768d02,f32f93ba-cad0-4bee-aa3b-91c930018122,2026-01-07 17:28:32.724980,explore,46.9,cube,6.01,89.88
c47dab63-b187-478d-9b02-def86b5e70b6,fc456c5f-6b9b-4932-acb2-dc7c22768d02,f32f93ba-cad0-4bee-aa3b-91c930018122,2026-01-07 17:28:52.724980,explore,46.4,flower,71.01,38.44
4399994a-f18a-4b51-afcd-032096868170,fc456c5f-6b9b-4932-acb2-dc7c22768d02,f32f93ba-cad0-4bee-aa3b-91c930018122,2026-01-07 17:29:14.724980,explore,38.4,cube,3.33,93.7
ddd51c33-1943-41b6-9537-09b1c1361b45,fc456c5f-6b9b-4932-acb2-dc7c22768d02,f32f93ba-cad0-4bee-aa3b-91c930018122,2026-01-07 17:29:41.724980,explore,33.9,flower,9.12,60.57
233dcad7-a981-4846-96b1-7da7e87b86cb,fc456c5f-6b9b-4932-acb2-dc7c22768d02,f32f93ba-cad0-4bee-aa3b-91c930018122,2026-01-07 17:30:10.724980,spawn_object,41.8,cube,99.73,46.2
4daf91c0-475a-436c-9e1d-ee729ad03155,fc456c5f-6b9b-4932-acb2-dc7c22768d02,f32f93ba-cad0-4bee-aa3b-91c930018122,2026-01-07 17:30:39.724980,wave,40.7,paintbrush,62.88,63.8
5dac4d62-75fc-42e5-880f-611df198b4cd,fc456c5f-6b9b-4932-acb2-dc7c22768d02,f32f93ba-cad0-4bee-aa3b-91c930018122,2026-01-07 17:30:57.724980,explore,35.2,cube,67.75,57.36
742b8e9b-ebaf-430d-8e29-6805425711f4,fc456c5f-6b9b-4932-acb2-dc7c22768d02,f32f93ba-cad0-4bee-aa3b-91c930018122,2026-01-07 17:31:04.724980,explore,40.7,flower,62.72,61.34
3315dfa1-9763-4a8f-a8da-7aee3583a545,401f7b5f-8378-47b9-98ab-996ec0003c62,adbdf661-2b04-47a7-a35c-d04351a78168,2026-01-08 06:48:20.724980,explore,35.9,flower,85.1,16.67
78d565de-218a-4588-9173-d8aee3465cce,401f7b5f-8378-47b9-98ab-996ec0003c62,adbdf661-2b04-47a7-a35c-d04351a78168,2026-01-08 06:48:35.724980,wave,35.7,paintbrush,63.57,68.07
73b842cb-ba50-47fa-a0b3-a0ec850d30c6,401f7b5f-8378-47b9-98ab-996ec0003c62,adbdf661-2b04-47a7-a35c-d04351a78168,2026-01-08 06:49:03.724980,explore,49.1,paintbrush,37.0,98.0
b6ae488b-7464-41bb-815b-40321f9b478a,401f7b5f-8378-47b9-98ab-996ec0003c62,adbdf661-2b04-47a7-a35c-d04351a78168,2026-01-08 06:49:14.724980,explore,50.3,flower,36.36,44.34
61a0f2b2-f5b8-45fa-a5c9-0d531c00e132,401f7b5f-8378-47b9-98ab-996ec0003c62,adbdf661-2b04-47a7-a35c-d04351a78168,2026-01-08 06:49:22.724980,explore,47.7,cube,56.09,92.65
a2977bf5-39bc-4713-bd3d-2ecfd6e9f282,401f7b5f-8378-47b9-98ab-996ec0003c62,adbdf661-2b04-47a7-a35c-d04351a78168,2026-01-08 06:49:27.724980,explore,41.0,paintbrush,70.8,97.3
c048f883-6369-441f-92e0-06dd2bd13103,401f7b5f-8378-47b9-98ab-996ec0003c62,adbdf661-2b04-47a7-a35c-d04351a78168,2026-01-08 06:49:39.724980,spawn_object,31.6,cube,46.75,27.96
eb4377b1-69f6-4dbd-a71b-1bb29c5a260e,401f7b5f-8378-47b9-98ab-996ec0003c62,adbdf661-2b04-47a7-a35c-d04351a78168,2026-01-08 06:49:49.724980,explore,50.3,flower,85.95,6.21
eb5e4b69-a3ea-4522-9673-aa939eed142e,401f7b5f-8378-47b9-98ab-996ec0003c62,adbdf661-2b04-47a7-a35c-d04351a78168,2026-01-08 06:50:08.724980,wave,25.7,paintbrush,95.39,50.69
0b1388ec-e942-4c03-9756-b2d942ba760a,401f7b5f-8378-47b9-98ab-996ec0003c62,adbdf661-2b04-47a7-a35c-d04351a78168,2026-01-08 06:50:14.724980,wave,40.4,flower,72.89,43.7
013363bb-c93e-4655-8ee1-9ac6ebf0eb67,401f7b5f-8378-47b9-98ab-996ec0003c62,adbdf661-2b04-47a7-a35c-d04351a78168,2026-01-08 06:50:36.724980,explore,43.6,cube,86.36,20.83
6950f574-ce7a-4513-8403-b09e68e3eec1,401f7b5f-8378-47b9-98ab-996ec0003c62,adbdf661-2b04-47a7-a35c-d04351a78168,2026-01-08 06:50:43.724980,explore,42.9,flower,41.24,11.08
d5ad7e5f-28bb-4344-b6b5-8f68e18e0500,401f7b5f-8378-47b9-98ab-996ec0003c62,adbdf661-2b04-47a7-a35c-d04351a78168,2026-01-08 06:51:03.724980,explore,41.7,flower,3.59,35.51
d8cd6b5d-6a02-49f6-a158-5a6818a59840,401f7b5f-8378-47b9-98ab-996ec0003c62,adbdf661-2b04-47a7-a35c-d04351a78168,2026-01-08 06:51:19.724980,wave,43.7,paintbrush,62.24,58.66
91d732ee-f962-4451-b332-503453a905a7,401f7b5f-8378-47b9-98ab-996ec0003c62,adbdf661-2b04-47a7-a35c-d04351a78168,2026-01-08 06:51:27.724980,explore,45.7,paintbrush,77.26,1.1
4b69fb39-1b19-4ede-a7f7-a1a9ce82e2c2,401f7b5f-8378-47b9-98ab-996ec0003c62,adbdf661-2b04-47a7-a35c-d04351a78168,2026-01-08 06:51:53.724980,explore,38.5,cube,90.99,79.29
57507eab-1297-4163-8fb8-6bc80876a448,401f7b5f-8378-47b9-98ab-996ec0003c62,adbdf661-2b04-47a7-a35c-d04351a78168,2026-01-08 06:52:06.724980,explore,47.1,cube,13.64,85.14
8e55b151-33fe-4bb7-9844-2cf268f387c2,401f7b5f-8378-47b9-98ab-996ec0003c62,adbdf661-2b04-47a7-a35c-d04351a78168,2026-01-08 06:52:26.724980,explore,38.8,paintbrush,21.83,42.91
cf75fdae-1dba-4f7c-aade-80ba46971ff7,401f7b5f-8378-47b9-98ab-996ec0003c62,adbdf661-2b04-47a7-a35c-d04351a78168,2026-01-08 06:52:45.724980,explore,39.3,paintbrush,6.92,82.25
be3361a8-51aa-4e8b-ba32-637be7814ad1,d4a2f367-e914-41d8-8e17-fe41812a3a0c,2dad0346-e0c8-46a3-957d-05cfdce2036b,2026-01-07 16:50:31.724980,wave,47.3,paintbrush,79.18,58.31
b38a3ee9-cabc-4e56-a92f-6f99fd9c4fda,d4a2f367-e914-41d8-8e17-fe41812a3a0c,2dad0346-e0c8-46a3-957d-05cfdce2036b,2026-01-07 16:50:50.724980,explore,39.7,flower,3.26,88.03
3ad36ab1-8293-4f0f-8842-708cc47abe1e,d4a2f367-e914-41d8-8e17-fe41812a3a0c,2dad0346-e0c8-46a3-957d-05cfdce2036b,2026-01-07 16:51:00.724980,explore,41.1,flower,76.38,94.75
c326e0e3-7588-4035-87fa-27c48494a8e3,d4a2f367-e914-41d8-8e17-fe41812a3a0c,2dad0346-e0c8-46a3-957d-05cfdce2036b,2026-01-07 16:51:30.724980,explore,43.2,flower,60.15,20.94
c7d0cb21-ec93-4d48-b2aa-0ee939df9114,d4a2f367-e914-41d8-8e17-fe41812a3a0c,2dad0346-e0c8-46a3-957d-05cfdce2036b,2026-01-07 16:51:51.724980,explore,48.1,flower,84.18,42.43
7a93f384-d86c-43ce-b58b-c5dd9995da9e,d4a2f367-e914-41d8-8e17-fe41812a3a0c,2dad0346-e0c8-46a3-957d-05cfdce2036b,2026-01-07 16:52:04.724980,explore,42.6,flower,34.51,63.73
4da8299f-a42f-4743-9c4e-dde8610786aa,d4a2f367-e914-41d8-8e17-fe41812a3a0c,2dad0346-e0c8-46a3-957d-05cfdce2036b,2026-01-07 16:52:29.724980,explore,46.3,cube,24.34,65.22
db989672-47f9-438e-9cb9-f59d9af4a8fb,d4a2f367-e914-41d8-8e17-fe41812a3a0c,2dad0346-e0c8-46a3-957d-05cfdce2036b,2026-01-07 16:52:37.724980,explore,47.5,paintbrush,79.55,1.54
f816dff6-ad4d-4b41-bcab-41757fd8bf29,d4a2f367-e914-41d8-8e17-fe41812a3a0c,2dad0346-e0c8-46a3-957d-05cfdce2036b,2026-01-07 16:52:53.724980,explore,35.7,paintbrush,16.29,65.35
5fe28782-a264-448d-8de3-b14031f60aa7,d4a2f367-e914-41d8-8e17-fe41812a3a0c,2dad0346-e0c8-46a3-957d-05cfdce2036b,2026-01-07 16:53:07.724980,wave,38.4,paintbrush,21.66,79.35
fdb121dc-6136-4aa9-aaf3-1c3deb3cb253,d4a2f367-e914-41d8-8e17-fe41812a3a0c,2dad0346-e0c8-46a3-957d-05cfdce2036b,2026-01-07 16:53:18.724980,explore,34.9,flower,88.95,29.19
353cf3a3-10cf-412a-877a-4ffb27c38d07,d4a2f367-e914-41d8-8e17-fe41812a3a0c,2dad0346-e0c8-46a3-957d-05cfdce2036b,2026-01-07 16:53:26.724980,wave,42.9,flower,76.53,41.07
5b694655-1e63-44c5-b190-3e4d6296e6d3,d4a2f367-e914-41d8-8e17-fe41812a3a0c,2dad0346-e0c8-46a3-957d-05cfdce2036b,2026-01-07 16:53:54.724980,explore,40.9,flower,41.49,92.05
610d88ba-4f5e-4101-86c0-c3e1d7b869d1,d4a2f367-e914-41d8-8e17-fe41812a3a0c,2dad0346-e0c8-46a3-957d-05cfdce2036b,2026-01-07 16:54:11.724980,explore,36.1,flower,77.47,18.92
72244e24-c2c1-43ae-b633-fac8c36981fe,d4a2f367-e914-41d8-8e17-fe41812a3a0c,2dad0346-e0c8-46a3-957d-05cfdce2036b,2026-01-07 16:54:40.724980,explore,44.6,cube,56.38,77.71
b2bb1d1c-6926-4eae-bc01-88734552bea7,d4a2f367-e914-41d8-8e17-fe41812a3a0c,2dad0346-e0c8-46a3-957d-05cfdce2036b,2026-01-07 16:55:00.724980,explore,29.6,flower,96.0,1.77
2999f15b-3b48-4120-99f7-d4eca0848d9a,d4a2f367-e914-41d8-8e17-fe41812a3a0c,2dad0346-e0c8-46a3-957d-05cfdce2036b,2026-01-07 16:55:09.724980,wave,50.0,flower,79.18,68.5
54fd130b-e374-4c06-832f-1773c4978c3b,d4a2f367-e914-41d8-8e17-fe41812a3a0c,2dad0346-e0c8-46a3-957d-05cfdce2036b,2026-01-07 16:55:20.724980,explore,50.2,paintbrush,49.29,27.62
2876fe6a-44e0-42b8-b9e5-0777906da277,d4a2f367-e914-41d8-8e17-fe41812a3a0c,2dad0346-e0c8-46a3-957d-05cfdce2036b,2026-01-07 16:55:27.724980,wave,40.5,flower,23.01,71.32
aa708cd3-08ab-4be1-ac47-bd4dfe0da2bc,d4a2f367-e914-41d8-8e17-fe41812a3a0c,2dad0346-e0c8-46a3-957d-05cfdce2036b,2026-01-07 16:55:44.724980,explore,38.6,cube,12.36,9.71
2ec95b4d-3fa9-4d61-9b24-0d54e62aa085,d4a2f367-e914-41d8-8e17-fe41812a3a0c,2dad0346-e0c8-46a3-957d-05cfdce2036b,2026-01-07 16:56:04.724980,explore,36.1,flower,58.38,82.79
85bc8006-af2e-4603-9d64-a8c835aaa6dc,d4a2f367-e914-41d8-8e17-fe41812a3a0c,2dad0346-e0c8-46a3-957d-05cfdce2036b,2026-01-07 16:56:19.724980,wave,41.0,cube,71.57,87.1
d350d4c4-9f2d-4557-bb1d-f5367c8ce559,d4a2f367-e914-41d8-8e17-fe41812a3a0c,2dad0346-e0c8-46a3-957d-05cfdce2036b,2026-01-07 16:56:30.724980,wave,42.9,flower,46.73,8.99
d2897240-4166-4838-b811-d557e0509c23,d4a2f367-e914-41d8-8e17-fe41812a3a0c,2dad0346-e0c8-46a3-957d-05cfdce2036b,2026-01-07 16:56:51.724980,spawn_object,41.8,cube,3.27,8.28
8977927b-57d7-4278-a8be-a4c3750f4498,13df3e36-a6e4-42b0-9104-6b069f0bd540,83974219-2f4d-47f6-aea0-d57373d3dacd,2026-01-07 21:21:12.724980,wave,42.4,cube,64.01,5.33
8530f2f7-9d98-4087-851a-7e96966a9209,13df3e36-a6e4-42b0-9104-6b069f0bd540,83974219-2f4d-47f6-aea0-d57373d3dacd,2026-01-07 21:21:39.724980,explore,52.8,cube,86.88,74.02
e05b5e99-3add-40d0-befb-39d64d2d4007,13df3e36-a6e4-42b0-9104-6b069f0bd540,83974219-2f4d-47f6-aea0-d57373d3dacd,2026-01-07 21:21:59.724980,spawn_object,37.9,paintbrush,70.38,0.94
5a0ad7f5-3502-4c47-b63f-d4a6b73819e1,13df3e36-a6e4-42b0-9104-6b069f0bd540,83974219-2f4d-47f6-aea0-d57373d3dacd,2026-01-07 21:22:16.724980,explore,44.5,cube,15.92,51.54
b841f4bf-b272-4717-a943-4327bcdc6bd3,13df3e36-a6e4-42b0-9104-6b069f0bd540,83974219-2f4d-47f6-aea0-d57373d3dacd,2026-01-07 21:22:29.724980,explore,34.9,cube,19.5,91.13
f25f486d-e17d-4757-8ce2-072067882cde,13df3e36-a6e4-42b0-9104-6b069f0bd540,83974219-2f4d-47f6-aea0-d57373d3dacd,2026-01-07 21:22:45.724980,explore,36.4,cube,23.34,29.69
fcaadf1b-c575-41de-b163-b1e08f62338f,13df3e36-a6e4-42b0-9104-6b069f0bd540,83974219-2f4d-47f6-aea0-d57373d3dacd,2026-01-07 21:23:02.724980,explore,35.8,paintbrush,61.21,77.71
2406f8e6-6f30-4b18-83cc-a339ab8c9ad5,13df3e36-a6e4-42b0-9104-6b069f0bd540,83974219-2f4d-47f6-aea0-d57373d3dacd,2026-01-07 21:23:18.724980,explore,34.0,flower,98.78,48.97
4a01078b-a053-420a-9751-a6242bd20132,13df3e36-a6e4-42b0-9104-6b069f0bd540,83974219-2f4d-47f6-aea0-d57373d3dacd,2026-01-07 21:23:48.724980,explore,48.2,cube,43.58,2.77
4a462af3-7c37-4888-bbc4-595aa4c9265a,13df3e36-a6e4-42b0-9104-6b069f0bd540,83974219-2f4d-47f6-aea0-d57373d3dacd,2026-01-07 21:24:01.724980,explore,35.7,cube,33.45,18.72
b74c1821-369c-4705-a7ed-8ed5f7b57934,13df3e36-a6e4-42b0-9104-6b069f0bd540,83974219-2f4d-47f6-aea0-d57373d3dacd,2026-01-07 21:24:23.724980,wave,44.4,paintbrush,20.46,66.74
1caf1a36-7f1b-4749-a456-5e32c43e81dd,13df3e36-a6e4-42b0-9104-6b069f0bd540,83974219-2f4d-47f6-aea0-d57373d3dacd,2026-01-07 21:24:52.724980,wave,36.4,flower,45.33,99.27
43d02707-588b-48de-8a1d-c24dc27737d1,13df3e36-a6e4-42b0-9104-6b069f0bd540,83974219-2f4d-47f6-aea0-d57373d3dacd,2026-01-07 21:25:16.724980,wave,37.3,flower,7.2,78.71
3f58ab20-527f-4005-9f23-02e683cf9bd5,13df3e36-a6e4-42b0-9104-6b069f0bd540,83974219-2f4d-47f6-aea0-d57373d3dacd,2026-01-07 21:25:33.724980,explore,37.6,paintbrush,51.18,59.37
32d5f4cc-11f7-4aed-b1b9-d2e2856bcae4,13df3e36-a6e4-42b0-9104-6b069f0bd540,83974219-2f4d-47f6-aea0-d57373d3dacd,2026-01-07 21:26:00.724980,explore,40.5,flower,58.16,29.27
e327dbc4-a071-4b4e-89b9-c54d430c46c6,13df3e36-a6e4-42b0-9104-6b069f0bd540,83974219-2f4d-47f6-aea0-d57373d3dacd,2026-01-07 21:26:28.724980,wave,37.1,cube,17.57,62.81
dd38d30d-e758-40b4-aca1-e9fb02ba0828,13df3e36-a6e4-42b0-9104-6b069f0bd540,83974219-2f4d-47f6-aea0-d57373d3dacd,2026-01-07 21:26:51.724980,explore,35.4,flower,64.36,89.59
17dc424a-261e-4114-987e-6324d5fda14b,13df3e36-a6e4-42b0-9104-6b069f0bd540,83974219-2f4d-47f6-aea0-d57373d3dacd,2026-01-07 21:27:19.724980,explore,39.5,flower,8.34,63.42
739d8d86-cad4-4d8d-8f3b-d0be1aedda75,13df3e36-a6e4-42b0-9104-6b069f0bd540,83974219-2f4d-47f6-aea0-d57373d3dacd,2026-01-07 21:27:42.724980,explore,49.4,flower,36.37,45.5
e3795a92-72fb-4b33-9f2f-822b8320a7ff,13df3e36-a6e4-42b0-9104-6b069f0bd540,83974219-2f4d-47f6-aea0-d57373d3dacd,2026-01-07 21:27:59.724980,explore,35.2,cube,15.74,46.32
3aaa5eca-f201-44b9-80b6-9fed084db6e0,13df3e36-a6e4-42b0-9104-6b069f0bd540,83974219-2f4d-47f6-aea0-d57373d3dacd,2026-01-07 21:28:27.724980,explore,44.3,paintbrush,62.87,95.93
7d80b804-2691-45c1-96ea-7ce606ac7231,13df3e36-a6e4-42b0-9104-6b069f0bd540,83974219-2f4d-47f6-aea0-d57373d3dacd,2026-01-07 21:28:39.724980,explore,33.6,flower,94.0,37.56
c89dcca6-99da-43f8-80c1-67a6fa6b4e3b,13df3e36-a6e4-42b0-9104-6b069f0bd540,83974219-2f4d-47f6-aea0-d57373d3dacd,2026-01-07 21:28:49.724980,wave,47.1,paintbrush,8.16,13.78
aea51ffd-8802-429d-9ff1-01d7cc597c94,13df3e36-a6e4-42b0-9104-6b069f0bd540,83974219-2f4d-47f6-aea0-d57373d3dacd,2026-01-07 21:28:59.724980,explore,47.7,flower,23.82,18.1
9ba63040-1be5-4398-b11b-30bdbffbd86a,9e4f3d6f-ba64-4a09-a0e0-389ad1475514,49bc7e80-b9f9-4247-ad26-f58bc8442809,2026-01-07 23:12:17.724980,explore,39.8,flower,13.92,88.72
a398669b-382e-4d07-b529-64e7a935065d,9e4f3d6f-ba64-4a09-a0e0-389ad1475514,49bc7e80-b9f9-4247-ad26-f58bc8442809,2026-01-07 23:12:39.724980,explore,31.8,flower,48.27,9.16
1b2a7571-9f2e-401a-b56e-83602557027f,9e4f3d6f-ba64-4a09-a0e0-389ad1475514,49bc7e80-b9f9-4247-ad26-f58bc8442809,2026-01-07 23:12:56.724980,explore,33.1,paintbrush,47.15,47.62
247e7739-70bc-44bd-a787-baa51ab4bc80,9e4f3d6f-ba64-4a09-a0e0-389ad1475514,49bc7e80-b9f9-4247-ad26-f58bc8442809,2026-01-07 23:13:07.724980,explore,41.9,paintbrush,7.79,92.5
fe79923d-fd7c-40ed-ab11-62d4eb0a8d40,9e4f3d6f-ba64-4a09-a0e0-389ad1475514,49bc7e80-b9f9-4247-ad26-f58bc8442809,2026-01-07 23:13:37.724980,wave,40.3,cube,67.34,0.0
a30367fe-626e-4452-92cf-62431e9f6b87,9e4f3d6f-ba64-4a09-a0e0-389ad1475514,49bc7e80-b9f9-4247-ad26-f58bc8442809,2026-01-07 23:13:50.724980,wave,43.5,flower,63.53,32.75
02e80319-0679-4af7-b6cb-069f5ef73894,9e4f3d6f-ba64-4a09-a0e0-389ad1475514,49bc7e80-b9f9-4247-ad26-f58bc8442809,2026-01-07 23:14:17.724980,explore,39.6,paintbrush,57.23,64.25
e9cd8600-7eae-477d-b9f5-f822869f15e4,9e4f3d6f-ba64-4a09-a0e0-389ad1475514,49bc7e80-b9f9-4247-ad26-f58bc8442809,2026-01-07 23:14:30.724980,explore,41.4,cube,89.69,59.03
ff88c88a-7581-46ad-9982-8dc57e94e101,9e4f3d6f-ba64-4a09-a0e0-389ad1475514,49bc7e80-b9f9-4247-ad26-f58bc8442809,2026-01-07 23:14:54.724980,explore,39.1,paintbrush,16.99,80.84
dbede5e1-dcd7-4c8d-96a5-9fb19d31c1a8,9e4f3d6f-ba64-4a09-a0e0-389ad1475514,49bc7e80-b9f9-4247-ad26-f58bc8442809,2026-01-07 23:15:16.724980,explore,33.6,paintbrush,44.02,59.24
a415359b-940d-4575-8f68-05a07718168a,9e4f3d6f-ba64-4a09-a0e0-389ad1475514,49bc7e80-b9f9-4247-ad26-f58bc8442809,2026-01-07 23:15:42.724980,explore,38.3,paintbrush,48.42,28.57
103dc352-d809-40cc-a015-1eae945f50fb,9e4f3d6f-ba64-4a09-a0e0-389ad1475514,49bc7e80-b9f9-4247-ad26-f58bc8442809,2026-01-07 23:16:12.724980,wave,42.0,paintbrush,99.53,70.75
7b1768fc-3e1b-42db-95e2-f85e7dbc53c7,9e4f3d6f-ba64-4a09-a0e0-389ad1475514,49bc7e80-b9f9-4247-ad26-f58bc8442809,2026-01-07 23:16:27.724980,explore,35.2,cube,95.67,61.99
5710b642-756e-476d-9b41-7c9a342212ed,9e4f3d6f-ba64-4a09-a0e0-389ad1475514,49bc7e80-b9f9-4247-ad26-f58bc8442809,2026-01-07 23:16:48.724980,explore,33.1,flower,32.42,75.97
b17ab006-f428-4c0b-a726-6918b39a82ce,9e4f3d6f-ba64-4a09-a0e0-389ad1475514,49bc7e80-b9f9-4247-ad26-f58bc8442809,2026-01-07 23:16:59.724980,wave,34.9,cube,57.86,14.41
9c4206f2-42b3-4ad6-9349-74a5d58e827c,9e4f3d6f-ba64-4a09-a0e0-389ad1475514,49bc7e80-b9f9-4247-ad26-f58bc8442809,2026-01-07 23:17:24.724980,wave,49.1,cube,51.69,46.26
65afd38f-00da-4cfe-b93a-81c48c32a318,9e4f3d6f-ba64-4a09-a0e0-389ad1475514,49bc7e80-b9f9-4247-ad26-f58bc8442809,2026-01-07 23:17:36.724980,explore,37.7,paintbrush,84.18,75.95
7322dca1-d454-4ffa-a149-0030d379cf91,9e4f3d6f-ba64-4a09-a0e0-389ad1475514,49bc7e80-b9f9-4247-ad26-f58bc8442809,2026-01-07 23:17:55.724980,wave,40.1,flower,60.98,93.85
1065d352-fc45-4ada-a79e-fee273db56e8,9e4f3d6f-ba64-4a09-a0e0-389ad1475514,49bc7e80-b9f9-4247-ad26-f58bc8442809,2026-01-07 23:18:08.724980,explore,44.9,paintbrush,77.23,94.8
19254004-888e-47c3-b846-d9b66e84a79b,9e4f3d6f-ba64-4a09-a0e0-389ad1475514,49bc7e80-b9f9-4247-ad26-f58bc8442809,2026-01-07 23:18:24.724980,explore,40.3,paintbrush,71.1,2.99
f6b12035-7517-4d30-9a2c-b227559052ac,9e4f3d6f-ba64-4a09-a0e0-389ad1475514,49bc7e80-b9f9-4247-ad26-f58bc8442809,2026-01-07 23:18:37.724980,explore,42.2,paintbrush,26.51,64.97
87835b33-0b75-415c-b30e-cc221b033021,9e4f3d6f-ba64-4a09-a0e0-389ad1475514,49bc7e80-b9f9-4247-ad26-f58bc8442809,2026-01-07 23:19:01.724980,wave,37.8,cube,74.01,64.65
a183ccb2-5212-4934-99d9-cffec011fc6c,9e4f3d6f-ba64-4a09-a0e0-389ad1475514,49bc7e80-b9f9-4247-ad26-f58bc8442809,2026-01-07 23:19:16.724980,explore,47.7,flower,29.97,10.0
84bfdf07-84b7-44c4-8319-f88a76c1d4ec,9e4f3d6f-ba64-4a09-a0e0-389ad1475514,49bc7e80-b9f9-4247-ad26-f58bc8442809,2026-01-07 23:19:27.724980,wave,36.4,flower,89.92,13.0
fb187e67-014c-41a2-81df-02d811ef7c2b,9e4f3d6f-ba64-4a09-a0e0-389ad1475514,49bc7e80-b9f9-4247-ad26-f58bc8442809,2026-01-07 23:19:40.724980,explore,34.0,cube,14.16,72.36
a21cc8fa-d2a0-4651-b799-16f75ee87e9a,9e4f3d6f-ba64-4a09-a0e0-389ad1475514,49bc7e80-b9f9-4247-ad26-f58bc8442809,2026-01-07 23:20:06.724980,wave,44.2,flower,43.38,21.74
5c82e9eb-9f7e-4180-9f2b-3514867d02da,9e4f3d6f-ba64-4a09-a0e0-389ad1475514,49bc7e80-b9f9-4247-ad26-f58bc8442809,2026-01-07 23:20:29.724980,explore,33.0,paintbrush,87.61,65.29
a519b655-5472-4d9c-8da7-00f5f7c64631,9e4f3d6f-ba64-4a09-a0e0-389ad1475514,49bc7e80-b9f9-4247-ad26-f58bc8442809,2026-01-07 23:20:44.724980,wave,36.0,cube,44.6,86.29
0715a1d7-dee0-48b4-a4ff-1a9ef3209c8a,9e4f3d6f-ba64-4a09-a0e0-389ad1475514,49bc7e80-b9f9-4247-ad26-f58bc8442809,2026-01-07 23:20:58.724980,explore,39.3,paintbrush,88.61,56.06
83e9839c-5423-4ee3-b776-9d4252a7369d,9e4f3d6f-ba64-4a09-a0e0-389ad1475514,49bc7e80-b9f9-4247-ad26-f58bc8442809,2026-01-07 23:21:16.724980,explore,39.4,cube,82.63,64.16
62ff1b80-f95b-4d29-ad43-5294d59d85a0,9e4f3d6f-ba64-4a09-a0e0-389ad1475514,49bc7e80-b9f9-4247-ad26-f58bc8442809,2026-01-07 23:21:32.724980,wave,42.5,flower,88.56,33.87
a684d1db-5133-41ca-adec-a1db6c6ba187,9e4f3d6f-ba64-4a09-a0e0-389ad1475514,49bc7e80-b9f9-4247-ad26-f58bc8442809,2026-01-07 23:21:37.724980,explore,46.8,cube,16.08,26.49
754d8786-25fa-40a5-9e8e-e0efd20f3a1f,9e4f3d6f-ba64-4a09-a0e0-389ad1475514,49bc7e80-b9f9-4247-ad26-f58bc8442809,2026-01-07 23:21:49.724980,explore,46.2,flower,34.87,24.89
efa11953-0fa9-48b6-8ae0-a8bb2435e90b,9e4f3d6f-ba64-4a09-a0e0-389ad1475514,49bc7e80-b9f9-4247-ad26-f58bc8442809,2026-01-07 23:22:16.724980,explore,35.1,cube,57.33,3.44
501a9da7-b1ae-4f94-a74c-e2e46848da84,9e4f3d6f-ba64-4a09-a0e0-389ad1475514,49bc7e80-b9f9-4247-ad26-f58bc8442809,2026-01-07 23:22:43.724980,explore,42.0,cube,81.97,41.26
2684a042-9c63-410d-8aba-258b0a6e4a9d,9e4f3d6f-ba64-4a09-a0e0-389ad1475514,49bc7e80-b9f9-4247-ad26-f58bc8442809,2026-01-07 23:23:08.724980,wave,38.5,flower,32.38,3.68
bbeb843f-d8b7-4f7f-ba1b-af8cf82307f1,9e4f3d6f-ba64-4a09-a0e0-389ad1475514,49bc7e80-b9f9-4247-ad26-f58bc8442809,2026-01-07 23:23:35.724980,explore,41.9,paintbrush,47.04,77.81
6acbcd5a-9692-4367-979e-8d608a986cc4,9e4f3d6f-ba64-4a09-a0e0-389ad1475514,49bc7e80-b9f9-4247-ad26-f58bc8442809,2026-01-07 23:23:45.724980,spawn_object,46.9,cube,67.9,76.84
9c04f531-ad77-470a-a82d-aa1165a2a746,4fbf91e2-9437-42ca-8329-70de8ad3f6d8,153851e3-7f6d-4739-a16c-ee451497e455,2026-01-08 07:13:24.724980,spawn_object,34.4,flower,35.29,19.01
8edabe82-e0f2-4132-a017-5c9fecedce24,4fbf91e2-9437-42ca-8329-70de8ad3f6d8,153851e3-7f6d-4739-a16c-ee451497e455,2026-01-08 07:13:32.724980,spawn_object,41.2,flower,4.78,33.21
d7f2fcd1-7b0d-4f46-9cfd-a90d363ace7e,4fbf91e2-9437-42ca-8329-70de8ad3f6d8,153851e3-7f6d-4739-a16c-ee451497e455,2026-01-08 07:14:01.724980,explore,50.4,paintbrush,60.61,42.73
df61e929-ee31-46c3-9a1a-882b51c59ff1,4fbf91e2-9437-42ca-8329-70de8ad3f6d8,153851e3-7f6d-4739-a16c-ee451497e455,2026-01-08 07:14:19.724980,explore,43.8,paintbrush,50.54,74.82
182fc16f-94ec-4174-9c02-0b972fb2940b,4fbf91e2-9437-42ca-8329-70de8ad3f6d8,153851e3-7f6d-4739-a16c-ee451497e455,2026-01-08 07:14:39.724980,wave,41.8,paintbrush,18.12,92.4
d134c3d3-a148-49a1-8eda-5071f2ec15d0,4fbf91e2-9437-42ca-8329-70de8ad3f6d8,153851e3-7f6d-4739-a16c-ee451497e455,2026-01-08 07:15:02.724980,explore,42.5,cube,16.17,0.63
000f8b01-3b26-42f6-8086-cd0788130b92,4fbf91e2-9437-42ca-8329-70de8ad3f6d8,153851e3-7f6d-4739-a16c-ee451497e455,2026-01-08 07:15:16.724980,explore,39.5,flower,46.81,76.3
bc5e0369-83d8-448d-a499-eb88449cafd2,4fbf91e2-9437-42ca-8329-70de8ad3f6d8,153851e3-7f6d-4739-a16c-ee451497e455,2026-01-08 07:15:38.724980,explore,41.2,flower,81.99,49.97
2611ca27-8059-47cc-aecb-c6717c7a5cc4,4fbf91e2-9437-42ca-8329-70de8ad3f6d8,153851e3-7f6d-4739-a16c-ee451497e455,2026-01-08 07:15:56.724980,explore,45.6,cube,65.22,88.32
e2117533-516b-4e85-bb5b-bfec21e54c20,4fbf91e2-9437-42ca-8329-70de8ad3f6d8,153851e3-7f6d-4739-a16c-ee451497e455,2026-01-08 07:16:21.724980,wave,35.7,flower,7.78,75.13
0837b538-01cc-45b6-9003-a9c7d61f08b0,4fbf91e2-9437-42ca-8329-70de8ad3f6d8,153851e3-7f6d-4739-a16c-ee451497e455,2026-01-08 07:16:48.724980,explore,38.2,cube,88.39,59.46
6e938495-8ebc-47bf-a7ca-f231966a26a5,4fbf91e2-9437-42ca-8329-70de8ad3f6d8,153851e3-7f6d-4739-a16c-ee451497e455,2026-01-08 07:17:08.724980,explore,51.8,cube,30.59,28.62
e69f9685-ae88-4034-8b2c-71dce0aa916c,4fbf91e2-9437-42ca-8329-70de8ad3f6d8,153851e3-7f6d-4739-a16c-ee451497e455,2026-01-08 07:17:26.724980,explore,42.6,paintbrush,65.22,44.48
2c78a697-79fa-4adc-927c-ecd62a2ca829,4fbf91e2-9437-42ca-8329-70de8ad3f6d8,153851e3-7f6d-4739-a16c-ee451497e455,2026-01-08 07:17:46.724980,wave,39.7,cube,90.0,35.42
dcd8a917-8dbd-44c4-90c5-abcbd51dad09,4fbf91e2-9437-42ca-8329-70de8ad3f6d8,153851e3-7f6d-4739-a16c-ee451497e455,2026-01-08 07:18:03.724980,explore,33.3,cube,25.03,52.74
b2a75b61-fa45-4f3e-bb18-66a0ae23ecfc,4fbf91e2-9437-42ca-8329-70de8ad3f6d8,153851e3-7f6d-4739-a16c-ee451497e455,2026-01-08 07:18:17.724980,spawn_object,38.6,cube,56.52,38.33
594bd679-2fc6-4995-9168-cfd1e5e5547f,4fbf91e2-9437-42ca-8329-70de8ad3f6d8,153851e3-7f6d-4739-a16c-ee451497e455,2026-01-08 07:18:34.724980,explore,37.8,flower,41.74,84.81
1f6b2684-ae43-4d32-be6a-993c9a7d9e09,4fbf91e2-9437-42ca-8329-70de8ad3f6d8,153851e3-7f6d-4739-a16c-ee451497e455,2026-01-08 07:19:02.724980,spawn_object,46.2,paintbrush,98.8,83.92
a06082b0-b600-4d3e-972d-0e8e9e050a6c,4fbf91e2-9437-42ca-8329-70de8ad3f6d8,153851e3-7f6d-4739-a16c-ee451497e455,2026-01-08 07:19:23.724980,wave,37.7,paintbrush,91.18,72.14
6af109a4-cb58-4b88-b61e-a7430245ceaf,4fbf91e2-9437-42ca-8329-70de8ad3f6d8,153851e3-7f6d-4739-a16c-ee451497e455,2026-01-08 07:19:38.724980,wave,44.2,flower,96.59,57.43
ea6f5a7d-a86d-48fb-9f65-5efa0c48cf18,4fbf91e2-9437-42ca-8329-70de8ad3f6d8,153851e3-7f6d-4739-a16c-ee451497e455,2026-01-08 07:19:52.724980,explore,43.1,flower,14.85,54.6
d9c87028-d2ed-4c72-96f8-be786edf5e9e,4fbf91e2-9437-42ca-8329-70de8ad3f6d8,153851e3-7f6d-4739-a16c-ee451497e455,2026-01-08 07:19:58.724980,wave,36.6,paintbrush,83.56,89.72
1b3baa54-8391-4128-b1a7-f7f4aea8ece7,d3e092cf-4d1a-4ecd-a3a5-dffe2f465a9a,7e6b020e-d91b-4a3d-adea-54df9b8eb34f,2026-01-08 08:40:13.724980,explore,44.8,cube,27.88,79.84
0314f3aa-954b-4d53-84d7-bf1ec8b6b29d,d3e092cf-4d1a-4ecd-a3a5-dffe2f465a9a,7e6b020e-d91b-4a3d-adea-54df9b8eb34f,2026-01-08 08:40:31.724980,spawn_object,38.1,paintbrush,67.45,24.77
7a648b0f-df69-4cf2-bd9e-5d56078041f9,d3e092cf-4d1a-4ecd-a3a5-dffe2f465a9a,7e6b020e-d91b-4a3d-adea-54df9b8eb34f,2026-01-08 08:40:41.724980,explore,41.2,cube,65.02,37.26
d86f1983-b66f-400d-951d-d317a38a633e,d3e092cf-4d1a-4ecd-a3a5-dffe2f465a9a,7e6b020e-d91b-4a3d-adea-54df9b8eb34f,2026-01-08 08:40:59.724980,explore,41.7,flower,19.23,32.69
5b982b7f-16c1-4f60-bbeb-f1f60848b688,d3e092cf-4d1a-4ecd-a3a5-dffe2f465a9a,7e6b020e-d91b-4a3d-adea-54df9b8eb34f,2026-01-08 08:41:15.724980,explore,39.0,flower,17.85,99.53
126664f2-54b6-44cc-975a-5fc1e9f5ab87,d3e092cf-4d1a-4ecd-a3a5-dffe2f465a9a,7e6b020e-d91b-4a3d-adea-54df9b8eb34f,2026-01-08 08:41:29.724980,explore,42.5,flower,57.69,16.79
2fe05154-bf56-4304-9c10-dcb1424505b6,d3e092cf-4d1a-4ecd-a3a5-dffe2f465a9a,7e6b020e-d91b-4a3d-adea-54df9b8eb34f,2026-01-08 08:41:38.724980,wave,37.4,flower,53.85,98.87
19bbaceb-8f55-4e57-bef4-e37251ec20b0,d3e092cf-4d1a-4ecd-a3a5-dffe2f465a9a,7e6b020e-d91b-4a3d-adea-54df9b8eb34f,2026-01-08 08:41:43.724980,explore,35.4,flower,38.97,96.58
7591492b-7b31-492a-ac48-0eaedb6038d2,d3e092cf-4d1a-4ecd-a3a5-dffe2f465a9a,7e6b020e-d91b-4a3d-adea-54df9b8eb34f,2026-01-08 08:41:53.724980,explore,38.4,flower,95.48,89.3
f3f785eb-69c6-43e5-a25a-e3cb69a51f4e,d3e092cf-4d1a-4ecd-a3a5-dffe2f465a9a,7e6b020e-d91b-4a3d-adea-54df9b8eb34f,2026-01-08 08:41:59.724980,explore,39.1,flower,54.26,46.13
7c68c58b-958f-4de1-9212-48079a4df0e6,d3e092cf-4d1a-4ecd-a3a5-dffe2f465a9a,7e6b020e-d91b-4a3d-adea-54df9b8eb34f,2026-01-08 08:42:11.724980,explore,43.0,paintbrush,4.87,38.38
be4b4488-39c0-4688-8855-f1d8eba35a5e,d3e092cf-4d1a-4ecd-a3a5-dffe2f465a9a,7e6b020e-d91b-4a3d-adea-54df9b8eb34f,2026-01-08 08:42:29.724980,explore,24.1,paintbrush,51.28,43.01
cca5e058-c5b5-4042-8702-7d7bbaeee568,d3e092cf-4d1a-4ecd-a3a5-dffe2f465a9a,7e6b020e-d91b-4a3d-adea-54df9b8eb34f,2026-01-08 08:42:34.724980,explore,41.9,paintbrush,63.33,42.41
81421074-8946-4425-b6be-b5041499dfdc,d3e092cf-4d1a-4ecd-a3a5-dffe2f465a9a,7e6b020e-d91b-4a3d-adea-54df9b8eb34f,2026-01-08 08:42:55.724980,explore,36.7,paintbrush,66.05,14.13
74450ea6-5707-4882-b4e8-7e3351ad4a53,d3e092cf-4d1a-4ecd-a3a5-dffe2f465a9a,7e6b020e-d91b-4a3d-adea-54df9b8eb34f,2026-01-08 08:43:04.724980,explore,36.8,paintbrush,43.96,41.61
15614eb8-2eb2-47a6-9247-a520d6c158f7,b3a3d3c0-4aba-4c3d-8684-d33146524a9e,739f7043-44a7-4ca6-b7c0-45765d316407,2026-01-07 18:32:22.724980,explore,41.2,paintbrush,31.69,14.17
cab7cd32-be4b-48d6-ac87-98b09ea8e082,b3a3d3c0-4aba-4c3d-8684-d33146524a9e,739f7043-44a7-4ca6-b7c0-45765d316407,2026-01-07 18:32:50.724980,wave,45.8,cube,2.11,98.33
d3e86045-453c-4bf6-ba9d-b912f2e81a67,b3a3d3c0-4aba-4c3d-8684-d33146524a9e,739f7043-44a7-4ca6-b7c0-45765d316407,2026-01-07 18:33:15.724980,wave,41.5,cube,3.8,16.86
bb22a855-01f3-4931-b61c-a63f62eabb57,b3a3d3c0-4aba-4c3d-8684-d33146524a9e,739f7043-44a7-4ca6-b7c0-45765d316407,2026-01-07 18:33:26.724980,explore,38.0,cube,13.51,84.05
b11c9aab-344f-4bd0-8c22-90b841634f7e,b3a3d3c0-4aba-4c3d-8684-d33146524a9e,739f7043-44a7-4ca6-b7c0-45765d316407,2026-01-07 18:33:40.724980,wave,47.8,flower,33.43,22.28
08ba0ede-04b3-42ab-aa7e-ce84f5f3daa7,b3a3d3c0-4aba-4c3d-8684-d33146524a9e,739f7043-44a7-4ca6-b7c0-45765d316407,2026-01-07 18:34:02.724980,wave,41.0,cube,94.73,43.97
0eda4905-f220-406f-849f-d94f4f2bf20f,b3a3d3c0-4aba-4c3d-8684-d33146524a9e,739f7043-44a7-4ca6-b7c0-45765d316407,2026-01-07 18:34:11.724980,wave,42.5,paintbrush,52.35,47.01
92fc2ded-5e5b-4aeb-be3e-6db969fce2b1,b3a3d3c0-4aba-4c3d-8684-d33146524a9e,739f7043-44a7-4ca6-b7c0-45765d316407,2026-01-07 18:34:41.724980,explore,44.7,paintbrush,37.01,25.65
17a2f833-bd96-4dbc-99cf-0e3531804ee1,b3a3d3c0-4aba-4c3d-8684-d33146524a9e,739f7043-44a7-4ca6-b7c0-45765d316407,2026-01-07 18:34:55.724980,spawn_object,37.4,flower,67.39,28.4
bec05daa-0c65-47f4-a88e-e42673408c9b,b3a3d3c0-4aba-4c3d-8684-d33146524a9e,739f7043-44a7-4ca6-b7c0-45765d316407,2026-01-07 18:35:04.724980,wave,49.8,flower,1.9,19.84
fbf98110-4180-4d51-a757-5167d5370bc8,b3a3d3c0-4aba-4c3d-8684-d33146524a9e,739f7043-44a7-4ca6-b7c0-45765d316407,2026-01-07 18:35:21.724980,explore,41.8,flower,97.17,92.0
7f4df972-0a27-4ea5-bef2-f12aef4179e8,b3a3d3c0-4aba-4c3d-8684-d33146524a9e,739f7043-44a7-4ca6-b7c0-45765d316407,2026-01-07 18:35:44.724980,explore,43.0,paintbrush,80.93,90.45
61861c8b-2cfc-4800-b241-aa046584d781,b3a3d3c0-4aba-4c3d-8684-d33146524a9e,739f7043-44a7-4ca6-b7c0-45765d316407,2026-01-07 18:35:53.724980,wave,40.4,flower,92.43,5.55
2c12e5dd-4e66-4f5a-af45-b94fd60b0e24,b3a3d3c0-4aba-4c3d-8684-d33146524a9e,739f7043-44a7-4ca6-b7c0-45765d316407,2026-01-07 18:36:15.724980,explore,41.4,paintbrush,38.07,49.68
5874261a-7d3d-43a8-804f-6f7e3ebada59,b3a3d3c0-4aba-4c3d-8684-d33146524a9e,739f7043-44a7-4ca6-b7c0-45765d316407,2026-01-07 18:36:24.724980,spawn_object,39.0,flower,88.75,56.08
2a7a2426-e2b9-414f-88aa-4c7415366ca6,b3a3d3c0-4aba-4c3d-8684-d33146524a9e,739f7043-44a7-4ca6-b7c0-45765d316407,2026-01-07 18:36:37.724980,explore,42.1,flower,73.52,53.86
18a73394-e19c-4582-b016-73efc99726d4,b3a3d3c0-4aba-4c3d-8684-d33146524a9e,739f7043-44a7-4ca6-b7c0-45765d316407,2026-01-07 18:36:43.724980,spawn_object,39.1,paintbrush,16.12,70.07
9490f802-7064-4ea3-9e67-0b636795a0d6,b3a3d3c0-4aba-4c3d-8684-d33146524a9e,739f7043-44a7-4ca6-b7c0-45765d316407,2026-01-07 18:37:03.724980,explore,38.9,flower,69.33,49.0
80422ff8-c9e7-449c-8e6e-e3cd6f843a87,b3a3d3c0-4aba-4c3d-8684-d33146524a9e,739f7043-44a7-4ca6-b7c0-45765d316407,2026-01-07 18:37:09.724980,explore,41.5,paintbrush,79.72,15.9
eab3a685-a601-4db3-8185-0f488bab9869,b3a3d3c0-4aba-4c3d-8684-d33146524a9e,739f7043-44a7-4ca6-b7c0-45765d316407,2026-01-07 18:37:32.724980,explore,28.7,cube,7.73,72.44
5b215ee9-845d-47d4-aff8-cd8c078150e5,b3a3d3c0-4aba-4c3d-8684-d33146524a9e,739f7043-44a7-4ca6-b7c0-45765d316407,2026-01-07 18:37:40.724980,explore,45.1,cube,97.21,70.48
53294dbf-b517-461c-8df6-c350558762a5,b3a3d3c0-4aba-4c3d-8684-d33146524a9e,739f7043-44a7-4ca6-b7c0-45765d316407,2026-01-07 18:38:00.724980,explore,47.0,cube,95.02,96.95
9af5fd24-6b1f-42ea-a56d-7c62577f607d,b3a3d3c0-4aba-4c3d-8684-d33146524a9e,739f7043-44a7-4ca6-b7c0-45765d316407,2026-01-07 18:38:10.724980,spawn_object,27.8,flower,16.66,30.45
691d58b4-ecd2-4eee-8155-480b79e12fe7,b3a3d3c0-4aba-4c3d-8684-d33146524a9e,739f7043-44a7-4ca6-b7c0-45765d316407,2026-01-07 18:38:17.724980,explore,35.7,cube,71.77,88.19
62029c20-f3ee-411a-8028-99d746f540e9,f54056fd-999d-48ad-ab87-cd414a2cdec0,e1f049e3-a13f-48eb-a81e-cc3c111d70ce,2026-01-08 08:26:18.724980,explore,57.2,flower,15.99,57.07
d20515fe-35bd-4945-a7d7-dbed0d13acb2,f54056fd-999d-48ad-ab87-cd414a2cdec0,e1f049e3-a13f-48eb-a81e-cc3c111d70ce,2026-01-08 08:26:28.724980,explore,37.0,flower,18.19,58.66
0e59160c-d65b-4354-a0f4-7f246c075ec9,f54056fd-999d-48ad-ab87-cd414a2cdec0,e1f049e3-a13f-48eb-a81e-cc3c111d70ce,2026-01-08 08:26:48.724980,wave,33.4,paintbrush,34.15,46.32
8bb671c4-4754-489a-a3cb-2b38706119cf,f54056fd-999d-48ad-ab87-cd414a2cdec0,e1f049e3-a13f-48eb-a81e-cc3c111d70ce,2026-01-08 08:27:03.724980,wave,50.4,paintbrush,10.4,55.15
5dd76e7a-24ac-4ec8-bd46-791729e7621a,f54056fd-999d-48ad-ab87-cd414a2cdec0,e1f049e3-a13f-48eb-a81e-cc3c111d70ce,2026-01-08 08:27:22.724980,explore,38.5,cube,45.2,44.32
932faf4c-695b-4f2b-a3f0-c96e6fafe282,f54056fd-999d-48ad-ab87-cd414a2cdec0,e1f049e3-a13f-48eb-a81e-cc3c111d70ce,2026-01-08 08:27:43.724980,explore,35.1,flower,43.11,27.23
93531b82-1d15-44ba-974c-9f4eb1ec7555,f54056fd-999d-48ad-ab87-cd414a2cdec0,e1f049e3-a13f-48eb-a81e-cc3c111d70ce,2026-01-08 08:28:07.724980,wave,33.4,flower,97.72,28.05
f30cd619-df60-4229-ad0f-8abdf5989a41,f54056fd-999d-48ad-ab87-cd414a2cdec0,e1f049e3-a13f-48eb-a81e-cc3c111d70ce,2026-01-08 08:28:33.724980,explore,47.2,paintbrush,93.65,36.04
67799dd3-8ae9-4f36-8b3a-28faab8cd767,f54056fd-999d-48ad-ab87-cd414a2cdec0,e1f049e3-a13f-48eb-a81e-cc3c111d70ce,2026-01-08 08:28:43.724980,spawn_object,41.3,flower,26.3,93.68
bb4b08af-ed30-49b7-b3fa-d748c32de6a5,f54056fd-999d-48ad-ab87-cd414a2cdec0,e1f049e3-a13f-48eb-a81e-cc3c111d70ce,2026-01-08 08:29:07.724980,explore,45.4,cube,15.39,50.74
d6011e0b-5eba-4996-9be1-04bef8bc300b,f54056fd-999d-48ad-ab87-cd414a2cdec0,e1f049e3-a13f-48eb-a81e-cc3c111d70ce,2026-01-08 08:29:28.724980,explore,46.0,cube,59.96,87.54
d30048c1-4937-446b-ba29-a090f8da8bfe,f54056fd-999d-48ad-ab87-cd414a2cdec0,e1f049e3-a13f-48eb-a81e-cc3c111d70ce,2026-01-08 08:29:45.724980,wave,44.7,cube,83.75,66.74
b58b9249-4dea-4516-b9fa-51fdda309357,f54056fd-999d-48ad-ab87-cd414a2cdec0,e1f049e3-a13f-48eb-a81e-cc3c111d70ce,2026-01-08 08:29:50.724980,explore,39.7,flower,83.54,13.8
f3980985-3a8c-44e0-96c4-f6e6686e22c8,f54056fd-999d-48ad-ab87-cd414a2cdec0,e1f049e3-a13f-48eb-a81e-cc3c111d70ce,2026-01-08 08:29:58.724980,explore,37.6,cube,1.8,75.28
934bce1b-daca-4624-854f-eedd1fa0e266,f54056fd-999d-48ad-ab87-cd414a2cdec0,e1f049e3-a13f-48eb-a81e-cc3c111d70ce,2026-01-08 08:30:19.724980,explore,40.3,flower,83.43,15.98
32fd3a51-b149-47a4-a76a-0832cf2c731f,f54056fd-999d-48ad-ab87-cd414a2cdec0,e1f049e3-a13f-48eb-a81e-cc3c111d70ce,2026-01-08 08:30:37.724980,explore,38.0,paintbrush,69.92,86.98
2a9f285d-175c-44fd-9055-ef03bda40cb0,f54056fd-999d-48ad-ab87-cd414a2cdec0,e1f049e3-a13f-48eb-a81e-cc3c111d70ce,2026-01-08 08:30:43.724980,spawn_object,38.1,paintbrush,5.51,69.45
0ddab6ee-52fd-4173-be38-3c6a608f3848,f54056fd-999d-48ad-ab87-cd414a2cdec0,e1f049e3-a13f-48eb-a81e-cc3c111d70ce,2026-01-08 08:31:05.724980,explore,43.0,cube,8.56,91.02
f157639b-7640-4d3f-8a60-458b63ed738e,f54056fd-999d-48ad-ab87-cd414a2cdec0,e1f049e3-a13f-48eb-a81e-cc3c111d70ce,2026-01-08 08:31:26.724980,spawn_object,26.8,flower,2.13,49.47
c82c8656-6511-4e67-82db-b5081f9443c1,f54056fd-999d-48ad-ab87-cd414a2cdec0,e1f049e3-a13f-48eb-a81e-cc3c111d70ce,2026-01-08 08:31:55.724980,explore,54.8,cube,34.01,77.43
b2785aea-a3b6-45f2-bf84-3b59aa7a59cd,f54056fd-999d-48ad-ab87-cd414a2cdec0,e1f049e3-a13f-48eb-a81e-cc3c111d70ce,2026-01-08 08:32:05.724980,explore,40.4,flower,58.55,78.79
252335d0-d9c4-4ef6-a27c-e16e405ce67a,f54056fd-999d-48ad-ab87-cd414a2cdec0,e1f049e3-a13f-48eb-a81e-cc3c111d70ce,2026-01-08 08:32:13.724980,explore,43.2,paintbrush,79.69,32.86
f0004349-0eeb-4ef6-8d38-c78049950fbb,f54056fd-999d-48ad-ab87-cd414a2cdec0,e1f049e3-a13f-48eb-a81e-cc3c111d70ce,2026-01-08 08:32:23.724980,wave,41.3,cube,51.11,53.74
7ff0a5fa-937f-49f0-b929-c0908c36c6cb,f54056fd-999d-48ad-ab87-cd414a2cdec0,e1f049e3-a13f-48eb-a81e-cc3c111d70ce,2026-01-08 08:32:36.724980,explore,28.4,cube,14.36,73.08
c1f4a4f2-4788-4fce-93db-da9e195289e2,f54056fd-999d-48ad-ab87-cd414a2cdec0,e1f049e3-a13f-48eb-a81e-cc3c111d70ce,2026-01-08 08:32:58.724980,explore,40.6,flower,94.27,75.55
ac920087-ea16-4f23-a8a9-56fc24a27b1e,f54056fd-999d-48ad-ab87-cd414a2cdec0,e1f049e3-a13f-48eb-a81e-cc3c111d70ce,2026-01-08 08:33:15.724980,wave,33.3,flower,29.04,82.53
8d1309ff-5c13-44c1-a380-35032e1f73b6,f54056fd-999d-48ad-ab87-cd414a2cdec0,e1f049e3-a13f-48eb-a81e-cc3c111d70ce,2026-01-08 08:33:21.724980,wave,39.4,flower,59.83,46.51
9696b41a-f110-4801-b262-1203ee0f2447,f54056fd-999d-48ad-ab87-cd414a2cdec0,e1f049e3-a13f-48eb-a81e-cc3c111d70ce,2026-01-08 08:33:34.724980,wave,39.5,paintbrush,75.79,66.61
68aab98a-14d0-44c0-8249-d729008425ea,f54056fd-999d-48ad-ab87-cd414a2cdec0,e1f049e3-a13f-48eb-a81e-cc3c111d70ce,2026-01-08 08:33:50.724980,explore,43.1,flower,2.93,2.82
a384e31a-0c7b-47d7-bf93-862fa58540a0,f54056fd-999d-48ad-ab87-cd414a2cdec0,e1f049e3-a13f-48eb-a81e-cc3c111d70ce,2026-01-08 08:34:17.724980,explore,45.9,flower,63.32,64.57
0b747871-c845-48ef-8618-19c9dadfafbc,f54056fd-999d-48ad-ab87-cd414a2cdec0,e1f049e3-a13f-48eb-a81e-cc3c111d70ce,2026-01-08 08:34:37.724980,explore,44.7,flower,3.21,73.79
5328b901-16fa-437d-885f-6f9b8da355e2,0496c1a5-8d4e-42d0-b0e1-fcc52bfeb9f2,e26fcb92-646b-4c1c-bba3-0bf584e27536,2026-01-08 00:31:20.724980,wave,46.9,flower,26.96,8.56
51aaa5df-72ed-44d0-969e-97cc64216cb5,0496c1a5-8d4e-42d0-b0e1-fcc52bfeb9f2,e26fcb92-646b-4c1c-bba3-0bf584e27536,2026-01-08 00:31:34.724980,explore,30.1,flower,4.31,35.5
98f429ba-a5b3-43c5-8f43-42fca0acfa99,0496c1a5-8d4e-42d0-b0e1-fcc52bfeb9f2,e26fcb92-646b-4c1c-bba3-0bf584e27536,2026-01-08 00:31:51.724980,explore,45.4,cube,15.63,95.76
01a67fa6-200f-41bb-88e3-a1a5de3c1d72,0496c1a5-8d4e-42d0-b0e1-fcc52bfeb9f2,e26fcb92-646b-4c1c-bba3-0bf584e27536,2026-01-08 00:32:02.724980,wave,53.4,cube,65.0,44.56
6639f3b8-edce-484b-a7e4-fa4dffb43393,0496c1a5-8d4e-42d0-b0e1-fcc52bfeb9f2,e26fcb92-646b-4c1c-bba3-0bf584e27536,2026-01-08 00:32:32.724980,wave,40.2,flower,94.8,16.39
90b9c8ad-02ac-4576-8a13-3d83676d7dc7,0496c1a5-8d4e-42d0-b0e1-fcc52bfeb9f2,e26fcb92-646b-4c1c-bba3-0bf584e27536,2026-01-08 00:32:40.724980,explore,37.0,paintbrush,80.84,77.74
16ee44df-2d26-4ec5-9adf-7ea0164504bb,0496c1a5-8d4e-42d0-b0e1-fcc52bfeb9f2,e26fcb92-646b-4c1c-bba3-0bf584e27536,2026-01-08 00:32:58.724980,explore,45.3,paintbrush,23.65,32.04
97f38ed6-3528-4ed4-aef3-d2ff11ac5622,0496c1a5-8d4e-42d0-b0e1-fcc52bfeb9f2,e26fcb92-646b-4c1c-bba3-0bf584e27536,2026-01-08 00:33:12.724980,spawn_object,47.7,paintbrush,9.76,9.01
68c63426-324d-4e00-b982-8762ffe2f0f0,0496c1a5-8d4e-42d0-b0e1-fcc52bfeb9f2,e26fcb92-646b-4c1c-bba3-0bf584e27536,2026-01-08 00:33:24.724980,explore,32.1,flower,8.08,70.63
e2de2967-f2c0-4856-a724-61a3ee2ccfaa,0496c1a5-8d4e-42d0-b0e1-fcc52bfeb9f2,e26fcb92-646b-4c1c-bba3-0bf584e27536,2026-01-08 00:33:43.724980,wave,37.4,flower,36.37,74.73
13cf33f4-3da4-4f36-88c7-445db58477d2,0496c1a5-8d4e-42d0-b0e1-fcc52bfeb9f2,e26fcb92-646b-4c1c-bba3-0bf584e27536,2026-01-08 00:33:55.724980,explore,43.7,paintbrush,92.33,71.43
77e6c4de-8c1b-448c-89f6-ecf14c41675e,0496c1a5-8d4e-42d0-b0e1-fcc52bfeb9f2,e26fcb92-646b-4c1c-bba3-0bf584e27536,2026-01-08 00:34:23.724980,explore,37.1,cube,25.71,4.1
1ce15e66-e36a-48de-965b-e673f602c429,0496c1a5-8d4e-42d0-b0e1-fcc52bfeb9f2,e26fcb92-646b-4c1c-bba3-0bf584e27536,2026-01-08 00:34:39.724980,explore,40.8,paintbrush,94.77,82.85
b421976d-67b5-4431-8041-10c160ec4ba8,0496c1a5-8d4e-42d0-b0e1-fcc52bfeb9f2,e26fcb92-646b-4c1c-bba3-0bf584e27536,2026-01-08 00:34:57.724980,explore,49.4,paintbrush,56.19,30.79
708c961e-87a3-4f32-aa14-afa72c2d3751,0496c1a5-8d4e-42d0-b0e1-fcc52bfeb9f2,e26fcb92-646b-4c1c-bba3-0bf584e27536,2026-01-08 00:35:19.724980,spawn_object,33.9,cube,89.23,79.9
66d93511-7ee1-4be1-b344-a83ad304b652,0496c1a5-8d4e-42d0-b0e1-fcc52bfeb9f2,e26fcb92-646b-4c1c-bba3-0bf584e27536,2026-01-08 00:35:27.724980,wave,31.3,flower,89.31,79.26
890795ff-cac6-477e-bf8e-608f7ab73f5a,0496c1a5-8d4e-42d0-b0e1-fcc52bfeb9f2,e26fcb92-646b-4c1c-bba3-0bf584e27536,2026-01-08 00:35:32.724980,explore,33.0,flower,5.42,11.71
909e3d96-0e81-456c-83ee-acadcb4d474e,0496c1a5-8d4e-42d0-b0e1-fcc52bfeb9f2,e26fcb92-646b-4c1c-bba3-0bf584e27536,2026-01-08 00:35:51.724980,explore,37.7,cube,7.49,66.73
6be96861-e35d-4f85-9d3d-17c25caeaae3,0496c1a5-8d4e-42d0-b0e1-fcc52bfeb9f2,e26fcb92-646b-4c1c-bba3-0bf584e27536,2026-01-08 00:36:14.724980,explore,34.4,flower,99.5,77.74
dd0d7db2-e54f-4bee-9afb-8b95b1942ebb,0496c1a5-8d4e-42d0-b0e1-fcc52bfeb9f2,e26fcb92-646b-4c1c-bba3-0bf584e27536,2026-01-08 00:36:40.724980,explore,33.5,cube,70.43,53.16
e60afe0b-49d2-4fb2-870a-cfdc54e2abc0,0496c1a5-8d4e-42d0-b0e1-fcc52bfeb9f2,e26fcb92-646b-4c1c-bba3-0bf584e27536,2026-01-08 00:37:03.724980,wave,39.5,flower,46.44,26.97
81868463-c0a6-4490-becb-654317ee5076,0496c1a5-8d4e-42d0-b0e1-fcc52bfeb9f2,e26fcb92-646b-4c1c-bba3-0bf584e27536,2026-01-08 00:37:33.724980,wave,40.6,cube,2.08,41.68
46af9652-ffae-43ae-80cb-21d4373c7da0,0496c1a5-8d4e-42d0-b0e1-fcc52bfeb9f2,e26fcb92-646b-4c1c-bba3-0bf584e27536,2026-01-08 00:37:47.724980,wave,38.0,paintbrush,85.75,40.55
dc928ee0-d2e4-4cc4-b949-40378d430cee,0496c1a5-8d4e-42d0-b0e1-fcc52bfeb9f2,e26fcb92-646b-4c1c-bba3-0bf584e27536,2026-01-08 00:38:05.724980,explore,32.9,flower,88.63,39.75
c751819e-72cb-4787-9dfa-3d6ff2928f31,0496c1a5-8d4e-42d0-b0e1-fcc52bfeb9f2,e26fcb92-646b-4c1c-bba3-0bf584e27536,2026-01-08 00:38:10.724980,spawn_object,38.3,cube,79.22,86.77
c482a0e5-a218-464c-a207-00d4afbe16e8,0496c1a5-8d4e-42d0-b0e1-fcc52bfeb9f2,e26fcb92-646b-4c1c-bba3-0bf584e27536,2026-01-08 00:38:37.724980,explore,44.1,cube,56.4,95.84
e1a4842e-adf2-4ff4-a2a3-46b3a707ef72,0496c1a5-8d4e-42d0-b0e1-fcc52bfeb9f2,e26fcb92-646b-4c1c-bba3-0bf584e27536,2026-01-08 00:39:02.724980,wave,38.0,paintbrush,11.95,70.75
e67193d6-3668-4bba-815c-fb8fbd6f69c7,0496c1a5-8d4e-42d0-b0e1-fcc52bfeb9f2,e26fcb92-646b-4c1c-bba3-0bf584e27536,2026-01-08 00:39:26.724980,explore,40.5,paintbrush,61.9,97.51
b9b9d59c-6859-49b4-9206-3b66923b2f3a,0496c1a5-8d4e-42d0-b0e1-fcc52bfeb9f2,e26fcb92-646b-4c1c-bba3-0bf584e27536,2026-01-08 00:39:52.724980,wave,38.4,flower,68.43,37.75
0336c0b5-5265-4701-845a-4cff731b66d8,0496c1a5-8d4e-42d0-b0e1-fcc52bfeb9f2,e26fcb92-646b-4c1c-bba3-0bf584e27536,2026-01-08 00:39:57.724980,explore,40.4,paintbrush,97.73,50.57
d7cc365c-a680-462f-aee9-7a8c177f026a,96cfe8a9-e74a-4e11-b6ac-81ff2aaeed9a,71dea415-ddfe-438d-af2b-1712ab11f421,2026-01-08 04:32:28.724980,wave,42.3,cube,33.85,39.65
6abe2db6-bf48-486c-966d-9fcb6090a271,96cfe8a9-e74a-4e11-b6ac-81ff2aaeed9a,71dea415-ddfe-438d-af2b-1712ab11f421,2026-01-08 04:32:49.724980,explore,40.4,cube,98.15,56.03
95f97744-2a0a-457b-b13d-78575dda96d0,96cfe8a9-e74a-4e11-b6ac-81ff2aaeed9a,71dea415-ddfe-438d-af2b-1712ab11f421,2026-01-08 04:32:55.724980,wave,48.6,cube,53.24,70.21
59594532-0e46-4fa4-940a-56fcffd8f80b,96cfe8a9-e74a-4e11-b6ac-81ff2aaeed9a,71dea415-ddfe-438d-af2b-1712ab11f421,2026-01-08 04:33:02.724980,explore,38.3,flower,75.4,94.58
24a76a61-e497-4570-b5d2-7e930460a79b,96cfe8a9-e74a-4e11-b6ac-81ff2aaeed9a,71dea415-ddfe-438d-af2b-1712ab11f421,2026-01-08 04:33:15.724980,explore,43.1,cube,66.44,25.06
71080d99-e853-4d82-87a3-4ed5153e955b,96cfe8a9-e74a-4e11-b6ac-81ff2aaeed9a,71dea415-ddfe-438d-af2b-1712ab11f421,2026-01-08 04:33:44.724980,explore,40.1,flower,21.28,83.88
613b0e7b-1990-4501-908a-8c3a439f2b98,96cfe8a9-e74a-4e11-b6ac-81ff2aaeed9a,71dea415-ddfe-438d-af2b-1712ab11f421,2026-01-08 04:33:50.724980,spawn_object,40.8,paintbrush,61.05,75.39
4153ce08-4135-4f14-bcfd-91bf11a543f2,96cfe8a9-e74a-4e11-b6ac-81ff2aaeed9a,71dea415-ddfe-438d-af2b-1712ab11f421,2026-01-08 04:34:17.724980,explore,36.1,cube,63.62,91.68
f7361d13-ae4b-47c1-ba53-2272fae06fd8,96cfe8a9-e74a-4e11-b6ac-81ff2aaeed9a,71dea415-ddfe-438d-af2b-1712ab11f421,2026-01-08 04:34:46.724980,wave,43.3,flower,70.98,85.82
0dc386fc-3ccb-4acb-9978-21278ab55475,96cfe8a9-e74a-4e11-b6ac-81ff2aaeed9a,71dea415-ddfe-438d-af2b-1712ab11f421,2026-01-08 04:35:13.724980,explore,37.6,flower,70.33,57.39
80ded6c1-1c54-43b5-aa9e-a83356345414,96cfe8a9-e74a-4e11-b6ac-81ff2aaeed9a,71dea415-ddfe-438d-af2b-1712ab11f421,2026-01-08 04:35:31.724980,spawn_object,40.5,paintbrush,19.03,68.26
fbada3e6-9eb2-4932-a328-5ca3ad276826,96cfe8a9-e74a-4e11-b6ac-81ff2aaeed9a,71dea415-ddfe-438d-af2b-1712ab11f421,2026-01-08 04:35:38.724980,wave,34.6,flower,10.9,53.63
c0af143e-9631-47a2-b436-dfe1d0d6d2a2,96cfe8a9-e74a-4e11-b6ac-81ff2aaeed9a,71dea415-ddfe-438d-af2b-1712ab11f421,2026-01-08 04:36:08.724980,wave,37.9,cube,62.52,18.86
ffd7c4bd-39b4-4260-a744-9d7c1e2d63f9,96cfe8a9-e74a-4e11-b6ac-81ff2aaeed9a,71dea415-ddfe-438d-af2b-1712ab11f421,2026-01-08 04:36:24.724980,spawn_object,49.5,paintbrush,26.95,43.41
63e43a36-dca1-4beb-ba6e-8b84293b839d,96cfe8a9-e74a-4e11-b6ac-81ff2aaeed9a,71dea415-ddfe-438d-af2b-1712ab11f421,2026-01-08 04:36:32.724980,wave,37.0,paintbrush,77.55,32.48
e48f28fa-32da-4fc4-a11b-49727dd20087,96cfe8a9-e74a-4e11-b6ac-81ff2aaeed9a,71dea415-ddfe-438d-af2b-1712ab11f421,2026-01-08 04:36:46.724980,spawn_object,41.5,paintbrush,38.71,37.1
87d33578-f74c-4f5a-bfa6-9f010d7b0a99,96cfe8a9-e74a-4e11-b6ac-81ff2aaeed9a,71dea415-ddfe-438d-af2b-1712ab11f421,2026-01-08 04:37:11.724980,wave,34.5,flower,70.71,41.47
41d1dba9-4302-4afb-b947-d92e7cf2f0bf,96cfe8a9-e74a-4e11-b6ac-81ff2aaeed9a,71dea415-ddfe-438d-af2b-1712ab11f421,2026-01-08 04:37:26.724980,wave,42.5,paintbrush,97.22,76.25
bd6e7e4f-6978-427c-968b-9e2ae460acbc,96cfe8a9-e74a-4e11-b6ac-81ff2aaeed9a,71dea415-ddfe-438d-af2b-1712ab11f421,2026-01-08 04:37:55.724980,explore,45.6,paintbrush,95.98,8.26
8e060c20-9cd9-493b-9bcd-be086b0f7c70,96cfe8a9-e74a-4e11-b6ac-81ff2aaeed9a,71dea415-ddfe-438d-af2b-1712ab11f421,2026-01-08 04:38:09.724980,explore,46.2,flower,76.05,67.17
6c12aa2b-056d-41f0-aba9-627c4df7d0eb,badc4a5d-309a-438b-8974-ad958701a333,dbe14248-6742-44af-bdf1-6ccf4ea9ccfa,2026-01-08 05:26:22.724980,explore,45.0,flower,29.24,85.48
3e2bef38-011e-440d-a45f-cb1949a57d25,badc4a5d-309a-438b-8974-ad958701a333,dbe14248-6742-44af-bdf1-6ccf4ea9ccfa,2026-01-08 05:26:38.724980,explore,40.4,flower,23.09,78.45
94647b95-4f68-4dd5-b390-675a47ddc6f8,badc4a5d-309a-438b-8974-ad958701a333,dbe14248-6742-44af-bdf1-6ccf4ea9ccfa,2026-01-08 05:26:53.724980,explore,40.2,cube,62.75,83.89
a2cacabc-32a4-4417-a184-511f38b59ab7,badc4a5d-309a-438b-8974-ad958701a333,dbe14248-6742-44af-bdf1-6ccf4ea9ccfa,2026-01-08 05:27:07.724980,explore,38.1,flower,26.29,51.22
3e36e2ad-6f78-4712-89dc-92c29281ca40,badc4a5d-309a-438b-8974-ad958701a333,dbe14248-6742-44af-bdf1-6ccf4ea9ccfa,2026-01-08 05:27:20.724980,explore,38.2,cube,66.37,72.73
081113be-5061-4d00-8d90-92a3ac4cb879,badc4a5d-309a-438b-8974-ad958701a333,dbe14248-6742-44af-bdf1-6ccf4ea9ccfa,2026-01-08 05:27:33.724980,explore,43.9,paintbrush,14.15,12.93
f9ee71ad-53d0-4967-86d8-78094cf14aed,badc4a5d-309a-438b-8974-ad958701a333,dbe14248-6742-44af-bdf1-6ccf4ea9ccfa,2026-01-08 05:27:39.724980,explore,36.0,paintbrush,51.54,49.02
29159472-c8e0-4ca8-888e-26d9c8e1a281,badc4a5d-309a-438b-8974-ad958701a333,dbe14248-6742-44af-bdf1-6ccf4ea9ccfa,2026-01-08 05:27:51.724980,explore,40.6,paintbrush,34.91,55.5
76b27665-21b3-470a-a355-3a4de515f48c,badc4a5d-309a-438b-8974-ad958701a333,dbe14248-6742-44af-bdf1-6ccf4ea9ccfa,2026-01-08 05:28:11.724980,wave,37.5,flower,77.88,34.66
acc4ac8e-bbf6-40fa-a6e2-2cab5087f547,badc4a5d-309a-438b-8974-ad958701a333,dbe14248-6742-44af-bdf1-6ccf4ea9ccfa,2026-01-08 05:28:18.724980,explore,36.8,paintbrush,71.67,58.95
94b63874-0e52-43c2-8323-ae9001dfad54,badc4a5d-309a-438b-8974-ad958701a333,dbe14248-6742-44af-bdf1-6ccf4ea9ccfa,2026-01-08 05:28:42.724980,wave,28.7,flower,87.99,23.91
41044b1b-896e-4d0c-aad5-f439c4dbbed0,badc4a5d-309a-438b-8974-ad958701a333,dbe14248-6742-44af-bdf1-6ccf4ea9ccfa,2026-01-08 05:29:05.724980,explore,43.0,cube,97.36,86.13
0b324976-52f6-41da-b82b-14e21034dfd6,badc4a5d-309a-438b-8974-ad958701a333,dbe14248-6742-44af-bdf1-6ccf4ea9ccfa,2026-01-08 05:29:14.724980,explore,38.0,flower,35.52,29.2
8cd18d14-0485-46ac-8552-6866b172852e,badc4a5d-309a-438b-8974-ad958701a333,dbe14248-6742-44af-bdf1-6ccf4ea9ccfa,2026-01-08 05:29:25.724980,explore,40.4,cube,69.57,34.47
9c6069b0-72d0-4f14-9b95-2eb804786189,badc4a5d-309a-438b-8974-ad958701a333,dbe14248-6742-44af-bdf1-6ccf4ea9ccfa,2026-01-08 05:29:36.724980,wave,38.4,flower,28.03,92.28
539c8021-cb17-48ca-8d5d-b24856acad5c,badc4a5d-309a-438b-8974-ad958701a333,dbe14248-6742-44af-bdf1-6ccf4ea9ccfa,2026-01-08 05:29:47.724980,wave,35.4,cube,88.96,48.99
c3172bbc-4c6f-4d40-a78e-49a9bc1d5385,badc4a5d-309a-438b-8974-ad958701a333,dbe14248-6742-44af-bdf1-6ccf4ea9ccfa,2026-01-08 05:30:17.724980,explore,45.0,flower,31.24,57.72
e02e4f78-9d58-4981-8d68-dfbad5e8ac31,b92b5954-a5ac-4b8c-8c21-481e6798efcc,8c580cc2-4ce3-4aa5-b5d6-5f1ebd04cd62,2026-01-08 05:16:27.724980,wave,38.5,flower,71.74,65.36
9f79febe-2e18-4781-b82f-b40b1f0177f3,b92b5954-a5ac-4b8c-8c21-481e6798efcc,8c580cc2-4ce3-4aa5-b5d6-5f1ebd04cd62,2026-01-08 05:16:50.724980,spawn_object,43.4,cube,2.58,66.41
2e3416d0-cc11-4535-8ff2-2a6d75556086,b92b5954-a5ac-4b8c-8c21-481e6798efcc,8c580cc2-4ce3-4aa5-b5d6-5f1ebd04cd62,2026-01-08 05:17:08.724980,spawn_object,40.6,flower,63.46,87.1
84d97afc-fcae-457a-afbc-f0aa081a4698,b92b5954-a5ac-4b8c-8c21-481e6798efcc,8c580cc2-4ce3-4aa5-b5d6-5f1ebd04cd62,2026-01-08 05:17:15.724980,explore,44.9,cube,15.23,76.71
6c5fcdf3-6650-453d-806d-34a47b155be0,b92b5954-a5ac-4b8c-8c21-481e6798efcc,8c580cc2-4ce3-4aa5-b5d6-5f1ebd04cd62,2026-01-08 05:17:42.724980,wave,37.8,cube,6.55,42.19
569a25f6-3610-4ede-98b9-e97ac8ac41ef,b92b5954-a5ac-4b8c-8c21-481e6798efcc,8c580cc2-4ce3-4aa5-b5d6-5f1ebd04cd62,2026-01-08 05:18:08.724980,explore,37.6,paintbrush,21.3,87.65
9432310c-f514-493c-8136-af8607cf69ad,b92b5954-a5ac-4b8c-8c21-481e6798efcc,8c580cc2-4ce3-4aa5-b5d6-5f1ebd04cd62,2026-01-08 05:18:23.724980,explore,41.0,paintbrush,86.12,96.89
37213435-9012-42ac-897e-bb4ec21413ce,b92b5954-a5ac-4b8c-8c21-481e6798efcc,8c580cc2-4ce3-4aa5-b5d6-5f1ebd04cd62,2026-01-08 05:18:35.724980,wave,33.5,cube,30.95,91.78
3cd65185-5e15-4cbf-b7db-a31e52e71bc6,b92b5954-a5ac-4b8c-8c21-481e6798efcc,8c580cc2-4ce3-4aa5-b5d6-5f1ebd04cd62,2026-01-08 05:19:01.724980,explore,39.6,flower,44.9,55.98
50e0f90e-a92e-4490-a618-0897b5b6dcda,b92b5954-a5ac-4b8c-8c21-481e6798efcc,8c580cc2-4ce3-4aa5-b5d6-5f1ebd04cd62,2026-01-08 05:19:18.724980,explore,38.4,cube,11.75,95.18
44396f36-ebb4-4c6e-b789-6961337df4c7,b92b5954-a5ac-4b8c-8c21-481e6798efcc,8c580cc2-4ce3-4aa5-b5d6-5f1ebd04cd62,2026-01-08 05:19:36.724980,explore,40.1,flower,83.87,46.97
a9625314-4131-4c18-a178-29561ea088a5,b92b5954-a5ac-4b8c-8c21-481e6798efcc,8c580cc2-4ce3-4aa5-b5d6-5f1ebd04cd62,2026-01-08 05:19:43.724980,wave,39.2,paintbrush,91.59,75.84
605fae58-921d-48dc-803d-377d6edba75d,b92b5954-a5ac-4b8c-8c21-481e6798efcc,8c580cc2-4ce3-4aa5-b5d6-5f1ebd04cd62,2026-01-08 05:20:08.724980,explore,36.4,flower,72.39,34.57
79e66d63-ff5a-4806-873d-6aee42b4c37d,b92b5954-a5ac-4b8c-8c21-481e6798efcc,8c580cc2-4ce3-4aa5-b5d6-5f1ebd04cd62,2026-01-08 05:20:21.724980,wave,49.4,paintbrush,35.24,83.3
13065f9b-3c9c-4109-9d0d-5b84ea82156c,b92b5954-a5ac-4b8c-8c21-481e6798efcc,8c580cc2-4ce3-4aa5-b5d6-5f1ebd04cd62,2026-01-08 05:20:28.724980,explore,37.3,paintbrush,42.41,26.12
6828fec6-25db-47d0-8c0b-f37637efdf9a,b92b5954-a5ac-4b8c-8c21-481e6798efcc,8c580cc2-4ce3-4aa5-b5d6-5f1ebd04cd62,2026-01-08 05:20:45.724980,explore,37.8,flower,80.95,56.88
f4f74c58-778d-4a33-bd6b-4a408b93420e,b92b5954-a5ac-4b8c-8c21-481e6798efcc,8c580cc2-4ce3-4aa5-b5d6-5f1ebd04cd62,2026-01-08 05:21:15.724980,wave,39.9,flower,95.24,40.62
b469a368-d45f-4eda-9357-4c5718a3d366,b92b5954-a5ac-4b8c-8c21-481e6798efcc,8c580cc2-4ce3-4aa5-b5d6-5f1ebd04cd62,2026-01-08 05:21:23.724980,spawn_object,47.0,cube,96.37,3.17
bb4c0a2f-4027-4394-b034-ed33e849c3df,b92b5954-a5ac-4b8c-8c21-481e6798efcc,8c580cc2-4ce3-4aa5-b5d6-5f1ebd04cd62,2026-01-08 05:21:35.724980,explore,48.6,cube,92.64,83.73
300dd2b9-5002-47d3-8a76-fd344b7af0c0,b92b5954-a5ac-4b8c-8c21-481e6798efcc,8c580cc2-4ce3-4aa5-b5d6-5f1ebd04cd62,2026-01-08 05:21:54.724980,explore,28.2,cube,84.12,7.87
30988d99-f216-4424-8837-fd7af2615918,b92b5954-a5ac-4b8c-8c21-481e6798efcc,8c580cc2-4ce3-4aa5-b5d6-5f1ebd04cd62,2026-01-08 05:22:08.724980,explore,47.8,paintbrush,7.79,13.6
231230ff-5783-4f36-bb53-bce1bf897ffb,b92b5954-a5ac-4b8c-8c21-481e6798efcc,8c580cc2-4ce3-4aa5-b5d6-5f1ebd04cd62,2026-01-08 05:22:14.724980,explore,36.8,paintbrush,48.07,85.04
31d7fe6a-e71f-4965-bfd8-0f885996cee6,b92b5954-a5ac-4b8c-8c21-481e6798efcc,8c580cc2-4ce3-4aa5-b5d6-5f1ebd04cd62,2026-01-08 05:22:34.724980,explore,39.9,paintbrush,44.16,82.91
172e9c10-95aa-4b72-9947-35f8e040cf37,b92b5954-a5ac-4b8c-8c21-481e6798efcc,8c580cc2-4ce3-4aa5-b5d6-5f1ebd04cd62,2026-01-08 05:22:44.724980,explore,41.6,cube,43.25,76.99
bea25840-9a2c-4653-8d21-0070cdfdf3ba,b92b5954-a5ac-4b8c-8c21-481e6798efcc,8c580cc2-4ce3-4aa5-b5d6-5f1ebd04cd62,2026-01-08 05:22:52.724980,wave,40.4,flower,85.76,96.13
c845de33-bf68-4cf1-97d0-e7e29f8e9bc2,b92b5954-a5ac-4b8c-8c21-481e6798efcc,8c580cc2-4ce3-4aa5-b5d6-5f1ebd04cd62,2026-01-08 05:23:19.724980,spawn_object,36.2,flower,76.82,27.54
9705bd63-fc22-4827-91fd-72363064ebc7,b92b5954-a5ac-4b8c-8c21-481e6798efcc,8c580cc2-4ce3-4aa5-b5d6-5f1ebd04cd62,2026-01-08 05:23:27.724980,spawn_object,38.7,flower,84.94,62.35
16559178-1258-4906-afab-9dcb20bd3e28,b92b5954-a5ac-4b8c-8c21-481e6798efcc,8c580cc2-4ce3-4aa5-b5d6-5f1ebd04cd62,2026-01-08 05:23:49.724980,spawn_object,33.9,cube,56.48,28.89
2544eacd-68c9-420e-b07a-9727715fb8f2,6b9a679c-d953-4112-97d2-fda491a24114,c7d5b168-fda6-4473-877b-dba289558af5,2026-01-07 17:13:32.724980,explore,43.0,cube,6.68,26.46
750e1bc6-7a9d-4cee-bf18-1a1ba4234795,6b9a679c-d953-4112-97d2-fda491a24114,c7d5b168-fda6-4473-877b-dba289558af5,2026-01-07 17:13:46.724980,explore,42.1,paintbrush,61.07,73.4
38591ff9-48df-4111-b5a6-4f93c15dee31,6b9a679c-d953-4112-97d2-fda491a24114,c7d5b168-fda6-4473-877b-dba289558af5,2026-01-07 17:14:08.724980,explore,40.7,cube,53.7,64.09
4cafb959-a1c0-4588-b572-a87893a27d3e,6b9a679c-d953-4112-97d2-fda491a24114,c7d5b168-fda6-4473-877b-dba289558af5,2026-01-07 17:14:26.724980,wave,37.2,flower,63.45,65.36
951075e0-769d-405c-9f69-0f96e120b195,6b9a679c-d953-4112-97d2-fda491a24114,c7d5b168-fda6-4473-877b-dba289558af5,2026-01-07 17:14:42.724980,explore,40.6,flower,21.45,56.74
44a74c83-ca39-4631-b2f4-fc1dbcf135d5,6b9a679c-d953-4112-97d2-fda491a24114,c7d5b168-fda6-4473-877b-dba289558af5,2026-01-07 17:15:08.724980,explore,45.0,flower,27.35,44.63
ee8b3538-eda9-43af-85db-d5cdca347fb0,6b9a679c-d953-4112-97d2-fda491a24114,c7d5b168-fda6-4473-877b-dba289558af5,2026-01-07 17:15:25.724980,explore,39.1,cube,48.0,92.98
891c60b9-6f52-4a00-b433-680d3b192659,6b9a679c-d953-4112-97d2-fda491a24114,c7d5b168-fda6-4473-877b-dba289558af5,2026-01-07 17:15:33.724980,spawn_object,34.8,paintbrush,70.04,29.38
12fc600f-3411-49e2-b1d3-df73356ea3e4,6b9a679c-d953-4112-97d2-fda491a24114,c7d5b168-fda6-4473-877b-dba289558af5,2026-01-07 17:16:01.724980,explore,42.5,cube,65.76,16.49
0a97afe6-39b8-4e2a-94b5-5b8e66c3541e,6b9a679c-d953-4112-97d2-fda491a24114,c7d5b168-fda6-4473-877b-dba289558af5,2026-01-07 17:16:27.724980,wave,43.2,flower,99.48,87.58
aec74abc-dcc7-411a-be50-ae13c7b14e41,6b9a679c-d953-4112-97d2-fda491a24114,c7d5b168-fda6-4473-877b-dba289558af5,2026-01-07 17:16:56.724980,wave,36.6,cube,52.37,59.48
90afd774-11f6-4f96-8906-bb4c7a115172,6b9a679c-d953-4112-97d2-fda491a24114,c7d5b168-fda6-4473-877b-dba289558af5,2026-01-07 17:17:22.724980,explore,46.2,flower,19.96,7.89
f0c2f9d0-edc0-415d-b64b-407122ae923a,6b9a679c-d953-4112-97d2-fda491a24114,c7d5b168-fda6-4473-877b-dba289558af5,2026-01-07 17:17:36.724980,explore,35.2,flower,20.31,97.81
057efd64-d0fb-4d9e-8b85-362cddb80220,6b9a679c-d953-4112-97d2-fda491a24114,c7d5b168-fda6-4473-877b-dba289558af5,2026-01-07 17:17:52.724980,explore,38.8,cube,26.06,66.59
e69c61ae-9718-49d1-af7e-cf24f5f7c620,6b9a679c-d953-4112-97d2-fda491a24114,c7d5b168-fda6-4473-877b-dba289558af5,2026-01-07 17:18:15.724980,explore,40.0,cube,88.73,28.71
6234e80b-7de5-4c20-860d-ef863ef41b37,6b9a679c-d953-4112-97d2-fda491a24114,c7d5b168-fda6-4473-877b-dba289558af5,2026-01-07 17:18:21.724980,explore,33.1,paintbrush,25.61,75.63
cafe5f64-3dd6-4960-81ef-6cfecab56db5,6b9a679c-d953-4112-97d2-fda491a24114,c7d5b168-fda6-4473-877b-dba289558af5,2026-01-07 17:18:48.724980,explore,47.9,flower,33.72,81.45
afa3e878-5fcd-4c48-a725-91d982755385,6b9a679c-d953-4112-97d2-fda491a24114,c7d5b168-fda6-4473-877b-dba289558af5,2026-01-07 17:19:04.724980,spawn_object,39.8,flower,15.15,74.88
48d48d14-25c2-4916-a872-63e5ee0f1965,6b9a679c-d953-4112-97d2-fda491a24114,c7d5b168-fda6-4473-877b-dba289558af5,2026-01-07 17:19:14.724980,wave,43.8,paintbrush,82.64,18.76
5b494373-ddba-48a8-9643-37c7a9d7781e,6b9a679c-d953-4112-97d2-fda491a24114,c7d5b168-fda6-4473-877b-dba289558af5,2026-01-07 17:19:30.724980,explore,39.6,flower,53.42,29.92
5b6e7689-d451-4c12-97f0-e9a527e8de37,6b9a679c-d953-4112-97d2-fda491a24114,c7d5b168-fda6-4473-877b-dba289558af5,2026-01-07 17:19:41.724980,explore,40.3,cube,30.61,75.0
5d52f2a5-2b65-4ade-be0b-beacbaeee5f6,6b9a679c-d953-4112-97d2-fda491a24114,c7d5b168-fda6-4473-877b-dba289558af5,2026-01-07 17:20:00.724980,spawn_object,29.6,cube,62.33,77.67
a39e70d8-905f-42ff-b49b-9a70a0d974d1,6b9a679c-d953-4112-97d2-fda491a24114,c7d5b168-fda6-4473-877b-dba289558af5,2026-01-07 17:20:12.724980,spawn_object,32.4,paintbrush,67.93,95.41
3c86a0d3-e18b-457e-81e1-4d6b517f2b95,6b9a679c-d953-4112-97d2-fda491a24114,c7d5b168-fda6-4473-877b-dba289558af5,2026-01-07 17:20:21.724980,wave,33.5,cube,68.81,24.64
1c35dac3-832e-4c21-85a8-ba8f8c913cf3,6b9a679c-d953-4112-97d2-fda491a24114,c7d5b168-fda6-4473-877b-dba289558af5,2026-01-07 17:20:28.724980,explore,46.2,flower,14.16,22.61
d1b0ef2f-cb4d-45ae-9e19-0f57ee4da3e5,6b9a679c-d953-4112-97d2-fda491a24114,c7d5b168-fda6-4473-877b-dba289558af5,2026-01-07 17:20:50.724980,wave,41.5,cube,23.11,92.99
107d91a5-be09-4854-b9e0-62bacfc0cd19,6b9a679c-d953-4112-97d2-fda491a24114,c7d5b168-fda6-4473-877b-dba289558af5,2026-01-07 17:21:10.724980,explore,38.2,paintbrush,80.11,84.69
f94c0872-06db-486e-9268-ab49ea1d47ca,6b9a679c-d953-4112-97d2-fda491a24114,c7d5b168-fda6-4473-877b-dba289558af5,2026-01-07 17:21:22.724980,wave,37.5,paintbrush,57.34,91.48
8f39208b-d87d-4869-b857-0cd02aaf2469,6b9a679c-d953-4112-97d2-fda491a24114,c7d5b168-fda6-4473-877b-dba289558af5,2026-01-07 17:21:44.724980,explore,41.4,flower,70.23,70.36
6e0543ae-53f9-4b9e-9b68-96b903e8559d,6b9a679c-d953-4112-97d2-fda491a24114,c7d5b168-fda6-4473-877b-dba289558af5,2026-01-07 17:21:58.724980,wave,42.4,paintbrush,30.88,2.12
cc5e12ee-06dd-4270-8102-8677f470789e,6b9a679c-d953-4112-97d2-fda491a24114,c7d5b168-fda6-4473-877b-dba289558af5,2026-01-07 17:22:21.724980,spawn_object,35.7,flower,41.47,75.26
5cae846e-99f9-435a-8098-60e8c05da06b,6b9a679c-d953-4112-97d2-fda491a24114,c7d5b168-fda6-4473-877b-dba289558af5,2026-01-07 17:22:26.724980,wave,54.4,paintbrush,25.54,62.44
7a3c3bad-cd6b-44d5-9c79-b2b8662744be,6b9a679c-d953-4112-97d2-fda491a24114,c7d5b168-fda6-4473-877b-dba289558af5,2026-01-07 17:22:43.724980,explore,37.3,flower,91.19,59.58
f0c735d2-6641-4578-b23e-76425782b131,6b9a679c-d953-4112-97d2-fda491a24114,c7d5b168-fda6-4473-877b-dba289558af5,2026-01-07 17:23:06.724980,wave,33.5,cube,17.07,40.92
bc39f234-5706-44a4-bf68-f466ed9be9a8,6b9a679c-d953-4112-97d2-fda491a24114,c7d5b168-fda6-4473-877b-dba289558af5,2026-01-07 17:23:36.724980,explore,39.3,flower,29.58,13.95
9d65f6ee-6f67-46ae-b1df-bcfa512110e9,6b9a679c-d953-4112-97d2-fda491a24114,c7d5b168-fda6-4473-877b-dba289558af5,2026-01-07 17:24:02.724980,explore,44.5,paintbrush,59.74,43.31
e049225a-e29d-40de-bf0d-a6f11d858bf3,da331844-4ab0-462a-8458-d1d172cccf42,5b38dcb6-14ed-4bf2-bbff-0652f8eeb05e,2026-01-07 23:31:13.724980,explore,34.4,paintbrush,33.07,8.26
d6861737-fa1e-4ddb-93c1-f0b0b10bd0a6,da331844-4ab0-462a-8458-d1d172cccf42,5b38dcb6-14ed-4bf2-bbff-0652f8eeb05e,2026-01-07 23:31:34.724980,explore,37.9,paintbrush,87.2,32.49
6e306ad8-bb8a-4587-815a-ace8bdeaec1e,da331844-4ab0-462a-8458-d1d172cccf42,5b38dcb6-14ed-4bf2-bbff-0652f8eeb05e,2026-01-07 23:31:46.724980,explore,34.7,flower,26.75,76.12
4f3f6b58-1fca-46f2-9129-379332c539ab,da331844-4ab0-462a-8458-d1d172cccf42,5b38dcb6-14ed-4bf2-bbff-0652f8eeb05e,2026-01-07 23:32:10.724980,wave,41.7,flower,42.8,47.46
85b3ec04-3320-408e-8c19-3936b840f083,da331844-4ab0-462a-8458-d1d172cccf42,5b38dcb6-14ed-4bf2-bbff-0652f8eeb05e,2026-01-07 23:32:18.724980,explore,40.9,flower,98.59,94.0
a0dcc4ea-8229-4fea-952c-e61073dd16dc,da331844-4ab0-462a-8458-d1d172cccf42,5b38dcb6-14ed-4bf2-bbff-0652f8eeb05e,2026-01-07 23:32:24.724980,spawn_object,41.4,paintbrush,88.79,77.05
5645331c-df6e-4e16-b6db-f745ef620f0f,da331844-4ab0-462a-8458-d1d172cccf42,5b38dcb6-14ed-4bf2-bbff-0652f8eeb05e,2026-01-07 23:32:46.724980,explore,35.9,paintbrush,18.96,51.32
3677b12b-c4ad-462f-9dd1-fb815d3ab66e,da331844-4ab0-462a-8458-d1d172cccf42,5b38dcb6-14ed-4bf2-bbff-0652f8eeb05e,2026-01-07 23:32:55.724980,explore,41.9,flower,0.21,30.45
f21b22e3-d0ff-48e8-aa3d-da3b96e1d8a2,da331844-4ab0-462a-8458-d1d172cccf42,5b38dcb6-14ed-4bf2-bbff-0652f8eeb05e,2026-01-07 23:33:22.724980,explore,30.3,flower,96.93,64.39
a9162b57-6975-44fd-bb54-081fe9fe2cb1,da331844-4ab0-462a-8458-d1d172cccf42,5b38dcb6-14ed-4bf2-bbff-0652f8eeb05e,2026-01-07 23:33:28.724980,spawn_object,38.4,flower,47.03,24.3
93b36112-170d-4206-9285-520abff3231e,da331844-4ab0-462a-8458-d1d172cccf42,5b38dcb6-14ed-4bf2-bbff-0652f8eeb05e,2026-01-07 23:33:34.724980,wave,51.5,flower,54.47,82.62
9b0beeb2-6e31-4ffe-ac1a-a796f259a93c,da331844-4ab0-462a-8458-d1d172cccf42,5b38dcb6-14ed-4bf2-bbff-0652f8eeb05e,2026-01-07 23:33:57.724980,spawn_object,44.3,flower,28.99,22.61
b3b8d011-a747-480c-aafb-c259d5f17d53,da331844-4ab0-462a-8458-d1d172cccf42,5b38dcb6-14ed-4bf2-bbff-0652f8eeb05e,2026-01-07 23:34:19.724980,explore,42.0,flower,3.11,42.51
198047f6-4f81-484f-9c86-b893532ef5d5,da331844-4ab0-462a-8458-d1d172cccf42,5b38dcb6-14ed-4bf2-bbff-0652f8eeb05e,2026-01-07 23:34:39.724980,explore,41.9,paintbrush,70.85,93.69
338791d6-a972-413e-9c31-660c2cfe12df,da331844-4ab0-462a-8458-d1d172cccf42,5b38dcb6-14ed-4bf2-bbff-0652f8eeb05e,2026-01-07 23:34:55.724980,explore,40.4,paintbrush,71.91,79.33
629488b1-dd7c-4383-a9ae-3fe146c52d2a,da331844-4ab0-462a-8458-d1d172cccf42,5b38dcb6-14ed-4bf2-bbff-0652f8eeb05e,2026-01-07 23:35:18.724980,explore,41.1,paintbrush,67.09,66.34
be10a0ee-bed3-454c-acac-6090906d4a7c,da331844-4ab0-462a-8458-d1d172cccf42,5b38dcb6-14ed-4bf2-bbff-0652f8eeb05e,2026-01-07 23:35:40.724980,wave,39.8,flower,76.61,35.91
f69ae61a-eb4d-4abf-8d7b-f66effac2eb6,da331844-4ab0-462a-8458-d1d172cccf42,5b38dcb6-14ed-4bf2-bbff-0652f8eeb05e,2026-01-07 23:35:50.724980,wave,36.2,flower,11.61,44.29
7b6537dd-188c-4e2b-bfc7-d0bb4834c3a7,da331844-4ab0-462a-8458-d1d172cccf42,5b38dcb6-14ed-4bf2-bbff-0652f8eeb05e,2026-01-07 23:35:59.724980,spawn_object,45.2,cube,79.92,63.98
80e62533-e2c0-4e46-aae8-483f3ac8b800,da331844-4ab0-462a-8458-d1d172cccf42,5b38dcb6-14ed-4bf2-bbff-0652f8eeb05e,2026-01-07 23:36:13.724980,explore,39.4,cube,16.3,2.98
195164a0-93ac-4e2a-a98d-f89f2e844eae,da331844-4ab0-462a-8458-d1d172cccf42,5b38dcb6-14ed-4bf2-bbff-0652f8eeb05e,2026-01-07 23:36:31.724980,wave,39.5,flower,42.32,99.36
b5fb48ce-4cb2-412a-93ad-98958a46c73c,da331844-4ab0-462a-8458-d1d172cccf42,5b38dcb6-14ed-4bf2-bbff-0652f8eeb05e,2026-01-07 23:36:42.724980,wave,34.6,cube,46.05,71.13
0407bcd1-d324-4317-a2cd-4c7995406be3,da331844-4ab0-462a-8458-d1d172cccf42,5b38dcb6-14ed-4bf2-bbff-0652f8eeb05e,2026-01-07 23:36:50.724980,wave,41.9,flower,81.3,86.33
1ba5ce5d-e099-4f66-b59c-c8253366f885,da331844-4ab0-462a-8458-d1d172cccf42,5b38dcb6-14ed-4bf2-bbff-0652f8eeb05e,2026-01-07 23:37:19.724980,explore,44.7,paintbrush,26.07,5.82
16621f5b-5357-485d-9f05-4a0e51fe82fc,da331844-4ab0-462a-8458-d1d172cccf42,5b38dcb6-14ed-4bf2-bbff-0652f8eeb05e,2026-01-07 23:37:46.724980,explore,31.5,flower,51.56,94.02
be8ee338-701d-434c-907f-446748b5ccb7,da331844-4ab0-462a-8458-d1d172cccf42,5b38dcb6-14ed-4bf2-bbff-0652f8eeb05e,2026-01-07 23:38:09.724980,wave,32.3,cube,84.33,6.42
7f1a4db6-98be-48ba-888b-50cd80c5f4ac,da331844-4ab0-462a-8458-d1d172cccf42,5b38dcb6-14ed-4bf2-bbff-0652f8eeb05e,2026-01-07 23:38:15.724980,wave,45.1,cube,70.14,27.23
aa6597cc-c8dc-41c0-bfb1-9c5420d0cba4,da331844-4ab0-462a-8458-d1d172cccf42,5b38dcb6-14ed-4bf2-bbff-0652f8eeb05e,2026-01-07 23:38:28.724980,explore,37.6,cube,82.87,97.51
88f7ba80-93c3-4ca2-9551-68d56da5d82a,da331844-4ab0-462a-8458-d1d172cccf42,5b38dcb6-14ed-4bf2-bbff-0652f8eeb05e,2026-01-07 23:38:42.724980,explore,45.2,paintbrush,49.49,29.34
d67e90b1-7037-4592-86e0-6345cc75986e,da331844-4ab0-462a-8458-d1d172cccf42,5b38dcb6-14ed-4bf2-bbff-0652f8eeb05e,2026-01-07 23:39:03.724980,explore,52.6,paintbrush,2.28,48.82
d44303d5-799a-4ba9-8810-2f53a7cefca5,da331844-4ab0-462a-8458-d1d172cccf42,5b38dcb6-14ed-4bf2-bbff-0652f8eeb05e,2026-01-07 23:39:16.724980,explore,41.5,paintbrush,63.01,14.63
a5c18aa9-87c9-48fb-8eed-b7f88105d6b7,da331844-4ab0-462a-8458-d1d172cccf42,5b38dcb6-14ed-4bf2-bbff-0652f8eeb05e,2026-01-07 23:39:44.724980,wave,42.2,flower,33.75,50.55
c4c2f680-2972-4805-b9e6-056405964230,da331844-4ab0-462a-8458-d1d172cccf42,5b38dcb6-14ed-4bf2-bbff-0652f8eeb05e,2026-01-07 23:40:04.724980,explore,38.7,paintbrush,34.9,89.24
87a5ddf5-6638-490d-a36e-fed8d0b8bc3b,bdf5d09e-0618-4177-b29d-bf8553b17714,88e898db-9382-477e-9cd7-282342527184,2026-01-08 06:36:25.724980,explore,36.2,flower,32.47,78.13
ffc203d8-1730-40df-bedd-3b7e8ecf26f2,bdf5d09e-0618-4177-b29d-bf8553b17714,88e898db-9382-477e-9cd7-282342527184,2026-01-08 06:36:52.724980,explore,28.1,cube,13.71,34.44
879a6528-895b-4592-af33-31e956dcf5fc,bdf5d09e-0618-4177-b29d-bf8553b17714,88e898db-9382-477e-9cd7-282342527184,2026-01-08 06:37:08.724980,wave,40.2,flower,14.82,76.26
764ec6b7-2b00-4a22-b0ad-c8fa9802b189,bdf5d09e-0618-4177-b29d-bf8553b17714,88e898db-9382-477e-9cd7-282342527184,2026-01-08 06:37:37.724980,wave,38.1,flower,81.64,51.46
1e9ff6b6-9858-4c8f-ad9a-3b317d30bad7,bdf5d09e-0618-4177-b29d-bf8553b17714,88e898db-9382-477e-9cd7-282342527184,2026-01-08 06:37:50.724980,wave,41.3,cube,10.87,84.95
9d3064b4-9e24-4ff5-ab2a-a5780b11dc2c,bdf5d09e-0618-4177-b29d-bf8553b17714,88e898db-9382-477e-9cd7-282342527184,2026-01-08 06:38:02.724980,explore,37.8,flower,93.07,79.7
7fe0c048-d8bf-4a39-a9e8-22a86362c3a7,bdf5d09e-0618-4177-b29d-bf8553b17714,88e898db-9382-477e-9cd7-282342527184,2026-01-08 06:38:29.724980,explore,45.0,flower,74.56,38.8
7a3b25a1-264a-4a9a-ba72-72df7d8cfbd9,bdf5d09e-0618-4177-b29d-bf8553b17714,88e898db-9382-477e-9cd7-282342527184,2026-01-08 06:38:38.724980,wave,44.8,cube,78.74,26.76
b9e223ce-6be7-4223-96c8-09379c71434d,bdf5d09e-0618-4177-b29d-bf8553b17714,88e898db-9382-477e-9cd7-282342527184,2026-01-08 06:39:00.724980,explore,40.0,flower,54.27,8.4
2b4a5b9c-0b11-4c32-9b72-162dce4cf0c0,bdf5d09e-0618-4177-b29d-bf8553b17714,88e898db-9382-477e-9cd7-282342527184,2026-01-08 06:39:17.724980,explore,42.1,flower,47.42,14.93
26d05b8c-9c7c-441c-9ceb-14279b6b2cff,bdf5d09e-0618-4177-b29d-bf8553b17714,88e898db-9382-477e-9cd7-282342527184,2026-01-08 06:39:31.724980,explore,32.0,flower,55.61,5.72
4c96d6a9-2235-4cce-b645-38d56ffbe19e,bdf5d09e-0618-4177-b29d-bf8553b17714,88e898db-9382-477e-9cd7-282342527184,2026-01-08 06:39:41.724980,explore,36.5,paintbrush,96.25,95.29
175bffb8-4095-4369-9fb0-0e6c677e662e,bdf5d09e-0618-4177-b29d-bf8553b17714,88e898db-9382-477e-9cd7-282342527184,2026-01-08 06:39:48.724980,explore,30.4,flower,64.56,16.12
48df2b84-6764-4c4f-b9a6-cb2d1c0bd690,bdf5d09e-0618-4177-b29d-bf8553b17714,88e898db-9382-477e-9cd7-282342527184,2026-01-08 06:40:12.724980,explore,44.6,flower,87.18,6.72
2e17a313-fedc-4f3a-951f-9bd42795a77c,bdf5d09e-0618-4177-b29d-bf8553b17714,88e898db-9382-477e-9cd7-282342527184,2026-01-08 06:40:33.724980,explore,39.0,cube,10.11,95.87
e27042c9-88a2-4c8d-b68d-defda4ed7324,bdf5d09e-0618-4177-b29d-bf8553b17714,88e898db-9382-477e-9cd7-282342527184,2026-01-08 06:40:45.724980,wave,35.3,paintbrush,41.31,1.1
ba4af967-be54-487f-a242-e1b11afb7e4c,bdf5d09e-0618-4177-b29d-bf8553b17714,88e898db-9382-477e-9cd7-282342527184,2026-01-08 06:41:05.724980,explore,40.6,paintbrush,1.41,44.86
0ea4876a-eebe-4558-9614-7c917cfc0bee,bdf5d09e-0618-4177-b29d-bf8553b17714,88e898db-9382-477e-9cd7-282342527184,2026-01-08 06:41:13.724980,explore,36.2,flower,74.59,95.07
d41f757f-71f5-459b-9bae-118504f0d7a9,bdf5d09e-0618-4177-b29d-bf8553b17714,88e898db-9382-477e-9cd7-282342527184,2026-01-08 06:41:36.724980,explore,32.6,flower,51.6,25.82
83e62ea1-b56e-4cfa-8fbd-3e83b645b175,bdf5d09e-0618-4177-b29d-bf8553b17714,88e898db-9382-477e-9cd7-282342527184,2026-01-08 06:42:02.724980,wave,48.5,paintbrush,30.85,19.66
b36075d0-32c2-493d-9748-bed9f7e90a87,bdf5d09e-0618-4177-b29d-bf8553b17714,88e898db-9382-477e-9cd7-282342527184,2026-01-08 06:42:22.724980,wave,33.4,flower,82.46,69.82
af78613d-3ce8-46e2-a96d-2d4f57f7d224,bdf5d09e-0618-4177-b29d-bf8553b17714,88e898db-9382-477e-9cd7-282342527184,2026-01-08 06:42:49.724980,wave,36.9,paintbrush,74.79,0.21
825f3e2d-1ac9-4b7a-add2-01c8a916c71c,bdf5d09e-0618-4177-b29d-bf8553b17714,88e898db-9382-477e-9cd7-282342527184,2026-01-08 06:43:06.724980,explore,32.3,flower,78.12,21.72
ef16cadc-ac8b-4e84-a20e-fa5fe46436bb,bdf5d09e-0618-4177-b29d-bf8553b17714,88e898db-9382-477e-9cd7-282342527184,2026-01-08 06:43:11.724980,explore,37.0,flower,41.93,25.76
d7464a6f-f442-437e-b069-8ba145f11a06,bdf5d09e-0618-4177-b29d-bf8553b17714,88e898db-9382-477e-9cd7-282342527184,2026-01-08 06:43:20.724980,wave,35.6,paintbrush,44.94,32.47
d9368fb2-5940-48b7-853c-84d1d4f2aac5,bdf5d09e-0618-4177-b29d-bf8553b17714,88e898db-9382-477e-9cd7-282342527184,2026-01-08 06:43:43.724980,wave,38.1,paintbrush,29.22,1.13
c927980c-68e2-4cf2-9099-31177bceada4,bdf5d09e-0618-4177-b29d-bf8553b17714,88e898db-9382-477e-9cd7-282342527184,2026-01-08 06:44:01.724980,explore,45.0,flower,88.78,54.61
2caf7d7f-d200-46a4-bd00-612564abe288,bdf5d09e-0618-4177-b29d-bf8553b17714,88e898db-9382-477e-9cd7-282342527184,2026-01-08 06:44:29.724980,explore,31.9,cube,95.13,28.58
a7ea560f-7733-46ae-89e1-9cafda17811c,bdf5d09e-0618-4177-b29d-bf8553b17714,88e898db-9382-477e-9cd7-282342527184,2026-01-08 06:44:58.724980,explore,52.6,cube,99.21,34.13
f2b509f4-9bd7-4567-9461-ccd52c597f34,bdf5d09e-0618-4177-b29d-bf8553b17714,88e898db-9382-477e-9cd7-282342527184,2026-01-08 06:45:07.724980,explore,32.6,paintbrush,40.58,22.85
89343e21-662e-4ada-9ef6-682946777c2e,bdf5d09e-0618-4177-b29d-bf8553b17714,88e898db-9382-477e-9cd7-282342527184,2026-01-08 06:45:13.724980,wave,46.5,flower,99.59,35.66
2c30cd21-a366-448a-9dbd-6400af4b7615,bdf5d09e-0618-4177-b29d-bf8553b17714,88e898db-9382-477e-9cd7-282342527184,2026-01-08 06:45:34.724980,spawn_object,43.2,cube,4.97,77.52
fecb844b-1e0a-4f54-990e-a073af75e332,bdf5d09e-0618-4177-b29d-bf8553b17714,88e898db-9382-477e-9cd7-282342527184,2026-01-08 06:45:50.724980,explore,45.4,flower,13.88,93.55
0f5f0f3c-9a18-4e6b-90c5-bc9924f3030a,b83531f7-2092-475d-a1b1-047f9e677356,b0e83a80-845d-4466-9f6c-226769451c02,2026-01-08 06:48:25.724980,explore,47.6,cube,40.77,40.65
762f2ade-209a-4630-ba76-2ce7d29b4a69,b83531f7-2092-475d-a1b1-047f9e677356,b0e83a80-845d-4466-9f6c-226769451c02,2026-01-08 06:48:40.724980,explore,45.6,cube,65.3,76.65
a43beeb7-9dcb-40e5-9d58-2485da972152,b83531f7-2092-475d-a1b1-047f9e677356,b0e83a80-845d-4466-9f6c-226769451c02,2026-01-08 06:49:03.724980,explore,43.3,paintbrush,17.96,62.17
bdc50133-05a4-485e-96e5-2bd587420ffb,b83531f7-2092-475d-a1b1-047f9e677356,b0e83a80-845d-4466-9f6c-226769451c02,2026-01-08 06:49:20.724980,explore,33.1,flower,48.22,73.36
7eaa6291-5801-4748-a66c-9f4c3a4a64f7,b83531f7-2092-475d-a1b1-047f9e677356,b0e83a80-845d-4466-9f6c-226769451c02,2026-01-08 06:49:41.724980,explore,44.2,flower,74.19,89.35
61e4c274-41f8-4914-b29c-b884094dc5fe,b83531f7-2092-475d-a1b1-047f9e677356,b0e83a80-845d-4466-9f6c-226769451c02,2026-01-08 06:50:05.724980,wave,42.8,flower,94.17,33.18
6d700a71-3928-414d-9011-b1dda63adca7,b83531f7-2092-475d-a1b1-047f9e677356,b0e83a80-845d-4466-9f6c-226769451c02,2026-01-08 06:50:18.724980,wave,33.3,paintbrush,46.12,12.73
471f4bba-9eb8-4940-b50e-431dc1b11941,b83531f7-2092-475d-a1b1-047f9e677356,b0e83a80-845d-4466-9f6c-226769451c02,2026-01-08 06:50:23.724980,explore,38.6,paintbrush,99.74,42.08
31f761e5-fc38-49ab-819b-c319ba02675c,b83531f7-2092-475d-a1b1-047f9e677356,b0e83a80-845d-4466-9f6c-226769451c02,2026-01-08 06:50:44.724980,explore,45.1,flower,97.78,32.1
44ae0373-80b6-4063-825b-9b28759856f6,b83531f7-2092-475d-a1b1-047f9e677356,b0e83a80-845d-4466-9f6c-226769451c02,2026-01-08 06:51:14.724980,explore,39.9,cube,28.24,21.71
854dbbb7-dd4d-406d-bb42-340aad2cc1b1,dcc30a17-dd66-4b29-8ab5-4bb2f754488d,721f4239-d4b9-4879-bf73-6347b15883c3,2026-01-08 02:42:20.724980,explore,40.0,flower,83.09,64.38
cbef14b0-d101-4415-9b54-8aaf6b7e047e,dcc30a17-dd66-4b29-8ab5-4bb2f754488d,721f4239-d4b9-4879-bf73-6347b15883c3,2026-01-08 02:42:27.724980,explore,37.2,cube,66.35,69.34
6ec2ef00-5a4b-4e28-ba5c-4547f45ebaf8,dcc30a17-dd66-4b29-8ab5-4bb2f754488d,721f4239-d4b9-4879-bf73-6347b15883c3,2026-01-08 02:42:51.724980,wave,39.7,cube,99.3,17.81
0d247d05-cc94-4028-8543-2b7769301ddb,dcc30a17-dd66-4b29-8ab5-4bb2f754488d,721f4239-d4b9-4879-bf73-6347b15883c3,2026-01-08 02:42:56.724980,wave,43.0,paintbrush,22.71,10.15
21a58bfe-8a63-444e-ae70-5d27e2ac7605,dcc30a17-dd66-4b29-8ab5-4bb2f754488d,721f4239-d4b9-4879-bf73-6347b15883c3,2026-01-08 02:43:26.724980,explore,37.9,paintbrush,78.63,93.68
00edf30e-af4c-4948-987a-f4da705d66d9,dcc30a17-dd66-4b29-8ab5-4bb2f754488d,721f4239-d4b9-4879-bf73-6347b15883c3,2026-01-08 02:43:38.724980,spawn_object,39.2,flower,28.97,89.79
fcd27b97-c200-40b5-9d38-04ab80a3cffa,dcc30a17-dd66-4b29-8ab5-4bb2f754488d,721f4239-d4b9-4879-bf73-6347b15883c3,2026-01-08 02:44:08.724980,wave,37.8,paintbrush,36.93,22.28
69a0aab2-d466-4923-bc5d-249f92c2ebc0,dcc30a17-dd66-4b29-8ab5-4bb2f754488d,721f4239-d4b9-4879-bf73-6347b15883c3,2026-01-08 02:44:33.724980,spawn_object,39.7,flower,17.57,74.11
cb29b9f0-d7e9-4452-8b6f-29bc7d4c9037,dcc30a17-dd66-4b29-8ab5-4bb2f754488d,721f4239-d4b9-4879-bf73-6347b15883c3,2026-01-08 02:44:57.724980,wave,39.5,paintbrush,16.5,52.1
1fc2928c-83e6-4731-a5f4-87d6aacf61a6,dcc30a17-dd66-4b29-8ab5-4bb2f754488d,721f4239-d4b9-4879-bf73-6347b15883c3,2026-01-08 02:45:15.724980,explore,44.4,cube,51.31,37.04
dba6b778-7e0b-42a1-94dd-eb8c97d3fa83,dcc30a17-dd66-4b29-8ab5-4bb2f754488d,721f4239-d4b9-4879-bf73-6347b15883c3,2026-01-08 02:45:31.724980,explore,36.2,flower,69.6,84.91
87ce59e9-f478-451b-86b2-b24397279eed,dcc30a17-dd66-4b29-8ab5-4bb2f754488d,721f4239-d4b9-4879-bf73-6347b15883c3,2026-01-08 02:46:01.724980,explore,38.7,flower,19.2,93.96
9499bf16-cd0a-4411-99c0-c8b0d542d147,dcc30a17-dd66-4b29-8ab5-4bb2f754488d,721f4239-d4b9-4879-bf73-6347b15883c3,2026-01-08 02:46:29.724980,explore,27.7,flower,84.94,95.77
52a628d8-1bab-4055-bd45-7b848d011880,dcc30a17-dd66-4b29-8ab5-4bb2f754488d,721f4239-d4b9-4879-bf73-6347b15883c3,2026-01-08 02:46:48.724980,explore,42.2,flower,10.12,16.9
9f7bb29a-efef-425b-84f9-74e26cc92120,dcc30a17-dd66-4b29-8ab5-4bb2f754488d,721f4239-d4b9-4879-bf73-6347b15883c3,2026-01-08 02:47:10.724980,explore,43.5,flower,86.49,45.73
d8ce6693-444c-4756-8546-c46d5dc6eadd,dcc30a17-dd66-4b29-8ab5-4bb2f754488d,721f4239-d4b9-4879-bf73-6347b15883c3,2026-01-08 02:47:36.724980,wave,41.2,cube,16.98,16.87
db25cf5b-b5c6-4ea6-aa5a-718330ff2bd2,dcc30a17-dd66-4b29-8ab5-4bb2f754488d,721f4239-d4b9-4879-bf73-6347b15883c3,2026-01-08 02:47:43.724980,explore,32.8,cube,46.13,40.49
3045ed30-c6df-4497-ac60-2614f0b21696,dcc30a17-dd66-4b29-8ab5-4bb2f754488d,721f4239-d4b9-4879-bf73-6347b15883c3,2026-01-08 02:48:05.724980,explore,46.4,cube,22.26,51.82
0a47fc1e-7c95-43a5-9a16-cbd4b0fd549a,dcc30a17-dd66-4b29-8ab5-4bb2f754488d,721f4239-d4b9-4879-bf73-6347b15883c3,2026-01-08 02:48:28.724980,wave,41.4,flower,1.01,47.28
e11054fd-04ce-4500-87d1-396f7c316aad,dcc30a17-dd66-4b29-8ab5-4bb2f754488d,721f4239-d4b9-4879-bf73-6347b15883c3,2026-01-08 02:48:50.724980,explore,46.4,flower,50.39,48.1
004a23cb-4329-4b95-aec3-cd193875d5b6,dcc30a17-dd66-4b29-8ab5-4bb2f754488d,721f4239-d4b9-4879-bf73-6347b15883c3,2026-01-08 02:49:16.724980,explore,47.7,paintbrush,55.66,28.65
75749d96-146e-4fe1-8c42-d1a33f4b4f5e,dcc30a17-dd66-4b29-8ab5-4bb2f754488d,721f4239-d4b9-4879-bf73-6347b15883c3,2026-01-08 02:49:29.724980,explore,38.5,flower,42.33,91.82
ca6b33bd-71ae-40c9-a68c-50262bd5ef90,dcc30a17-dd66-4b29-8ab5-4bb2f754488d,721f4239-d4b9-4879-bf73-6347b15883c3,2026-01-08 02:49:38.724980,wave,39.8,cube,77.33,69.5
4be08fb0-d0d3-4cd9-9156-bacaa685a3fb,dcc30a17-dd66-4b29-8ab5-4bb2f754488d,721f4239-d4b9-4879-bf73-6347b15883c3,2026-01-08 02:49:53.724980,explore,42.5,flower,79.66,75.02
82f8c9aa-1481-4516-b7a3-d1db37b21643,dcc30a17-dd66-4b29-8ab5-4bb2f754488d,721f4239-d4b9-4879-bf73-6347b15883c3,2026-01-08 02:50:07.724980,explore,30.8,paintbrush,11.49,75.3
797efbc8-b263-44dd-9813-f1ceb22b60a1,dcc30a17-dd66-4b29-8ab5-4bb2f754488d,721f4239-d4b9-4879-bf73-6347b15883c3,2026-01-08 02:50:16.724980,wave,36.3,flower,62.34,53.29
bc844b42-c918-4666-92f2-855c7bc34c43,dcc30a17-dd66-4b29-8ab5-4bb2f754488d,721f4239-d4b9-4879-bf73-6347b15883c3,2026-01-08 02:50:43.724980,explore,32.5,paintbrush,61.24,29.42
68badc77-61d1-4c9e-9136-a1cb036400d8,dcc30a17-dd66-4b29-8ab5-4bb2f754488d,721f4239-d4b9-4879-bf73-6347b15883c3,2026-01-08 02:50:58.724980,spawn_object,49.2,flower,18.57,34.92
f4500d03-0310-47c7-97c5-700a325630b7,dcc30a17-dd66-4b29-8ab5-4bb2f754488d,721f4239-d4b9-4879-bf73-6347b15883c3,2026-01-08 02:51:10.724980,spawn_object,39.0,flower,2.25,67.03
a50ba872-d096-41e9-8867-c84615a6b7bd,dcc30a17-dd66-4b29-8ab5-4bb2f754488d,721f4239-d4b9-4879-bf73-6347b15883c3,2026-01-08 02:51:18.724980,explore,38.0,paintbrush,60.26,25.69
7e88c34c-5321-44d5-a1f8-2651899fd0bd,dcc30a17-dd66-4b29-8ab5-4bb2f754488d,721f4239-d4b9-4879-bf73-6347b15883c3,2026-01-08 02:51:24.724980,explore,44.6,cube,5.55,82.13
cdb88161-4127-4227-af57-7a34ea4554a1,dcc30a17-dd66-4b29-8ab5-4bb2f754488d,721f4239-d4b9-4879-bf73-6347b15883c3,2026-01-08 02:51:53.724980,explore,38.6,flower,78.95,2.3
120d11a4-3a5b-4136-9581-2ea721441232,dcc30a17-dd66-4b29-8ab5-4bb2f754488d,721f4239-d4b9-4879-bf73-6347b15883c3,2026-01-08 02:52:23.724980,explore,42.7,flower,17.28,25.14
8e7b9269-5ec0-449e-9144-af75e6a6348c,dcc30a17-dd66-4b29-8ab5-4bb2f754488d,721f4239-d4b9-4879-bf73-6347b15883c3,2026-01-08 02:52:36.724980,wave,35.6,paintbrush,55.8,50.34
5c982166-aeb9-49c9-abc4-51cdb885a438,dcc30a17-dd66-4b29-8ab5-4bb2f754488d,721f4239-d4b9-4879-bf73-6347b15883c3,2026-01-08 02:53:05.724980,explore,48.9,cube,90.01,61.4
4d646ef0-074a-4206-a34a-136ca848d021,dcc30a17-dd66-4b29-8ab5-4bb2f754488d,721f4239-d4b9-4879-bf73-6347b15883c3,2026-01-08 02:53:28.724980,wave,33.5,paintbrush,17.74,6.9
28ced89b-2663-4f50-a180-790cb428f0f4,dcc30a17-dd66-4b29-8ab5-4bb2f754488d,721f4239-d4b9-4879-bf73-6347b15883c3,2026-01-08 02:53:55.724980,explore,42.0,cube,31.09,33.62
f43b939a-cfde-4acc-84dd-f8cf443d23ab,dcc30a17-dd66-4b29-8ab5-4bb2f754488d,721f4239-d4b9-4879-bf73-6347b15883c3,2026-01-08 02:54:15.724980,explore,34.2,cube,28.62,89.8
41edf6c8-b23b-4a55-b6b4-65b34f139fa9,dcc30a17-dd66-4b29-8ab5-4bb2f754488d,721f4239-d4b9-4879-bf73-6347b15883c3,2026-01-08 02:54:24.724980,explore,48.0,cube,65.69,53.32
95e7fe52-95a6-44bd-a0ec-a3e4237218a1,bbb02af1-bc44-4525-aae8-078847966ebb,9bd8d47d-bcbb-434d-a9dd-957b55fc7206,2026-01-08 08:39:34.724980,wave,36.3,cube,7.49,31.71
c25f11e8-51e6-4ccc-a541-26a08d6b56f7,bbb02af1-bc44-4525-aae8-078847966ebb,9bd8d47d-bcbb-434d-a9dd-957b55fc7206,2026-01-08 08:39:40.724980,explore,39.6,cube,78.47,65.59
45585a5b-2375-4c35-a423-d8fd54f82a80,bbb02af1-bc44-4525-aae8-078847966ebb,9bd8d47d-bcbb-434d-a9dd-957b55fc7206,2026-01-08 08:40:07.724980,explore,41.7,cube,93.9,94.28
5b1593b4-87c6-4ba1-b400-400024638435,bbb02af1-bc44-4525-aae8-078847966ebb,9bd8d47d-bcbb-434d-a9dd-957b55fc7206,2026-01-08 08:40:26.724980,explore,42.8,flower,40.7,77.67
50584362-5931-4ca1-983a-6a469c0269c9,bbb02af1-bc44-4525-aae8-078847966ebb,9bd8d47d-bcbb-434d-a9dd-957b55fc7206,2026-01-08 08:40:37.724980,explore,38.1,paintbrush,57.11,66.72
74711c63-1a3f-4dc6-b9f8-e475ea9043a2,bbb02af1-bc44-4525-aae8-078847966ebb,9bd8d47d-bcbb-434d-a9dd-957b55fc7206,2026-01-08 08:40:57.724980,explore,45.8,paintbrush,77.17,18.86
5c59ea4a-0ef3-48e2-a34b-5c0ee1b6205d,bbb02af1-bc44-4525-aae8-078847966ebb,9bd8d47d-bcbb-434d-a9dd-957b55fc7206,2026-01-08 08:41:22.724980,explore,42.2,paintbrush,67.33,69.53
6c4802a1-abe2-47cc-a4ef-901b1702466b,bbb02af1-bc44-4525-aae8-078847966ebb,9bd8d47d-bcbb-434d-a9dd-957b55fc7206,2026-01-08 08:41:44.724980,explore,46.8,flower,93.2,68.48
203fa5af-3aaa-4069-b3ae-8369cacf4d29,bbb02af1-bc44-4525-aae8-078847966ebb,9bd8d47d-bcbb-434d-a9dd-957b55fc7206,2026-01-08 08:42:00.724980,explore,39.9,flower,61.49,29.96
5539553c-5bb6-488f-befd-df7cd9dc318e,bbb02af1-bc44-4525-aae8-078847966ebb,9bd8d47d-bcbb-434d-a9dd-957b55fc7206,2026-01-08 08:42:21.724980,spawn_object,48.9,paintbrush,4.81,33.39
22187aac-e89b-4407-a614-a01d3e660240,bbb02af1-bc44-4525-aae8-078847966ebb,9bd8d47d-bcbb-434d-a9dd-957b55fc7206,2026-01-08 08:42:41.724980,explore,43.8,paintbrush,61.04,52.21
d3fc1c34-735a-406a-905a-dc9a97ba0ae4,f60681d2-cfcd-4bfc-b5cb-2b467a713dd0,040a44f6-cd8c-430b-a7cb-b8f655d7305e,2026-01-07 16:29:17.724980,wave,34.0,flower,25.16,24.58
68204ddd-c520-4640-bf45-41d2f5863311,f60681d2-cfcd-4bfc-b5cb-2b467a713dd0,040a44f6-cd8c-430b-a7cb-b8f655d7305e,2026-01-07 16:29:26.724980,wave,39.8,paintbrush,32.22,96.48
377599a7-2af3-48f4-8b68-38505072c977,f60681d2-cfcd-4bfc-b5cb-2b467a713dd0,040a44f6-cd8c-430b-a7cb-b8f655d7305e,2026-01-07 16:29:39.724980,wave,42.6,paintbrush,50.21,25.22
732333e0-c8f4-4d29-b4ac-a896779b34de,f60681d2-cfcd-4bfc-b5cb-2b467a713dd0,040a44f6-cd8c-430b-a7cb-b8f655d7305e,2026-01-07 16:30:03.724980,explore,49.3,paintbrush,7.28,43.72
62711981-db44-4249-b811-f852d0891dde,f60681d2-cfcd-4bfc-b5cb-2b467a713dd0,040a44f6-cd8c-430b-a7cb-b8f655d7305e,2026-01-07 16:30:28.724980,explore,35.0,cube,1.69,27.94
52f3d767-3527-4034-973a-092fc87c51ff,f60681d2-cfcd-4bfc-b5cb-2b467a713dd0,040a44f6-cd8c-430b-a7cb-b8f655d7305e,2026-01-07 16:30:33.724980,wave,42.5,cube,20.47,56.43
4e3dc2dd-582e-4550-9477-0c4cfc503dff,f60681d2-cfcd-4bfc-b5cb-2b467a713dd0,040a44f6-cd8c-430b-a7cb-b8f655d7305e,2026-01-07 16:31:00.724980,explore,39.1,cube,82.5,0.78
efa176d3-145a-4606-b84b-6066059c607e,f60681d2-cfcd-4bfc-b5cb-2b467a713dd0,040a44f6-cd8c-430b-a7cb-b8f655d7305e,2026-01-07 16:31:20.724980,explore,42.0,flower,99.6,44.0
8a626835-b55e-42c0-bd3e-34259860dfb4,f60681d2-cfcd-4bfc-b5cb-2b467a713dd0,040a44f6-cd8c-430b-a7cb-b8f655d7305e,2026-01-07 16:31:29.724980,wave,31.4,flower,79.24,13.51
6895f654-bfa0-40f7-89ad-649bd9fe0711,f60681d2-cfcd-4bfc-b5cb-2b467a713dd0,040a44f6-cd8c-430b-a7cb-b8f655d7305e,2026-01-07 16:31:50.724980,explore,35.5,cube,10.79,54.71
d74effd4-15ed-4cfd-99c1-1362095f7aef,f60681d2-cfcd-4bfc-b5cb-2b467a713dd0,040a44f6-cd8c-430b-a7cb-b8f655d7305e,2026-01-07 16:32:17.724980,explore,35.0,paintbrush,23.02,26.76
cbbe9c7d-d68c-4b11-ba79-2ca570e268e0,f60681d2-cfcd-4bfc-b5cb-2b467a713dd0,040a44f6-cd8c-430b-a7cb-b8f655d7305e,2026-01-07 16:32:42.724980,wave,41.3,cube,2.71,21.57
f29b927b-f82c-424d-8453-2c5a6a177c22,08b64b97-79fa-46c4-8b5c-99551b2c8b3f,d0163984-a28d-4f63-872b-a5f7ab5c360a,2026-01-07 23:48:19.724980,explore,36.1,paintbrush,29.21,80.43
7369fc5f-1174-4dfc-8bc0-7b1476f55ba2,08b64b97-79fa-46c4-8b5c-99551b2c8b3f,d0163984-a28d-4f63-872b-a5f7ab5c360a,2026-01-07 23:48:36.724980,wave,42.1,flower,86.05,15.2
26b5496c-4aab-4ec6-918c-9abaad54d015,08b64b97-79fa-46c4-8b5c-99551b2c8b3f,d0163984-a28d-4f63-872b-a5f7ab5c360a,2026-01-07 23:48:49.724980,spawn_object,45.1,flower,32.04,58.58
7e53a724-9660-4672-9166-a58f8df4c998,08b64b97-79fa-46c4-8b5c-99551b2c8b3f,d0163984-a28d-4f63-872b-a5f7ab5c360a,2026-01-07 23:48:59.724980,wave,41.5,paintbrush,97.28,20.96
54a632bc-e8ce-4d81-b4a6-0aa611f0b874,08b64b97-79fa-46c4-8b5c-99551b2c8b3f,d0163984-a28d-4f63-872b-a5f7ab5c360a,2026-01-07 23:49:20.724980,explore,28.8,cube,32.32,88.72
bfe538fa-9dbc-48d6-b472-c8fee50e3a5d,08b64b97-79fa-46c4-8b5c-99551b2c8b3f,d0163984-a28d-4f63-872b-a5f7ab5c360a,2026-01-07 23:49:41.724980,explore,44.5,cube,62.98,2.99
d84f20d4-509e-4946-9457-9d51851f7cb9,08b64b97-79fa-46c4-8b5c-99551b2c8b3f,d0163984-a28d-4f63-872b-a5f7ab5c360a,2026-01-07 23:49:59.724980,explore,33.4,paintbrush,62.1,32.56
978c3077-b792-4276-a158-18b25030ddab,08b64b97-79fa-46c4-8b5c-99551b2c8b3f,d0163984-a28d-4f63-872b-a5f7ab5c360a,2026-01-07 23:50:04.724980,explore,38.7,flower,41.47,85.91
d892836e-7286-4279-987b-bc628ee12d24,08b64b97-79fa-46c4-8b5c-99551b2c8b3f,d0163984-a28d-4f63-872b-a5f7ab5c360a,2026-01-07 23:50:28.724980,wave,36.4,flower,77.75,4.02
869a69d5-4bbb-451c-92df-77a862d63724,08b64b97-79fa-46c4-8b5c-99551b2c8b3f,d0163984-a28d-4f63-872b-a5f7ab5c360a,2026-01-07 23:50:46.724980,explore,36.1,flower,18.06,66.41
f5815ce4-6053-46cd-9d4a-07a3fbbabe5c,08b64b97-79fa-46c4-8b5c-99551b2c8b3f,d0163984-a28d-4f63-872b-a5f7ab5c360a,2026-01-07 23:50:57.724980,explore,51.9,flower,13.06,40.49
f0d3cb6c-b475-4a62-9afd-d49d361bd66f,08b64b97-79fa-46c4-8b5c-99551b2c8b3f,d0163984-a28d-4f63-872b-a5f7ab5c360a,2026-01-07 23:51:06.724980,explore,34.4,cube,73.89,31.1
45edeec6-49ee-4f3d-ad25-9a3b6f2d540c,08b64b97-79fa-46c4-8b5c-99551b2c8b3f,d0163984-a28d-4f63-872b-a5f7ab5c360a,2026-01-07 23:51:18.724980,explore,37.9,paintbrush,48.18,90.0
d049b0a4-a1f9-43fc-8cbd-acfeae0af603,08b64b97-79fa-46c4-8b5c-99551b2c8b3f,d0163984-a28d-4f63-872b-a5f7ab5c360a,2026-01-07 23:51:27.724980,explore,36.5,flower,83.94,29.5
942ea30b-da4e-44be-96df-4bd85957ecc4,08b64b97-79fa-46c4-8b5c-99551b2c8b3f,d0163984-a28d-4f63-872b-a5f7ab5c360a,2026-01-07 23:51:39.724980,explore,48.6,flower,27.57,10.82
29b560e7-46d7-4b5a-a505-98be60a627d1,08b64b97-79fa-46c4-8b5c-99551b2c8b3f,d0163984-a28d-4f63-872b-a5f7ab5c360a,2026-01-07 23:51:54.724980,explore,33.7,flower,99.92,14.22
8ddbe25c-15bc-46ff-99a8-b04c30955756,08b64b97-79fa-46c4-8b5c-99551b2c8b3f,d0163984-a28d-4f63-872b-a5f7ab5c360a,2026-01-07 23:52:00.724980,explore,28.2,flower,44.4,59.68
95c0679a-c667-4bed-a409-39706fe3cfff,08b64b97-79fa-46c4-8b5c-99551b2c8b3f,d0163984-a28d-4f63-872b-a5f7ab5c360a,2026-01-07 23:52:26.724980,explore,37.8,cube,52.33,51.39
7a1302e1-106c-4850-be29-d854fcd07614,08b64b97-79fa-46c4-8b5c-99551b2c8b3f,d0163984-a28d-4f63-872b-a5f7ab5c360a,2026-01-07 23:52:55.724980,explore,30.6,paintbrush,51.36,88.16
fe11e5f0-6e73-4b08-b311-417bbc1d2370,08b64b97-79fa-46c4-8b5c-99551b2c8b3f,d0163984-a28d-4f63-872b-a5f7ab5c360a,2026-01-07 23:53:20.724980,explore,48.2,cube,65.2,34.05
3be1c4e7-837f-4336-b734-714a12e22cb9,08b64b97-79fa-46c4-8b5c-99551b2c8b3f,d0163984-a28d-4f63-872b-a5f7ab5c360a,2026-01-07 23:53:38.724980,explore,39.9,flower,7.41,39.33
d05d7481-24ec-4fe4-a4f5-bd0c7588d2bf,08b64b97-79fa-46c4-8b5c-99551b2c8b3f,d0163984-a28d-4f63-872b-a5f7ab5c360a,2026-01-07 23:53:43.724980,explore,43.5,paintbrush,50.56,51.43
3c57a77c-87e5-4084-b554-86e66f7b7301,08b64b97-79fa-46c4-8b5c-99551b2c8b3f,d0163984-a28d-4f63-872b-a5f7ab5c360a,2026-01-07 23:53:55.724980,explore,39.3,cube,20.92,36.36
5ea5706e-3cdb-4010-a27f-45e00782ae72,08b64b97-79fa-46c4-8b5c-99551b2c8b3f,d0163984-a28d-4f63-872b-a5f7ab5c360a,2026-01-07 23:54:12.724980,explore,38.1,flower,88.21,46.14
e9f7191b-db03-4528-9e68-efcd18f4f99b,08b64b97-79fa-46c4-8b5c-99551b2c8b3f,d0163984-a28d-4f63-872b-a5f7ab5c360a,2026-01-07 23:54:19.724980,spawn_object,40.9,paintbrush,67.55,28.14
4944989a-d69a-4594-bce5-bab761009bec,08b64b97-79fa-46c4-8b5c-99551b2c8b3f,d0163984-a28d-4f63-872b-a5f7ab5c360a,2026-01-07 23:54:40.724980,explore,42.8,flower,63.2,20.85
bf04a4f6-733a-4dd1-9098-ee3c1007c3fb,08b64b97-79fa-46c4-8b5c-99551b2c8b3f,d0163984-a28d-4f63-872b-a5f7ab5c360a,2026-01-07 23:55:02.724980,explore,48.8,paintbrush,75.25,59.15
0fc7172f-7fce-4f17-9376-5ecbc9fe9330,08b64b97-79fa-46c4-8b5c-99551b2c8b3f,d0163984-a28d-4f63-872b-a5f7ab5c360a,2026-01-07 23:55:24.724980,wave,39.7,flower,24.17,12.2
1075ef33-eaa0-4c75-884e-3e1547539a0e,08b64b97-79fa-46c4-8b5c-99551b2c8b3f,d0163984-a28d-4f63-872b-a5f7ab5c360a,2026-01-07 23:55:36.724980,spawn_object,39.2,cube,1.67,65.89
3c20c2e0-e5f5-489a-b38d-e014871e4082,08b64b97-79fa-46c4-8b5c-99551b2c8b3f,d0163984-a28d-4f63-872b-a5f7ab5c360a,2026-01-07 23:55:41.724980,wave,47.0,paintbrush,97.96,10.01
907a46d1-2695-4996-9237-d890212f94dd,08b64b97-79fa-46c4-8b5c-99551b2c8b3f,d0163984-a28d-4f63-872b-a5f7ab5c360a,2026-01-07 23:56:04.724980,explore,36.3,flower,51.85,65.28
a8472cfe-7497-4f4d-95e2-05bea428e04f,08b64b97-79fa-46c4-8b5c-99551b2c8b3f,d0163984-a28d-4f63-872b-a5f7ab5c360a,2026-01-07 23:56:20.724980,wave,33.3,flower,3.44,62.18
d35a5959-3bb3-430f-9e0f-ac4f9b6cff05,08b64b97-79fa-46c4-8b5c-99551b2c8b3f,d0163984-a28d-4f63-872b-a5f7ab5c360a,2026-01-07 23:56:28.724980,explore,47.5,cube,2.68,49.83
8a4b9ba5-cde3-4c1f-86f4-dd4557b904ea,08b64b97-79fa-46c4-8b5c-99551b2c8b3f,d0163984-a28d-4f63-872b-a5f7ab5c360a,2026-01-07 23:56:38.724980,wave,49.6,flower,41.5,70.27
24c56c47-7956-451a-84f9-048a2b8778c5,08b64b97-79fa-46c4-8b5c-99551b2c8b3f,d0163984-a28d-4f63-872b-a5f7ab5c360a,2026-01-07 23:56:46.724980,explore,38.9,cube,78.23,11.5
55c9b9c9-8d18-46ba-b536-b831a003b7ae,08b64b97-79fa-46c4-8b5c-99551b2c8b3f,d0163984-a28d-4f63-872b-a5f7ab5c360a,2026-01-07 23:56:52.724980,explore,36.4,paintbrush,84.59,9.28
71b8b19f-b333-48ab-8d74-7dae7d738975,08b64b97-79fa-46c4-8b5c-99551b2c8b3f,d0163984-a28d-4f63-872b-a5f7ab5c360a,2026-01-07 23:56:58.724980,explore,38.3,paintbrush,58.09,70.35
50cdf99b-9654-489f-95ca-0350803054d1,d859daf7-2177-4ef0-9a09-6a7c244918a2,e4f5d269-b24d-4386-a9bc-a7ae4969d76a,2026-01-08 06:23:18.724980,explore,38.4,flower,56.13,6.03
8cf85135-b990-4f7a-b82a-3586b0ea1b34,d859daf7-2177-4ef0-9a09-6a7c244918a2,e4f5d269-b24d-4386-a9bc-a7ae4969d76a,2026-01-08 06:23:37.724980,spawn_object,47.2,cube,95.09,96.03
64987fef-83b8-40a6-9210-a58074c2b73e,d859daf7-2177-4ef0-9a09-6a7c244918a2,e4f5d269-b24d-4386-a9bc-a7ae4969d76a,2026-01-08 06:23:57.724980,explore,35.4,paintbrush,35.17,94.12
e08f426f-27a0-4f29-ba90-c99f7190de46,d859daf7-2177-4ef0-9a09-6a7c244918a2,e4f5d269-b24d-4386-a9bc-a7ae4969d76a,2026-01-08 06:24:14.724980,explore,44.3,flower,6.65,5.07
271ef77d-95f8-414b-99c7-b7ed482dae36,d859daf7-2177-4ef0-9a09-6a7c244918a2,e4f5d269-b24d-4386-a9bc-a7ae4969d76a,2026-01-08 06:24:42.724980,wave,49.4,paintbrush,72.9,1.05
5132b995-cefd-4b17-829d-84d4ce1f4f90,d859daf7-2177-4ef0-9a09-6a7c244918a2,e4f5d269-b24d-4386-a9bc-a7ae4969d76a,2026-01-08 06:25:07.724980,wave,37.1,cube,0.32,13.74
e27341b4-5382-4940-9d54-ed9eda9c0df0,d859daf7-2177-4ef0-9a09-6a7c244918a2,e4f5d269-b24d-4386-a9bc-a7ae4969d76a,2026-01-08 06:25:35.724980,wave,41.9,flower,59.48,5.19
5db43e94-d089-4e06-ab62-d8d2d8c60ff1,d859daf7-2177-4ef0-9a09-6a7c244918a2,e4f5d269-b24d-4386-a9bc-a7ae4969d76a,2026-01-08 06:25:59.724980,explore,43.5,paintbrush,13.8,74.73
0830cbe7-c59a-49ec-b74f-a131641aed27,d859daf7-2177-4ef0-9a09-6a7c244918a2,e4f5d269-b24d-4386-a9bc-a7ae4969d76a,2026-01-08 06:26:12.724980,explore,39.4,flower,81.05,41.27
fb32873d-f239-405b-9af6-e1a4bf0b7d3d,d859daf7-2177-4ef0-9a09-6a7c244918a2,e4f5d269-b24d-4386-a9bc-a7ae4969d76a,2026-01-08 06:26:40.724980,explore,40.6,cube,0.2,29.12
547feee1-11c4-48bc-b8c0-96edbd75e7da,d859daf7-2177-4ef0-9a09-6a7c244918a2,e4f5d269-b24d-4386-a9bc-a7ae4969d76a,2026-01-08 06:26:50.724980,explore,40.8,flower,93.42,1.91
371c0b02-15ab-473b-9891-5dc5ed0950e6,d859daf7-2177-4ef0-9a09-6a7c244918a2,e4f5d269-b24d-4386-a9bc-a7ae4969d76a,2026-01-08 06:27:04.724980,wave,39.6,flower,68.17,47.96
e82d9c6a-d07c-4d48-a9d7-84ddc546f01d,d859daf7-2177-4ef0-9a09-6a7c244918a2,e4f5d269-b24d-4386-a9bc-a7ae4969d76a,2026-01-08 06:27:13.724980,wave,40.9,flower,92.46,91.84
55db348b-3dbe-48aa-8a74-1b2311010418,d859daf7-2177-4ef0-9a09-6a7c244918a2,e4f5d269-b24d-4386-a9bc-a7ae4969d76a,2026-01-08 06:27:36.724980,wave,38.1,flower,78.06,12.37
683c8652-c139-4cb4-b72c-92b55a79c726,d859daf7-2177-4ef0-9a09-6a7c244918a2,e4f5d269-b24d-4386-a9bc-a7ae4969d76a,2026-01-08 06:27:57.724980,explore,42.0,flower,27.41,19.59
c6119adf-3d80-4977-aa87-2dc5e9f8d620,d859daf7-2177-4ef0-9a09-6a7c244918a2,e4f5d269-b24d-4386-a9bc-a7ae4969d76a,2026-01-08 06:28:07.724980,explore,45.2,flower,20.28,24.12
705f7b5a-8b30-416d-9c72-74adb2c93dae,d859daf7-2177-4ef0-9a09-6a7c244918a2,e4f5d269-b24d-4386-a9bc-a7ae4969d76a,2026-01-08 06:28:15.724980,explore,26.4,flower,49.53,60.06
8c3d8165-a211-4002-bc5f-af598e242ac9,d859daf7-2177-4ef0-9a09-6a7c244918a2,e4f5d269-b24d-4386-a9bc-a7ae4969d76a,2026-01-08 06:28:33.724980,explore,33.4,flower,16.18,51.54
17e13738-71fb-466a-8c87-9e492888624f,d859daf7-2177-4ef0-9a09-6a7c244918a2,e4f5d269-b24d-4386-a9bc-a7ae4969d76a,2026-01-08 06:28:40.724980,explore,33.3,flower,16.82,16.67
cbd971f7-ed81-41ab-bb7b-d074797e2560,d859daf7-2177-4ef0-9a09-6a7c244918a2,e4f5d269-b24d-4386-a9bc-a7ae4969d76a,2026-01-08 06:29:05.724980,explore,42.2,paintbrush,29.11,46.47
2bbdfae5-f8ff-47f2-bb97-3fd08c2ecbad,d859daf7-2177-4ef0-9a09-6a7c244918a2,e4f5d269-b24d-4386-a9bc-a7ae4969d76a,2026-01-08 06:29:24.724980,explore,34.2,flower,48.58,35.6
bb03dc24-36f8-4247-abc6-13661b037377,d859daf7-2177-4ef0-9a09-6a7c244918a2,e4f5d269-b24d-4386-a9bc-a7ae4969d76a,2026-01-08 06:29:48.724980,explore,32.9,cube,85.4,19.03
550ffb00-777d-4dc4-a19e-8f85b2710dea,d859daf7-2177-4ef0-9a09-6a7c244918a2,e4f5d269-b24d-4386-a9bc-a7ae4969d76a,2026-01-08 06:30:14.724980,explore,40.2,flower,83.93,29.68
f3baee75-81c8-494d-8cbb-cfd16df94871,d859daf7-2177-4ef0-9a09-6a7c244918a2,e4f5d269-b24d-4386-a9bc-a7ae4969d76a,2026-01-08 06:30:32.724980,explore,39.9,flower,67.59,95.46
cad34e62-d750-4ff4-b8f5-4fa6ad44e6d5,d859daf7-2177-4ef0-9a09-6a7c244918a2,e4f5d269-b24d-4386-a9bc-a7ae4969d76a,2026-01-08 06:30:55.724980,explore,44.2,flower,21.94,44.33
bdc8c8a6-eaeb-4ad8-94e9-2f6b017263a7,663e54aa-be98-4296-9a19-60678f6f150f,b78d8375-4073-453c-b596-fa22fc2fa604,2026-01-08 05:43:29.724980,wave,42.0,flower,55.98,12.33
a626c046-db9b-42da-8a47-b6a9a5ea7db5,663e54aa-be98-4296-9a19-60678f6f150f,b78d8375-4073-453c-b596-fa22fc2fa604,2026-01-08 05:43:36.724980,wave,36.9,flower,22.94,31.9
3c5b6b6c-6ab0-43ff-a7e5-a458a26afbc8,663e54aa-be98-4296-9a19-60678f6f150f,b78d8375-4073-453c-b596-fa22fc2fa604,2026-01-08 05:43:53.724980,explore,42.6,paintbrush,15.89,85.39
17f974c7-1d81-42f6-93e7-8895a0ea1f38,663e54aa-be98-4296-9a19-60678f6f150f,b78d8375-4073-453c-b596-fa22fc2fa604,2026-01-08 05:44:15.724980,spawn_object,36.6,cube,74.72,59.62
f04b5301-7ce3-4f34-bfb0-866583918042,663e54aa-be98-4296-9a19-60678f6f150f,b78d8375-4073-453c-b596-fa22fc2fa604,2026-01-08 05:44:29.724980,wave,35.9,flower,30.24,3.63
f5e80b32-30e1-4bac-819b-dc08d4bc18aa,663e54aa-be98-4296-9a19-60678f6f150f,b78d8375-4073-453c-b596-fa22fc2fa604,2026-01-08 05:44:41.724980,explore,42.5,paintbrush,77.34,2.23
1129507a-5384-4c70-ab11-4479169c626c,663e54aa-be98-4296-9a19-60678f6f150f,b78d8375-4073-453c-b596-fa22fc2fa604,2026-01-08 05:44:54.724980,explore,35.2,flower,56.15,58.98
c13ee119-f6d6-4ae2-8e92-9ffa6ea926ca,663e54aa-be98-4296-9a19-60678f6f150f,b78d8375-4073-453c-b596-fa22fc2fa604,2026-01-08 05:45:21.724980,explore,36.9,flower,27.53,21.07
65841168-8a6e-47f6-aad9-f7c73f671689,663e54aa-be98-4296-9a19-60678f6f150f,b78d8375-4073-453c-b596-fa22fc2fa604,2026-01-08 05:45:39.724980,explore,35.1,flower,11.41,77.64
b083c753-b7dd-490b-a07d-4b8f57b15c45,663e54aa-be98-4296-9a19-60678f6f150f,b78d8375-4073-453c-b596-fa22fc2fa604,2026-01-08 05:45:50.724980,explore,45.4,cube,16.67,98.48
2eb3bbcc-614e-4adc-af8d-8cc9982a1371,663e54aa-be98-4296-9a19-60678f6f150f,b78d8375-4073-453c-b596-fa22fc2fa604,2026-01-08 05:46:08.724980,spawn_object,51.5,paintbrush,41.96,78.09
f2a5de1b-c925-4755-abb7-99c802427244,663e54aa-be98-4296-9a19-60678f6f150f,b78d8375-4073-453c-b596-fa22fc2fa604,2026-01-08 05:46:30.724980,explore,33.0,cube,45.65,79.98
bb423e43-6065-4a75-ac20-d9201378ca3f,663e54aa-be98-4296-9a19-60678f6f150f,b78d8375-4073-453c-b596-fa22fc2fa604,2026-01-08 05:46:52.724980,wave,44.9,paintbrush,73.23,71.17
cd66bfc5-4343-47f0-8f69-ae5d8fca2756,663e54aa-be98-4296-9a19-60678f6f150f,b78d8375-4073-453c-b596-fa22fc2fa604,2026-01-08 05:47:14.724980,explore,40.8,flower,10.89,18.51
2e3751a3-92e1-4636-a28c-4519e393749f,663e54aa-be98-4296-9a19-60678f6f150f,b78d8375-4073-453c-b596-fa22fc2fa604,2026-01-08 05:47:25.724980,explore,42.0,cube,49.81,94.64
df1aa37b-ea75-495a-a4b5-be14b781f772,663e54aa-be98-4296-9a19-60678f6f150f,b78d8375-4073-453c-b596-fa22fc2fa604,2026-01-08 05:47:46.724980,wave,31.8,cube,73.42,8.41
14af284a-f37c-4357-afa1-b41f8d239679,663e54aa-be98-4296-9a19-60678f6f150f,b78d8375-4073-453c-b596-fa22fc2fa604,2026-01-08 05:47:59.724980,explore,37.4,flower,19.64,80.85
15e991be-5878-423b-a2a0-17111bb3f42c,663e54aa-be98-4296-9a19-60678f6f150f,b78d8375-4073-453c-b596-fa22fc2fa604,2026-01-08 05:48:20.724980,explore,41.7,flower,86.83,62.53
0c4dc520-79d1-4f4c-af5d-378c86e9f446,663e54aa-be98-4296-9a19-60678f6f150f,b78d8375-4073-453c-b596-fa22fc2fa604,2026-01-08 05:48:38.724980,wave,40.0,paintbrush,83.66,90.98
4351ef2d-aa1d-4197-b064-03c71512fd56,663e54aa-be98-4296-9a19-60678f6f150f,b78d8375-4073-453c-b596-fa22fc2fa604,2026-01-08 05:48:49.724980,explore,37.0,cube,57.39,64.08
4cd84170-f096-4f68-879c-7553f2ed16aa,663e54aa-be98-4296-9a19-60678f6f150f,b78d8375-4073-453c-b596-fa22fc2fa604,2026-01-08 05:48:54.724980,explore,49.7,flower,67.36,91.45
630fe403-c245-4a35-876c-3c91ee25d01a,663e54aa-be98-4296-9a19-60678f6f150f,b78d8375-4073-453c-b596-fa22fc2fa604,2026-01-08 05:49:18.724980,wave,41.3,paintbrush,66.78,98.31
3e883bb5-3d43-47d2-b533-8f2d57a0c838,21611bcc-47b4-421a-b91f-94ba0b3b86f9,05a48879-2444-4b96-81f6-584f81fd8561,2026-01-08 01:23:29.724980,explore,38.7,cube,55.21,79.85
32c29f0d-30fb-4062-b7dc-5e4a4515eda6,21611bcc-47b4-421a-b91f-94ba0b3b86f9,05a48879-2444-4b96-81f6-584f81fd8561,2026-01-08 01:23:48.724980,explore,44.1,cube,23.54,28.11
b9c1e65e-0c76-4278-bda0-aad853063476,21611bcc-47b4-421a-b91f-94ba0b3b86f9,05a48879-2444-4b96-81f6-584f81fd8561,2026-01-08 01:23:57.724980,explore,33.2,flower,17.01,41.89
4f91e51c-ce58-4869-91c4-5966aa1211e7,21611bcc-47b4-421a-b91f-94ba0b3b86f9,05a48879-2444-4b96-81f6-584f81fd8561,2026-01-08 01:24:20.724980,explore,39.7,cube,57.85,16.31
a0304a95-6283-42eb-b3c4-24a22ced4191,21611bcc-47b4-421a-b91f-94ba0b3b86f9,05a48879-2444-4b96-81f6-584f81fd8561,2026-01-08 01:24:30.724980,explore,47.0,cube,39.34,77.48
7823784d-c502-4e07-9331-9d842cb5b3ba,21611bcc-47b4-421a-b91f-94ba0b3b86f9,05a48879-2444-4b96-81f6-584f81fd8561,2026-01-08 01:24:56.724980,wave,43.1,flower,6.73,44.44
82cb29a7-d4d5-49ab-a296-7251e5b27d06,21611bcc-47b4-421a-b91f-94ba0b3b86f9,05a48879-2444-4b96-81f6-584f81fd8561,2026-01-08 01:25:19.724980,explore,45.4,flower,80.9,74.11
c780ca91-5ed8-4867-b348-35e0534749ca,21611bcc-47b4-421a-b91f-94ba0b3b86f9,05a48879-2444-4b96-81f6-584f81fd8561,2026-01-08 01:25:35.724980,explore,35.1,flower,20.14,99.67
65c844f6-3e6e-4ddf-9b79-000f9ca507c9,21611bcc-47b4-421a-b91f-94ba0b3b86f9,05a48879-2444-4b96-81f6-584f81fd8561,2026-01-08 01:25:52.724980,wave,33.2,cube,31.62,83.51
18ec6914-0afc-4361-be17-c3b95b934bc8,21611bcc-47b4-421a-b91f-94ba0b3b86f9,05a48879-2444-4b96-81f6-584f81fd8561,2026-01-08 01:26:10.724980,explore,38.9,paintbrush,64.38,72.47
468910a6-c00e-40e4-828f-8a3a99e0666d,21611bcc-47b4-421a-b91f-94ba0b3b86f9,05a48879-2444-4b96-81f6-584f81fd8561,2026-01-08 01:26:23.724980,explore,33.1,cube,76.91,58.71
ccb4ed31-bee7-4697-9673-f48d7c8d4f41,21611bcc-47b4-421a-b91f-94ba0b3b86f9,05a48879-2444-4b96-81f6-584f81fd8561,2026-01-08 01:26:47.724980,wave,35.6,flower,94.96,50.77
e027e3ee-4f8f-43ec-b498-09ac2f9d6cb5,21611bcc-47b4-421a-b91f-94ba0b3b86f9,05a48879-2444-4b96-81f6-584f81fd8561,2026-01-08 01:27:01.724980,explore,42.2,cube,2.78,29.76
44319006-a39e-4236-b8db-9d6e5934e4a4,21611bcc-47b4-421a-b91f-94ba0b3b86f9,05a48879-2444-4b96-81f6-584f81fd8561,2026-01-08 01:27:12.724980,wave,46.5,cube,83.52,61.81
fc662db5-3206-4162-bbeb-ed03ccd1d0ca,21611bcc-47b4-421a-b91f-94ba0b3b86f9,05a48879-2444-4b96-81f6-584f81fd8561,2026-01-08 01:27:21.724980,explore,38.7,flower,34.55,91.73
e384dc63-86da-4a89-8c83-a7b39c656e9d,21611bcc-47b4-421a-b91f-94ba0b3b86f9,05a48879-2444-4b96-81f6-584f81fd8561,2026-01-08 01:27:27.724980,explore,42.8,cube,81.72,2.88
04f5053c-0d2a-478c-a4d2-cdd67006ccf9,21611bcc-47b4-421a-b91f-94ba0b3b86f9,05a48879-2444-4b96-81f6-584f81fd8561,2026-01-08 01:27:51.724980,wave,35.3,paintbrush,66.59,92.85
31b527ec-8eeb-4178-aa23-29d5ff34a584,691e662b-d185-4608-a53b-27b01c975608,cc9d178b-d987-4564-a108-e09b045c1da7,2026-01-07 17:26:17.724980,spawn_object,48.5,flower,26.38,51.78
894f054a-5878-4e19-a23e-17e686d027e2,691e662b-d185-4608-a53b-27b01c975608,cc9d178b-d987-4564-a108-e09b045c1da7,2026-01-07 17:26:45.724980,explore,41.3,cube,13.42,78.42
bf4e5026-c737-4d4f-95cd-69755b6656ef,691e662b-d185-4608-a53b-27b01c975608,cc9d178b-d987-4564-a108-e09b045c1da7,2026-01-07 17:27:07.724980,wave,38.7,flower,21.4,50.26
e932f273-7169-44b4-8d78-8a46906bebc7,691e662b-d185-4608-a53b-27b01c975608,cc9d178b-d987-4564-a108-e09b045c1da7,2026-01-07 17:27:33.724980,explore,37.8,flower,20.07,81.74
cfa7ed29-9b68-422a-a028-0a9f6022b7c4,691e662b-d185-4608-a53b-27b01c975608,cc9d178b-d987-4564-a108-e09b045c1da7,2026-01-07 17:27:51.724980,wave,41.9,cube,8.3,92.37
8071bda8-5add-4881-80d7-f2e596c8ddd0,691e662b-d185-4608-a53b-27b01c975608,cc9d178b-d987-4564-a108-e09b045c1da7,2026-01-07 17:28:01.724980,wave,34.8,flower,30.32,54.14
88d38a77-164a-46b4-912e-1e2ed106b4a4,691e662b-d185-4608-a53b-27b01c975608,cc9d178b-d987-4564-a108-e09b045c1da7,2026-01-07 17:28:07.724980,explore,35.0,cube,9.05,42.83
12988900-4483-471b-bdbb-306db5cc4587,691e662b-d185-4608-a53b-27b01c975608,cc9d178b-d987-4564-a108-e09b045c1da7,2026-01-07 17:28:27.724980,explore,26.7,paintbrush,58.5,78.12
c6416a0b-7a77-462b-9332-11e4dea15d5c,691e662b-d185-4608-a53b-27b01c975608,cc9d178b-d987-4564-a108-e09b045c1da7,2026-01-07 17:28:40.724980,explore,35.7,flower,71.8,36.86
3e988e83-598e-4fe1-96d2-ae225cdb2286,691e662b-d185-4608-a53b-27b01c975608,cc9d178b-d987-4564-a108-e09b045c1da7,2026-01-07 17:29:00.724980,explore,42.6,flower,52.79,20.27
b2858b24-4f3e-4151-9943-49396326f12f,691e662b-d185-4608-a53b-27b01c975608,cc9d178b-d987-4564-a108-e09b045c1da7,2026-01-07 17:29:07.724980,wave,46.8,paintbrush,57.86,92.56
c043ad1d-812c-4d0d-b6b6-bfa3d12a57d8,691e662b-d185-4608-a53b-27b01c975608,cc9d178b-d987-4564-a108-e09b045c1da7,2026-01-07 17:29:12.724980,explore,41.6,paintbrush,39.19,24.97
3cf1fbed-3d6f-4fa3-a7bc-0b0ba722c7be,691e662b-d185-4608-a53b-27b01c975608,cc9d178b-d987-4564-a108-e09b045c1da7,2026-01-07 17:29:22.724980,wave,44.1,flower,94.61,10.73
9850d95c-c851-414c-a62e-b416493e472f,691e662b-d185-4608-a53b-27b01c975608,cc9d178b-d987-4564-a108-e09b045c1da7,2026-01-07 17:29:40.724980,explore,37.2,cube,23.5,19.85
476f3524-3a89-4cc5-a532-07e50938e6f9,691e662b-d185-4608-a53b-27b01c975608,cc9d178b-d987-4564-a108-e09b045c1da7,2026-01-07 17:30:05.724980,explore,33.8,cube,54.22,81.27
7877a312-6062-4714-8818-a5f11088ed32,691e662b-d185-4608-a53b-27b01c975608,cc9d178b-d987-4564-a108-e09b045c1da7,2026-01-07 17:30:11.724980,wave,41.2,cube,72.78,4.34
dd4e9595-549b-4d53-abdc-ad4032b0bfba,691e662b-d185-4608-a53b-27b01c975608,cc9d178b-d987-4564-a108-e09b045c1da7,2026-01-07 17:30:25.724980,wave,34.4,cube,0.44,92.62
cf0c0348-96d0-4d61-897d-543d1956cea2,691e662b-d185-4608-a53b-27b01c975608,cc9d178b-d987-4564-a108-e09b045c1da7,2026-01-07 17:30:41.724980,wave,39.4,paintbrush,58.68,11.81
4696af67-31d7-4804-8671-31fafb38744e,691e662b-d185-4608-a53b-27b01c975608,cc9d178b-d987-4564-a108-e09b045c1da7,2026-01-07 17:30:49.724980,spawn_object,36.8,cube,60.14,22.89
b3702b69-868c-4aab-b840-03abfa79fa4f,691e662b-d185-4608-a53b-27b01c975608,cc9d178b-d987-4564-a108-e09b045c1da7,2026-01-07 17:30:58.724980,explore,43.5,paintbrush,71.27,77.83
24947bd1-b285-4a8d-9d0d-d105f5275543,691e662b-d185-4608-a53b-27b01c975608,cc9d178b-d987-4564-a108-e09b045c1da7,2026-01-07 17:31:19.724980,explore,43.5,cube,17.9,90.23
fef31ef7-14b1-4412-b141-eb02a00b67b1,f3387119-a663-4493-a355-3b75714e2d65,aa7444ba-d558-4b8f-aed2-f27b456c1662,2026-01-07 21:27:26.724980,wave,38.9,flower,86.09,76.77
99b93e0b-428b-483e-a8cd-94431d71ee52,f3387119-a663-4493-a355-3b75714e2d65,aa7444ba-d558-4b8f-aed2-f27b456c1662,2026-01-07 21:27:55.724980,wave,37.7,flower,3.1,50.05
fa40f55f-9bed-4b81-b012-42a352af32b9,f3387119-a663-4493-a355-3b75714e2d65,aa7444ba-d558-4b8f-aed2-f27b456c1662,2026-01-07 21:28:24.724980,spawn_object,42.1,cube,19.56,34.41
8401f4ba-2ba3-455e-9daa-53b21d972e5a,f3387119-a663-4493-a355-3b75714e2d65,aa7444ba-d558-4b8f-aed2-f27b456c1662,2026-01-07 21:28:45.724980,explore,39.2,paintbrush,85.17,93.75
ce4bab9e-537a-4d38-a31f-071d547a328b,f3387119-a663-4493-a355-3b75714e2d65,aa7444ba-d558-4b8f-aed2-f27b456c1662,2026-01-07 21:29:12.724980,wave,32.2,flower,21.07,33.05
83a9d166-b176-4545-81f0-8a413cf5bf33,f3387119-a663-4493-a355-3b75714e2d65,aa7444ba-d558-4b8f-aed2-f27b456c1662,2026-01-07 21:29:30.724980,explore,42.4,cube,97.55,0.81
1f245a2a-3fa2-482b-9299-a412cecb6576,f3387119-a663-4493-a355-3b75714e2d65,aa7444ba-d558-4b8f-aed2-f27b456c1662,2026-01-07 21:29:45.724980,spawn_object,47.1,paintbrush,5.21,75.23
f6c1dffa-93a6-4122-9527-da1671116a09,f3387119-a663-4493-a355-3b75714e2d65,aa7444ba-d558-4b8f-aed2-f27b456c1662,2026-01-07 21:30:05.724980,explore,45.2,flower,70.77,45.88
95abe909-183f-4fa8-9b10-2ba76e28737e,f3387119-a663-4493-a355-3b75714e2d65,aa7444ba-d558-4b8f-aed2-f27b456c1662,2026-01-07 21:30:30.724980,explore,50.5,paintbrush,72.89,55.58
35257b7c-d5a6-4617-8cb9-1ef9382b40b3,f3387119-a663-4493-a355-3b75714e2d65,aa7444ba-d558-4b8f-aed2-f27b456c1662,2026-01-07 21:30:47.724980,explore,35.0,paintbrush,53.93,40.94
94f2ead7-5f1e-4513-a7e7-e9b1dde0e84c,f3387119-a663-4493-a355-3b75714e2d65,aa7444ba-d558-4b8f-aed2-f27b456c1662,2026-01-07 21:31:09.724980,wave,35.4,cube,60.08,34.27
e93de4a4-4d36-496c-99cf-7026e2e49e88,f3387119-a663-4493-a355-3b75714e2d65,aa7444ba-d558-4b8f-aed2-f27b456c1662,2026-01-07 21:31:30.724980,explore,38.8,flower,17.96,8.87
f3deca78-9943-474e-845f-7543e16509e4,f3387119-a663-4493-a355-3b75714e2d65,aa7444ba-d558-4b8f-aed2-f27b456c1662,2026-01-07 21:31:53.724980,wave,39.5,flower,46.27,60.65
4a23c0b7-4f8e-44f8-af5f-b79d8f67233c,f3387119-a663-4493-a355-3b75714e2d65,aa7444ba-d558-4b8f-aed2-f27b456c1662,2026-01-07 21:32:08.724980,explore,44.7,cube,68.36,18.02
6443b274-b603-4279-9713-6778553ea225,f3387119-a663-4493-a355-3b75714e2d65,aa7444ba-d558-4b8f-aed2-f27b456c1662,2026-01-07 21:32:22.724980,explore,42.5,flower,27.33,49.4
348a528c-e8fd-4ee0-beb1-8991ec91d279,f3387119-a663-4493-a355-3b75714e2d65,aa7444ba-d558-4b8f-aed2-f27b456c1662,2026-01-07 21:32:44.724980,explore,31.9,cube,84.09,19.68
275eb6ba-fb24-4840-966c-e483f10acf29,f3387119-a663-4493-a355-3b75714e2d65,aa7444ba-d558-4b8f-aed2-f27b456c1662,2026-01-07 21:32:52.724980,wave,38.5,flower,10.03,11.36
79bd9945-597d-48a6-8207-98644ba34867,f3387119-a663-4493-a355-3b75714e2d65,aa7444ba-d558-4b8f-aed2-f27b456c1662,2026-01-07 21:32:59.724980,explore,38.2,paintbrush,24.87,30.43
fd4c2e1f-842d-4999-8c90-504297a3caa5,f3387119-a663-4493-a355-3b75714e2d65,aa7444ba-d558-4b8f-aed2-f27b456c1662,2026-01-07 21:33:16.724980,explore,39.0,flower,4.21,19.34
ce6e01cb-24cf-44f5-bade-555df9c80cac,f3387119-a663-4493-a355-3b75714e2d65,aa7444ba-d558-4b8f-aed2-f27b456c1662,2026-01-07 21:33:32.724980,explore,30.4,cube,32.98,82.68
a2bb7241-9937-4f9f-9e64-3da3cda8b6f0,f3387119-a663-4493-a355-3b75714e2d65,aa7444ba-d558-4b8f-aed2-f27b456c1662,2026-01-07 21:33:37.724980,wave,33.8,cube,8.34,61.48
67bba58e-b64b-4a91-99da-a96a6ae91060,4de8b7ef-694b-4062-b2be-1d31d410ab75,ef2857de-4f16-4fc6-b1d9-e2a269ca2068,2026-01-08 03:36:20.724980,explore,42.3,cube,30.07,42.88
46572666-63c1-4323-9db2-15e175b909bd,4de8b7ef-694b-4062-b2be-1d31d410ab75,ef2857de-4f16-4fc6-b1d9-e2a269ca2068,2026-01-08 03:36:36.724980,explore,41.8,paintbrush,35.54,84.07
6397c55c-bc3f-405a-b3bf-dfcf9f62af51,4de8b7ef-694b-4062-b2be-1d31d410ab75,ef2857de-4f16-4fc6-b1d9-e2a269ca2068,2026-01-08 03:36:45.724980,explore,42.8,paintbrush,50.99,16.64
3ac2b64f-dfb9-4381-b128-05e20c343fe7,4de8b7ef-694b-4062-b2be-1d31d410ab75,ef2857de-4f16-4fc6-b1d9-e2a269ca2068,2026-01-08 03:36:54.724980,explore,44.7,paintbrush,27.44,93.14
ee8cbe3a-7734-4a24-bfd7-67101e19374e,4de8b7ef-694b-4062-b2be-1d31d410ab75,ef2857de-4f16-4fc6-b1d9-e2a269ca2068,2026-01-08 03:37:02.724980,spawn_object,42.3,flower,88.65,70.38
bf721fdb-cfdb-47b2-90ef-2f7761226b33,4de8b7ef-694b-4062-b2be-1d31d410ab75,ef2857de-4f16-4fc6-b1d9-e2a269ca2068,2026-01-08 03:37:26.724980,explore,41.8,flower,50.1,22.05
ea661aac-c2e7-4b0c-ba26-8b4e3f4f3234,4de8b7ef-694b-4062-b2be-1d31d410ab75,ef2857de-4f16-4fc6-b1d9-e2a269ca2068,2026-01-08 03:37:38.724980,spawn_object,36.7,cube,6.86,4.31
4423cbc7-e5c9-4cf4-9851-db7fb7cd86db,4de8b7ef-694b-4062-b2be-1d31d410ab75,ef2857de-4f16-4fc6-b1d9-e2a269ca2068,2026-01-08 03:38:06.724980,wave,36.9,cube,31.11,34.84
dcc653d6-4269-4343-a686-02fd8afc40ad,4de8b7ef-694b-4062-b2be-1d31d410ab75,ef2857de-4f16-4fc6-b1d9-e2a269ca2068,2026-01-08 03:38:35.724980,explore,40.4,flower,93.6,84.41
f212d6bf-6e69-4dfd-ac06-0af4e9e46bcc,4de8b7ef-694b-4062-b2be-1d31d410ab75,ef2857de-4f16-4fc6-b1d9-e2a269ca2068,2026-01-08 03:38:59.724980,explore,29.6,cube,76.91,95.53
f31178d1-af04-4059-a7aa-b5c7dd767748,4de8b7ef-694b-4062-b2be-1d31d410ab75,ef2857de-4f16-4fc6-b1d9-e2a269ca2068,2026-01-08 03:39:23.724980,explore,29.3,flower,46.93,64.0
438b5d7d-e58c-40d5-9bc4-397c9b3a485b,2447f377-2adc-45e0-91bf-a57305c57729,9b61416f-98c1-4c80-bcf5-91c2fbb3d23a,2026-01-07 16:26:21.724980,wave,34.5,paintbrush,53.89,59.98
f0ffb576-3aea-4138-834f-25f4fd7af951,2447f377-2adc-45e0-91bf-a57305c57729,9b61416f-98c1-4c80-bcf5-91c2fbb3d23a,2026-01-07 16:26:30.724980,explore,42.9,flower,33.17,11.71
8a1822d6-332f-423e-b97d-3fc1b0c41ae9,2447f377-2adc-45e0-91bf-a57305c57729,9b61416f-98c1-4c80-bcf5-91c2fbb3d23a,2026-01-07 16:26:59.724980,spawn_object,46.0,paintbrush,33.18,89.6
e0f6964f-ecbe-4496-b971-c87850850fe6,2447f377-2adc-45e0-91bf-a57305c57729,9b61416f-98c1-4c80-bcf5-91c2fbb3d23a,2026-01-07 16:27:26.724980,explore,37.6,paintbrush,96.03,44.23
624e2e2e-dc0b-41c7-a3e1-bbf76374482d,2447f377-2adc-45e0-91bf-a57305c57729,9b61416f-98c1-4c80-bcf5-91c2fbb3d23a,2026-01-07 16:27:37.724980,explore,48.8,flower,89.62,68.47
659cae3a-fe37-4335-899a-e19a699778f9,2447f377-2adc-45e0-91bf-a57305c57729,9b61416f-98c1-4c80-bcf5-91c2fbb3d23a,2026-01-07 16:28:06.724980,explore,39.3,paintbrush,84.32,22.82
fed99842-f209-488e-b953-9acbd9497371,2447f377-2adc-45e0-91bf-a57305c57729,9b61416f-98c1-4c80-bcf5-91c2fbb3d23a,2026-01-07 16:28:23.724980,wave,39.3,flower,42.2,28.52
c0fe1ef4-5e92-44b8-8643-2f7c61896271,2447f377-2adc-45e0-91bf-a57305c57729,9b61416f-98c1-4c80-bcf5-91c2fbb3d23a,2026-01-07 16:28:47.724980,wave,43.0,cube,18.41,15.45
572de1c2-224d-47a4-8c81-930875cfbe20,2447f377-2adc-45e0-91bf-a57305c57729,9b61416f-98c1-4c80-bcf5-91c2fbb3d23a,2026-01-07 16:29:07.724980,spawn_object,35.5,cube,48.65,92.81
05ace34a-aafa-450e-b0cf-eb8fe6c493bc,2447f377-2adc-45e0-91bf-a57305c57729,9b61416f-98c1-4c80-bcf5-91c2fbb3d23a,2026-01-07 16:29:37.724980,explore,45.3,paintbrush,6.07,64.06
31990d24-4a1b-4eb2-ab1f-6229100c659a,2447f377-2adc-45e0-91bf-a57305c57729,9b61416f-98c1-4c80-bcf5-91c2fbb3d23a,2026-01-07 16:30:00.724980,explore,41.9,paintbrush,3.2,47.74
de07a0de-1ee4-4f12-aa96-89ab6719f50e,2447f377-2adc-45e0-91bf-a57305c57729,9b61416f-98c1-4c80-bcf5-91c2fbb3d23a,2026-01-07 16:30:05.724980,explore,46.8,cube,13.54,81.4
4b54b225-2af9-4e51-92b0-de81ee231cd8,2447f377-2adc-45e0-91bf-a57305c57729,9b61416f-98c1-4c80-bcf5-91c2fbb3d23a,2026-01-07 16:30:12.724980,explore,48.7,flower,13.79,16.34
dab72ce3-b00e-4313-9508-fb8ecaf7737e,2447f377-2adc-45e0-91bf-a57305c57729,9b61416f-98c1-4c80-bcf5-91c2fbb3d23a,2026-01-07 16:30:19.724980,wave,39.2,flower,99.15,40.36
ce150a4b-8189-47d1-b862-30e5f55b9393,2447f377-2adc-45e0-91bf-a57305c57729,9b61416f-98c1-4c80-bcf5-91c2fbb3d23a,2026-01-07 16:30:28.724980,wave,43.4,flower,97.58,39.52
c2b4cb46-d236-4c94-8083-7bde931a637b,2447f377-2adc-45e0-91bf-a57305c57729,9b61416f-98c1-4c80-bcf5-91c2fbb3d23a,2026-01-07 16:30:48.724980,wave,36.5,flower,61.58,93.82
bf4fb7dc-b17b-4f2c-9183-d0d9c7da0315,2447f377-2adc-45e0-91bf-a57305c57729,9b61416f-98c1-4c80-bcf5-91c2fbb3d23a,2026-01-07 16:31:10.724980,explore,45.3,flower,40.45,92.92
35fe4717-c46f-403f-9d18-f413929e25bf,2447f377-2adc-45e0-91bf-a57305c57729,9b61416f-98c1-4c80-bcf5-91c2fbb3d23a,2026-01-07 16:31:21.724980,explore,40.5,paintbrush,54.68,99.38
1ac2a74d-4fdb-48dc-a1ac-265ee09acd1e,2447f377-2adc-45e0-91bf-a57305c57729,9b61416f-98c1-4c80-bcf5-91c2fbb3d23a,2026-01-07 16:31:41.724980,wave,38.4,cube,66.84,35.65
bb794ca0-a1a2-4a06-92a4-bc8af3353880,2447f377-2adc-45e0-91bf-a57305c57729,9b61416f-98c1-4c80-bcf5-91c2fbb3d23a,2026-01-07 16:32:07.724980,wave,34.8,flower,17.87,96.33
073ddc37-398a-45fd-8cba-cce47db1de98,2447f377-2adc-45e0-91bf-a57305c57729,9b61416f-98c1-4c80-bcf5-91c2fbb3d23a,2026-01-07 16:32:28.724980,wave,45.6,cube,83.38,73.29
3cbb453e-d561-498e-b540-2b731a6cdfec,2447f377-2adc-45e0-91bf-a57305c57729,9b61416f-98c1-4c80-bcf5-91c2fbb3d23a,2026-01-07 16:32:36.724980,wave,44.1,flower,15.23,3.77
28347198-48c8-43ad-a606-90d8bdbfe8a4,2447f377-2adc-45e0-91bf-a57305c57729,9b61416f-98c1-4c80-bcf5-91c2fbb3d23a,2026-01-07 16:32:50.724980,explore,42.9,cube,24.72,98.07
2bba6eba-c831-4577-83a7-62d3d6e070c9,5b823251-8dff-4c46-b3aa-1a0090022649,fba86e6a-f4c1-4b7d-b619-1f41b6aad118,2026-01-07 18:19:20.724980,wave,46.0,cube,31.71,16.6
7d56d17f-e2f4-4eb5-801d-1887c8fe6ca8,5b823251-8dff-4c46-b3aa-1a0090022649,fba86e6a-f4c1-4b7d-b619-1f41b6aad118,2026-01-07 18:19:32.724980,spawn_object,34.0,paintbrush,44.53,53.8
98b2ba96-a7dc-4a06-8d3c-4823623bcf7a,5b823251-8dff-4c46-b3aa-1a0090022649,fba86e6a-f4c1-4b7d-b619-1f41b6aad118,2026-01-07 18:19:43.724980,spawn_object,47.2,cube,92.65,70.54
37d23f95-20db-4fb8-829f-36864726212d,5b823251-8dff-4c46-b3aa-1a0090022649,fba86e6a-f4c1-4b7d-b619-1f41b6aad118,2026-01-07 18:20:01.724980,explore,39.5,paintbrush,45.17,99.46
48bc0e1c-a3da-4797-80e5-1889399ef3a0,5b823251-8dff-4c46-b3aa-1a0090022649,fba86e6a-f4c1-4b7d-b619-1f41b6aad118,2026-01-07 18:20:12.724980,explore,36.8,cube,44.79,97.63
4074a78d-3d16-4c82-9308-0e5b1fb5311f,5b823251-8dff-4c46-b3aa-1a0090022649,fba86e6a-f4c1-4b7d-b619-1f41b6aad118,2026-01-07 18:20:17.724980,explore,40.7,flower,22.95,77.26
cfeeef7f-0bda-4577-bcb0-3441718ae630,5b823251-8dff-4c46-b3aa-1a0090022649,fba86e6a-f4c1-4b7d-b619-1f41b6aad118,2026-01-07 18:20:33.724980,spawn_object,41.3,paintbrush,94.11,36.47
efb2f93c-d489-4afc-86f2-acaf6b697ecc,5b823251-8dff-4c46-b3aa-1a0090022649,fba86e6a-f4c1-4b7d-b619-1f41b6aad118,2026-01-07 18:20:54.724980,explore,44.8,flower,79.36,8.29
75fb19a0-f723-454d-bd5c-57625206b4bc,5b823251-8dff-4c46-b3aa-1a0090022649,fba86e6a-f4c1-4b7d-b619-1f41b6aad118,2026-01-07 18:21:12.724980,explore,36.5,cube,32.72,13.19
c2b5aa2e-8c30-4b6e-834e-1f8f50002c10,5b823251-8dff-4c46-b3aa-1a0090022649,fba86e6a-f4c1-4b7d-b619-1f41b6aad118,2026-01-07 18:21:40.724980,wave,40.3,paintbrush,94.2,84.47
fd9e9ed7-ef8f-47a7-a5db-f0b53c2d24bc,5b823251-8dff-4c46-b3aa-1a0090022649,fba86e6a-f4c1-4b7d-b619-1f41b6aad118,2026-01-07 18:21:49.724980,explore,41.3,flower,92.62,44.19
598a7ae2-bd56-461a-b5cd-def516b9d6ee,5b823251-8dff-4c46-b3aa-1a0090022649,fba86e6a-f4c1-4b7d-b619-1f41b6aad118,2026-01-07 18:22:06.724980,explore,35.1,cube,53.57,14.83
01b5658f-6527-4b6f-8e19-5064bee09227,5b823251-8dff-4c46-b3aa-1a0090022649,fba86e6a-f4c1-4b7d-b619-1f41b6aad118,2026-01-07 18:22:19.724980,explore,33.0,paintbrush,63.62,86.78
3a840454-a813-4ce0-9bf7-effbe5da1bea,5b823251-8dff-4c46-b3aa-1a0090022649,fba86e6a-f4c1-4b7d-b619-1f41b6aad118,2026-01-07 18:22:44.724980,explore,39.4,flower,92.98,66.78
d30f9946-ce79-4af5-ac0b-a428808d2c9c,5b823251-8dff-4c46-b3aa-1a0090022649,fba86e6a-f4c1-4b7d-b619-1f41b6aad118,2026-01-07 18:23:09.724980,spawn_object,40.5,flower,20.17,83.11
37583b41-aed9-44b0-b3eb-1edbfa225e19,5b823251-8dff-4c46-b3aa-1a0090022649,fba86e6a-f4c1-4b7d-b619-1f41b6aad118,2026-01-07 18:23:30.724980,explore,40.9,paintbrush,20.1,10.12
70983abf-9109-4b9b-97dd-251f63eddf76,5b823251-8dff-4c46-b3aa-1a0090022649,fba86e6a-f4c1-4b7d-b619-1f41b6aad118,2026-01-07 18:23:57.724980,explore,44.3,cube,10.01,16.5
5c685e26-acf5-481c-a68b-fd8d02294f7c,5b823251-8dff-4c46-b3aa-1a0090022649,fba86e6a-f4c1-4b7d-b619-1f41b6aad118,2026-01-07 18:24:14.724980,wave,47.7,paintbrush,44.69,20.67
aa3eab10-b116-46b8-94f5-061cedc78563,5b823251-8dff-4c46-b3aa-1a0090022649,fba86e6a-f4c1-4b7d-b619-1f41b6aad118,2026-01-07 18:24:34.724980,explore,36.6,paintbrush,76.79,25.76
941b77c0-a372-471c-99eb-c651a18c81ca,5b823251-8dff-4c46-b3aa-1a0090022649,fba86e6a-f4c1-4b7d-b619-1f41b6aad118,2026-01-07 18:25:00.724980,wave,38.8,cube,99.16,29.27
20ef2647-2ce5-4835-9422-02ede64436c3,5b823251-8dff-4c46-b3aa-1a0090022649,fba86e6a-f4c1-4b7d-b619-1f41b6aad118,2026-01-07 18:25:22.724980,wave,39.2,paintbrush,33.98,65.41
afbcc819-b348-4c6a-bbc2-581dcf20bb3f,5b823251-8dff-4c46-b3aa-1a0090022649,fba86e6a-f4c1-4b7d-b619-1f41b6aad118,2026-01-07 18:25:45.724980,explore,34.3,flower,75.78,4.89
3e36c5e6-4aa6-4097-ae12-cefe1f108d30,5b823251-8dff-4c46-b3aa-1a0090022649,fba86e6a-f4c1-4b7d-b619-1f41b6aad118,2026-01-07 18:26:04.724980,wave,41.7,flower,81.07,96.6
13aff4ff-3fd9-4f12-9dae-87a41be44430,5b823251-8dff-4c46-b3aa-1a0090022649,fba86e6a-f4c1-4b7d-b619-1f41b6aad118,2026-01-07 18:26:12.724980,explore,33.1,paintbrush,47.82,80.07
3bbafe2d-e5d2-4719-9728-4695ff5d6bd4,5b823251-8dff-4c46-b3aa-1a0090022649,fba86e6a-f4c1-4b7d-b619-1f41b6aad118,2026-01-07 18:26:27.724980,wave,35.4,paintbrush,21.05,74.78
e8f07f51-9f1d-46ec-8dce-4a80896c1b8e,5b823251-8dff-4c46-b3aa-1a0090022649,fba86e6a-f4c1-4b7d-b619-1f41b6aad118,2026-01-07 18:26:32.724980,explore,36.6,flower,77.98,46.44
ba9bdfa7-7bdc-4d71-92e9-5e059e9cfd26,5b823251-8dff-4c46-b3aa-1a0090022649,fba86e6a-f4c1-4b7d-b619-1f41b6aad118,2026-01-07 18:27:02.724980,explore,44.8,flower,13.36,20.96
6165fd08-9f7d-4646-8b72-c8f621a490ea,5b823251-8dff-4c46-b3aa-1a0090022649,fba86e6a-f4c1-4b7d-b619-1f41b6aad118,2026-01-07 18:27:22.724980,spawn_object,38.2,flower,94.5,64.66
8ad92506-e18b-4d7d-8755-047aa9b00761,5b823251-8dff-4c46-b3aa-1a0090022649,fba86e6a-f4c1-4b7d-b619-1f41b6aad118,2026-01-07 18:27:48.724980,explore,32.1,paintbrush,52.1,15.89
ee293cc9-40d8-498f-a8a7-64cff30fade3,5b823251-8dff-4c46-b3aa-1a0090022649,fba86e6a-f4c1-4b7d-b619-1f41b6aad118,2026-01-07 18:27:54.724980,wave,37.0,cube,1.56,41.74
c12825ac-846d-43b1-8ac1-c251a0a4babe,5b823251-8dff-4c46-b3aa-1a0090022649,fba86e6a-f4c1-4b7d-b619-1f41b6aad118,2026-01-07 18:28:22.724980,explore,35.6,flower,52.44,20.28
f155ee97-ed3e-44f8-a970-b3046dcf90b3,5b823251-8dff-4c46-b3aa-1a0090022649,fba86e6a-f4c1-4b7d-b619-1f41b6aad118,2026-01-07 18:28:42.724980,explore,40.2,flower,45.28,91.12
a3e796b1-205a-4737-a45e-0d798d13126d,5b823251-8dff-4c46-b3aa-1a0090022649,fba86e6a-f4c1-4b7d-b619-1f41b6aad118,2026-01-07 18:28:48.724980,wave,39.4,paintbrush,31.86,40.67
1c88a193-e02d-47a7-a9ab-0093b0b5fa4d,5b823251-8dff-4c46-b3aa-1a0090022649,fba86e6a-f4c1-4b7d-b619-1f41b6aad118,2026-01-07 18:29:05.724980,explore,38.7,cube,60.43,42.1
ee36da38-0004-46d0-a6e1-f2487d4d3d08,5b823251-8dff-4c46-b3aa-1a0090022649,fba86e6a-f4c1-4b7d-b619-1f41b6aad118,2026-01-07 18:29:35.724980,spawn_object,44.6,paintbrush,80.72,19.49
8df97279-0632-4273-a3ab-a0e51895bb58,5b823251-8dff-4c46-b3aa-1a0090022649,fba86e6a-f4c1-4b7d-b619-1f41b6aad118,2026-01-07 18:30:01.724980,explore,43.9,flower,38.3,36.78
77f508da-ee66-4b74-8d1a-70d80905c420,5b823251-8dff-4c46-b3aa-1a0090022649,fba86e6a-f4c1-4b7d-b619-1f41b6aad118,2026-01-07 18:30:18.724980,explore,39.9,paintbrush,8.56,52.0
7cb8a8a7-e436-47d0-9404-470206459a33,5b823251-8dff-4c46-b3aa-1a0090022649,fba86e6a-f4c1-4b7d-b619-1f41b6aad118,2026-01-07 18:30:40.724980,wave,39.5,paintbrush,56.97,65.67
c6a370de-62c8-44f3-b67a-83358ea32735,5b823251-8dff-4c46-b3aa-1a0090022649,fba86e6a-f4c1-4b7d-b619-1f41b6aad118,2026-01-07 18:30:54.724980,explore,39.2,flower,68.15,46.63
9222f255-2ce1-4138-86df-b25771e61e4a,a9e10c37-c12d-4199-8d16-400d93d88582,1410e6ef-2fb4-4c37-af37-e50b7ed36ea5,2026-01-07 18:13:12.724980,explore,38.0,flower,17.12,5.89
57da7c0e-7975-48db-bb7c-508036d38de8,a9e10c37-c12d-4199-8d16-400d93d88582,1410e6ef-2fb4-4c37-af37-e50b7ed36ea5,2026-01-07 18:13:23.724980,wave,40.5,flower,82.76,13.25
8b7293a9-b160-4616-874a-7bd4d8a788ed,a9e10c37-c12d-4199-8d16-400d93d88582,1410e6ef-2fb4-4c37-af37-e50b7ed36ea5,2026-01-07 18:13:28.724980,wave,39.4,paintbrush,55.45,92.74
198c3c6d-4cb5-484b-ad26-5f9f61e0805a,a9e10c37-c12d-4199-8d16-400d93d88582,1410e6ef-2fb4-4c37-af37-e50b7ed36ea5,2026-01-07 18:13:57.724980,spawn_object,38.0,flower,27.09,69.67
6b0ff63a-be84-4e72-8fc1-4e3e6f035a6f,a9e10c37-c12d-4199-8d16-400d93d88582,1410e6ef-2fb4-4c37-af37-e50b7ed36ea5,2026-01-07 18:14:13.724980,spawn_object,38.6,paintbrush,70.66,61.8
bb0535a3-f060-47eb-9a25-ccba17758151,a9e10c37-c12d-4199-8d16-400d93d88582,1410e6ef-2fb4-4c37-af37-e50b7ed36ea5,2026-01-07 18:14:33.724980,explore,40.7,cube,81.03,70.01
bddc6f72-0cba-4532-a6e3-f119cb0639ec,a9e10c37-c12d-4199-8d16-400d93d88582,1410e6ef-2fb4-4c37-af37-e50b7ed36ea5,2026-01-07 18:14:41.724980,explore,34.3,flower,75.35,51.36
d37cc695-0d56-4965-81f4-000a26a7b04c,a9e10c37-c12d-4199-8d16-400d93d88582,1410e6ef-2fb4-4c37-af37-e50b7ed36ea5,2026-01-07 18:15:08.724980,explore,52.6,paintbrush,68.66,62.42
2ee8a6f8-5d03-4b1f-9ceb-0bf6ad9eaf9a,a9e10c37-c12d-4199-8d16-400d93d88582,1410e6ef-2fb4-4c37-af37-e50b7ed36ea5,2026-01-07 18:15:13.724980,wave,40.6,paintbrush,30.14,81.1
077cc452-849f-40ac-a9a7-b86872f540a7,a9e10c37-c12d-4199-8d16-400d93d88582,1410e6ef-2fb4-4c37-af37-e50b7ed36ea5,2026-01-07 18:15:40.724980,wave,32.2,flower,45.28,34.43
533768fa-8f2f-4cb3-84a8-1bd99a0e51a7,a9e10c37-c12d-4199-8d16-400d93d88582,1410e6ef-2fb4-4c37-af37-e50b7ed36ea5,2026-01-07 18:16:01.724980,explore,41.0,paintbrush,87.27,14.98
c90f103f-b2b4-4e33-b25d-7198e3474ef0,a9e10c37-c12d-4199-8d16-400d93d88582,1410e6ef-2fb4-4c37-af37-e50b7ed36ea5,2026-01-07 18:16:22.724980,wave,40.2,flower,64.65,29.7
98e05a9f-0423-45ff-8c73-9686a06a603c,a9e10c37-c12d-4199-8d16-400d93d88582,1410e6ef-2fb4-4c37-af37-e50b7ed36ea5,2026-01-07 18:16:52.724980,spawn_object,35.7,cube,95.23,41.97
60c6d4e5-a6f0-488c-8213-88b3b9ce5e21,a9e10c37-c12d-4199-8d16-400d93d88582,1410e6ef-2fb4-4c37-af37-e50b7ed36ea5,2026-01-07 18:16:58.724980,wave,35.3,cube,29.95,43.22
eb01e234-7a6f-437f-8ecd-7e001d54a4ce,a9e10c37-c12d-4199-8d16-400d93d88582,1410e6ef-2fb4-4c37-af37-e50b7ed36ea5,2026-01-07 18:17:18.724980,explore,36.8,paintbrush,13.86,61.88
f5d9919a-5166-48ac-b76a-b1135f637508,a9e10c37-c12d-4199-8d16-400d93d88582,1410e6ef-2fb4-4c37-af37-e50b7ed36ea5,2026-01-07 18:17:34.724980,wave,38.4,flower,66.41,13.45
53997f95-4d2d-4103-bd88-c5cfc6b86dff,a9e10c37-c12d-4199-8d16-400d93d88582,1410e6ef-2fb4-4c37-af37-e50b7ed36ea5,2026-01-07 18:17:43.724980,explore,48.5,cube,98.59,66.18
bde79f7e-02c8-4d07-a521-2832eddd515b,a9e10c37-c12d-4199-8d16-400d93d88582,1410e6ef-2fb4-4c37-af37-e50b7ed36ea5,2026-01-07 18:17:49.724980,wave,40.1,flower,25.89,7.07
41a239a3-4730-4a5e-83b0-03e8f833cd1e,a9e10c37-c12d-4199-8d16-400d93d88582,1410e6ef-2fb4-4c37-af37-e50b7ed36ea5,2026-01-07 18:18:10.724980,explore,54.2,flower,63.76,45.92
0b116bd0-894c-460b-a569-1c632f365044,a9e10c37-c12d-4199-8d16-400d93d88582,1410e6ef-2fb4-4c37-af37-e50b7ed36ea5,2026-01-07 18:18:27.724980,explore,46.5,paintbrush,31.77,96.38
50bc8a3a-5a2d-4fde-929d-9aa49263cc0d,a9e10c37-c12d-4199-8d16-400d93d88582,1410e6ef-2fb4-4c37-af37-e50b7ed36ea5,2026-01-07 18:18:49.724980,spawn_object,39.8,paintbrush,84.67,82.09
16d42e03-3e8b-42ad-be61-f911304eda13,a9e10c37-c12d-4199-8d16-400d93d88582,1410e6ef-2fb4-4c37-af37-e50b7ed36ea5,2026-01-07 18:19:11.724980,explore,42.5,cube,76.33,23.86
1cbbf8c4-95ab-465e-ac86-acc4704fb348,a9e10c37-c12d-4199-8d16-400d93d88582,1410e6ef-2fb4-4c37-af37-e50b7ed36ea5,2026-01-07 18:19:40.724980,explore,41.9,flower,2.91,31.48
d734e4f7-770b-463c-80c3-a3df918d822a,a9e10c37-c12d-4199-8d16-400d93d88582,1410e6ef-2fb4-4c37-af37-e50b7ed36ea5,2026-01-07 18:20:08.724980,explore,42.5,flower,19.34,49.02
16f7983a-1c6f-4545-8f53-82a8941db02e,a9e10c37-c12d-4199-8d16-400d93d88582,1410e6ef-2fb4-4c37-af37-e50b7ed36ea5,2026-01-07 18:20:23.724980,explore,35.0,cube,58.19,6.62
6029d6a3-cae7-4801-b5a4-3082d1a19fc2,a9e10c37-c12d-4199-8d16-400d93d88582,1410e6ef-2fb4-4c37-af37-e50b7ed36ea5,2026-01-07 18:20:42.724980,explore,43.7,paintbrush,71.53,58.89
e9b41dad-e5f8-4829-a613-e4d732805144,a9e10c37-c12d-4199-8d16-400d93d88582,1410e6ef-2fb4-4c37-af37-e50b7ed36ea5,2026-01-07 18:21:02.724980,explore,42.8,cube,62.37,22.34
85b054e3-94cf-4118-b096-725b19cff306,a9e10c37-c12d-4199-8d16-400d93d88582,1410e6ef-2fb4-4c37-af37-e50b7ed36ea5,2026-01-07 18:21:25.724980,explore,46.1,paintbrush,58.17,70.08
ca597c23-cf81-4509-a82a-f0ddba51f41e,a9e10c37-c12d-4199-8d16-400d93d88582,1410e6ef-2fb4-4c37-af37-e50b7ed36ea5,2026-01-07 18:21:32.724980,explore,42.3,flower,87.76,19.55
27cacc8a-c454-43ae-854a-7ac911c4d556,a9e10c37-c12d-4199-8d16-400d93d88582,1410e6ef-2fb4-4c37-af37-e50b7ed36ea5,2026-01-07 18:22:02.724980,wave,42.3,flower,28.17,33.81
54eb7d37-17e1-424c-a62a-f45b2dae5b02,a9e10c37-c12d-4199-8d16-400d93d88582,1410e6ef-2fb4-4c37-af37-e50b7ed36ea5,2026-01-07 18:22:09.724980,wave,42.2,paintbrush,33.95,0.76
b5816707-6aec-41d3-8afb-6091416207cc,a9e10c37-c12d-4199-8d16-400d93d88582,1410e6ef-2fb4-4c37-af37-e50b7ed36ea5,2026-01-07 18:22:22.724980,explore,47.8,flower,76.55,1.78
75d5d2c2-9ad7-47bc-ae21-abfaa8b9fb74,5f0d646e-2b9c-425c-b013-f06d6e680f18,05fd51a3-ff7f-4e32-93d0-22fdcbd0ae5d,2026-01-08 04:01:26.724980,explore,43.9,cube,55.33,49.32
a594cfc9-cb7f-43c1-9c33-856f91f007e7,5f0d646e-2b9c-425c-b013-f06d6e680f18,05fd51a3-ff7f-4e32-93d0-22fdcbd0ae5d,2026-01-08 04:01:36.724980,spawn_object,37.8,flower,79.76,72.4
1707cab7-f7fa-42fd-a712-44379dab7824,5f0d646e-2b9c-425c-b013-f06d6e680f18,05fd51a3-ff7f-4e32-93d0-22fdcbd0ae5d,2026-01-08 04:01:49.724980,wave,45.8,paintbrush,76.92,4.9
2b9e39dc-6e46-4944-b708-0584b2f802d2,5f0d646e-2b9c-425c-b013-f06d6e680f18,05fd51a3-ff7f-4e32-93d0-22fdcbd0ae5d,2026-01-08 04:02:06.724980,wave,38.1,flower,42.88,57.89
13d2cab6-b973-43dc-a9ad-9223522eca68,5f0d646e-2b9c-425c-b013-f06d6e680f18,05fd51a3-ff7f-4e32-93d0-22fdcbd0ae5d,2026-01-08 04:02:20.724980,explore,41.4,flower,88.79,94.53
1cb8d3b4-7be7-4096-b353-e992adbe1c51,5f0d646e-2b9c-425c-b013-f06d6e680f18,05fd51a3-ff7f-4e32-93d0-22fdcbd0ae5d,2026-01-08 04:02:30.724980,explore,35.9,cube,73.85,13.44
cbbce266-bafe-44e9-8420-2a16aca266f6,5f0d646e-2b9c-425c-b013-f06d6e680f18,05fd51a3-ff7f-4e32-93d0-22fdcbd0ae5d,2026-01-08 04:02:53.724980,wave,45.5,flower,5.2,98.7
2391c1e6-a7d1-42e0-8235-d1201b7f51b7,5f0d646e-2b9c-425c-b013-f06d6e680f18,05fd51a3-ff7f-4e32-93d0-22fdcbd0ae5d,2026-01-08 04:03:11.724980,wave,48.7,paintbrush,47.2,47.41
6bb223c1-01e8-423b-bdb4-97b0951de2d9,5f0d646e-2b9c-425c-b013-f06d6e680f18,05fd51a3-ff7f-4e32-93d0-22fdcbd0ae5d,2026-01-08 04:03:23.724980,explore,38.7,paintbrush,37.03,14.58
b3961fe3-a2e2-4735-8f75-89e5c217ccc3,5f0d646e-2b9c-425c-b013-f06d6e680f18,05fd51a3-ff7f-4e32-93d0-22fdcbd0ae5d,2026-01-08 04:03:40.724980,explore,35.8,cube,2.4,71.2
4b422cd7-22c8-49ec-9350-95c6498c1d53,5f0d646e-2b9c-425c-b013-f06d6e680f18,05fd51a3-ff7f-4e32-93d0-22fdcbd0ae5d,2026-01-08 04:03:57.724980,spawn_object,38.7,cube,17.95,43.63
a7ef1213-76e7-46d2-913e-b398ff131fdb,5f0d646e-2b9c-425c-b013-f06d6e680f18,05fd51a3-ff7f-4e32-93d0-22fdcbd0ae5d,2026-01-08 04:04:03.724980,explore,44.3,cube,20.37,64.09
bfce4a95-05cc-43a3-a32b-52c306cf4fe1,5f0d646e-2b9c-425c-b013-f06d6e680f18,05fd51a3-ff7f-4e32-93d0-22fdcbd0ae5d,2026-01-08 04:04:08.724980,wave,34.1,cube,20.41,66.25
785ccc78-4ebd-4b73-bc69-98815a57353f,5f0d646e-2b9c-425c-b013-f06d6e680f18,05fd51a3-ff7f-4e32-93d0-22fdcbd0ae5d,2026-01-08 04:04:24.724980,spawn_object,43.7,flower,57.94,63.39
a7a56dac-766e-48df-a187-6621d26a41c0,5f0d646e-2b9c-425c-b013-f06d6e680f18,05fd51a3-ff7f-4e32-93d0-22fdcbd0ae5d,2026-01-08 04:04:50.724980,wave,35.5,flower,3.41,13.28
18477cc0-322c-414b-8a6a-1bba44f4beb2,5f0d646e-2b9c-425c-b013-f06d6e680f18,05fd51a3-ff7f-4e32-93d0-22fdcbd0ae5d,2026-01-08 04:05:19.724980,wave,35.6,flower,14.04,8.37
105178a5-6493-41e4-ad9d-83511f4f2d17,5f0d646e-2b9c-425c-b013-f06d6e680f18,05fd51a3-ff7f-4e32-93d0-22fdcbd0ae5d,2026-01-08 04:05:31.724980,explore,30.8,cube,64.76,96.77
2ce5d6e5-4f05-4fe5-a0c7-33e56ca1f6a1,5f0d646e-2b9c-425c-b013-f06d6e680f18,05fd51a3-ff7f-4e32-93d0-22fdcbd0ae5d,2026-01-08 04:05:42.724980,explore,34.0,cube,90.02,65.44
6e861e5f-4c77-4b18-8393-94c9f2580043,5f0d646e-2b9c-425c-b013-f06d6e680f18,05fd51a3-ff7f-4e32-93d0-22fdcbd0ae5d,2026-01-08 04:05:50.724980,explore,40.4,paintbrush,96.51,20.82
07312dfb-951a-41d4-a359-e4d366eaa58a,5f0d646e-2b9c-425c-b013-f06d6e680f18,05fd51a3-ff7f-4e32-93d0-22fdcbd0ae5d,2026-01-08 04:05:57.724980,explore,44.9,cube,8.96,38.06
573a8490-1890-488a-9684-a8679f6d2bee,5f0d646e-2b9c-425c-b013-f06d6e680f18,05fd51a3-ff7f-4e32-93d0-22fdcbd0ae5d,2026-01-08 04:06:27.724980,explore,40.1,cube,37.91,77.66
f0eec1cf-2903-4987-8020-57a576e249c0,5f0d646e-2b9c-425c-b013-f06d6e680f18,05fd51a3-ff7f-4e32-93d0-22fdcbd0ae5d,2026-01-08 04:06:54.724980,spawn_object,39.5,flower,58.15,68.1
ddcd1eea-f55a-49b5-ab4f-fd7989c89036,5f0d646e-2b9c-425c-b013-f06d6e680f18,05fd51a3-ff7f-4e32-93d0-22fdcbd0ae5d,2026-01-08 04:07:05.724980,explore,42.8,paintbrush,16.19,23.23
82e1d493-55ee-4f00-8dd8-4c8cf0c5ab3e,5f0d646e-2b9c-425c-b013-f06d6e680f18,05fd51a3-ff7f-4e32-93d0-22fdcbd0ae5d,2026-01-08 04:07:17.724980,wave,41.4,flower,56.32,66.33
27097537-10e4-4611-8b79-16a615e158ac,5f0d646e-2b9c-425c-b013-f06d6e680f18,05fd51a3-ff7f-4e32-93d0-22fdcbd0ae5d,2026-01-08 04:07:43.724980,explore,31.2,flower,79.32,33.11
a308baaa-8545-4f00-b3cd-3ab9ff2b0f51,5f0d646e-2b9c-425c-b013-f06d6e680f18,05fd51a3-ff7f-4e32-93d0-22fdcbd0ae5d,2026-01-08 04:08:03.724980,explore,33.2,cube,33.18,50.35
831a7c05-5b83-4a59-9ef8-a51c174aa9a7,5f0d646e-2b9c-425c-b013-f06d6e680f18,05fd51a3-ff7f-4e32-93d0-22fdcbd0ae5d,2026-01-08 04:08:25.724980,explore,41.4,cube,47.51,47.27
fbc6daa4-b386-4a6e-816f-3481084201f6,5f0d646e-2b9c-425c-b013-f06d6e680f18,05fd51a3-ff7f-4e32-93d0-22fdcbd0ae5d,2026-01-08 04:08:43.724980,wave,30.8,paintbrush,27.97,6.57
1aeb3a62-1d85-4cc3-8a42-b344c3610fba,5f0d646e-2b9c-425c-b013-f06d6e680f18,05fd51a3-ff7f-4e32-93d0-22fdcbd0ae5d,2026-01-08 04:08:50.724980,wave,41.8,cube,11.82,64.25
b7121e0f-ea5c-4f62-a0d5-67eebea47a29,5f0d646e-2b9c-425c-b013-f06d6e680f18,05fd51a3-ff7f-4e32-93d0-22fdcbd0ae5d,2026-01-08 04:09:14.724980,spawn_object,53.3,cube,97.93,30.04
d39a595d-0d7e-4aa1-ba9a-e4ed91cc33b4,5f0d646e-2b9c-425c-b013-f06d6e680f18,05fd51a3-ff7f-4e32-93d0-22fdcbd0ae5d,2026-01-08 04:09:34.724980,explore,35.4,cube,17.17,29.67
1ed52cfa-6720-46ef-95da-370e8aba60ee,5f0d646e-2b9c-425c-b013-f06d6e680f18,05fd51a3-ff7f-4e32-93d0-22fdcbd0ae5d,2026-01-08 04:09:56.724980,explore,40.4,paintbrush,79.26,76.23
02e85215-52e3-4eec-8a00-a93c617323a0,5f0d646e-2b9c-425c-b013-f06d6e680f18,05fd51a3-ff7f-4e32-93d0-22fdcbd0ae5d,2026-01-08 04:10:03.724980,explore,41.0,flower,85.88,79.23
f29e3518-2871-48f4-966b-f2236b3bb1a6,5f0d646e-2b9c-425c-b013-f06d6e680f18,05fd51a3-ff7f-4e32-93d0-22fdcbd0ae5d,2026-01-08 04:10:28.724980,wave,42.7,cube,88.24,89.99
81e0a3e4-4c69-4d5b-98c7-0746a26cdd77,5f0d646e-2b9c-425c-b013-f06d6e680f18,05fd51a3-ff7f-4e32-93d0-22fdcbd0ae5d,2026-01-08 04:10:34.724980,explore,35.1,paintbrush,63.62,24.77
99c02f5f-40ba-4762-91c8-15cd723eba51,5f0d646e-2b9c-425c-b013-f06d6e680f18,05fd51a3-ff7f-4e32-93d0-22fdcbd0ae5d,2026-01-08 04:10:47.724980,explore,46.3,cube,30.42,1.75
dd3b1c62-37e5-4fbe-b82f-2252d942b5ec,ec9ec847-80b3-466d-bf83-6b2931b533b6,f56abd8e-b7b4-4265-94ff-cd13ec5f4cfb,2026-01-08 01:38:26.724980,explore,41.4,flower,25.74,47.59
44bf51f3-c454-4247-ae9f-ec687b8e07de,ec9ec847-80b3-466d-bf83-6b2931b533b6,f56abd8e-b7b4-4265-94ff-cd13ec5f4cfb,2026-01-08 01:38:49.724980,wave,41.6,paintbrush,16.07,83.27
3f84322a-2b96-4992-82fc-1a26f840a73a,ec9ec847-80b3-466d-bf83-6b2931b533b6,f56abd8e-b7b4-4265-94ff-cd13ec5f4cfb,2026-01-08 01:38:56.724980,spawn_object,44.2,paintbrush,25.63,11.95
01f80b64-5bd1-4882-8b08-628f70958449,ec9ec847-80b3-466d-bf83-6b2931b533b6,f56abd8e-b7b4-4265-94ff-cd13ec5f4cfb,2026-01-08 01:39:02.724980,explore,34.9,flower,92.14,57.0
ec5989e5-60a3-4a5e-a5cf-63318d2d0629,ec9ec847-80b3-466d-bf83-6b2931b533b6,f56abd8e-b7b4-4265-94ff-cd13ec5f4cfb,2026-01-08 01:39:10.724980,explore,38.7,paintbrush,15.59,24.65
eae5f9e8-ac94-4946-9b5f-af21220a4469,ec9ec847-80b3-466d-bf83-6b2931b533b6,f56abd8e-b7b4-4265-94ff-cd13ec5f4cfb,2026-01-08 01:39:30.724980,explore,35.6,paintbrush,73.6,8.22
7cc960a6-f1e6-4231-bcaa-445f9a890401,ec9ec847-80b3-466d-bf83-6b2931b533b6,f56abd8e-b7b4-4265-94ff-cd13ec5f4cfb,2026-01-08 01:39:59.724980,explore,49.8,cube,43.18,25.76
9c1b8563-ad42-472b-93fe-afb6d40f8f8d,ec9ec847-80b3-466d-bf83-6b2931b533b6,f56abd8e-b7b4-4265-94ff-cd13ec5f4cfb,2026-01-08 01:40:12.724980,explore,43.4,paintbrush,74.63,84.07
92822368-4bb7-42a8-a1da-59c55c1f03b2,ec9ec847-80b3-466d-bf83-6b2931b533b6,f56abd8e-b7b4-4265-94ff-cd13ec5f4cfb,2026-01-08 01:40:22.724980,explore,39.0,flower,57.68,34.93
5989d9a2-f764-42a9-a8ff-800600a29b71,ec9ec847-80b3-466d-bf83-6b2931b533b6,f56abd8e-b7b4-4265-94ff-cd13ec5f4cfb,2026-01-08 01:40:49.724980,explore,46.7,paintbrush,84.08,52.41
39545960-0441-49b3-8efd-07c565242a55,ec9ec847-80b3-466d-bf83-6b2931b533b6,f56abd8e-b7b4-4265-94ff-cd13ec5f4cfb,2026-01-08 01:41:10.724980,explore,30.1,cube,56.05,5.35
670ccc59-9a5f-4731-995d-89a9b511778b,ec9ec847-80b3-466d-bf83-6b2931b533b6,f56abd8e-b7b4-4265-94ff-cd13ec5f4cfb,2026-01-08 01:41:29.724980,explore,30.0,cube,75.32,36.29
7b87cf09-bb4b-4730-99a1-743c86586ed3,ec9ec847-80b3-466d-bf83-6b2931b533b6,f56abd8e-b7b4-4265-94ff-cd13ec5f4cfb,2026-01-08 01:41:43.724980,explore,39.3,paintbrush,66.83,38.42
b8460876-bb3b-43f9-b374-2f731f1a749d,ec9ec847-80b3-466d-bf83-6b2931b533b6,f56abd8e-b7b4-4265-94ff-cd13ec5f4cfb,2026-01-08 01:42:12.724980,wave,40.5,flower,51.83,59.34
6855c954-dc89-4013-baaf-094889cc4323,ec9ec847-80b3-466d-bf83-6b2931b533b6,f56abd8e-b7b4-4265-94ff-cd13ec5f4cfb,2026-01-08 01:42:19.724980,explore,41.1,cube,83.89,96.27
0b96d955-5b11-4256-837d-6db09b4464e3,c57a1fc0-0ef4-4ac9-83c5-5c98d3649e14,c6448c71-2c7d-4825-940e-8078a0636257,2026-01-07 17:41:19.724980,explore,38.2,paintbrush,13.98,76.46
f6a4ca9f-899b-4579-8dbb-15328294b71c,c57a1fc0-0ef4-4ac9-83c5-5c98d3649e14,c6448c71-2c7d-4825-940e-8078a0636257,2026-01-07 17:41:40.724980,explore,42.1,flower,28.49,67.21
9a9d1843-d8ab-490d-916e-2d73ef0d915f,c57a1fc0-0ef4-4ac9-83c5-5c98d3649e14,c6448c71-2c7d-4825-940e-8078a0636257,2026-01-07 17:41:49.724980,explore,39.5,flower,96.31,36.27
4fdb74a6-44e9-4530-838e-f670c6c47726,c57a1fc0-0ef4-4ac9-83c5-5c98d3649e14,c6448c71-2c7d-4825-940e-8078a0636257,2026-01-07 17:42:12.724980,explore,38.9,flower,71.46,20.84
a44af8b7-87c1-450f-88ab-1f2031fe4e7d,c57a1fc0-0ef4-4ac9-83c5-5c98d3649e14,c6448c71-2c7d-4825-940e-8078a0636257,2026-01-07 17:42:20.724980,wave,39.7,cube,29.92,61.73
fea18c4f-8fb7-4452-8ab5-2d0f02ba02f7,c57a1fc0-0ef4-4ac9-83c5-5c98d3649e14,c6448c71-2c7d-4825-940e-8078a0636257,2026-01-07 17:42:31.724980,spawn_object,45.1,paintbrush,71.53,95.35
7c838d9e-1342-4ce9-9e78-3b1544d62353,c57a1fc0-0ef4-4ac9-83c5-5c98d3649e14,c6448c71-2c7d-4825-940e-8078a0636257,2026-01-07 17:42:37.724980,spawn_object,35.2,cube,26.88,24.02
b008e29d-3639-4585-bc9a-c62dcadb9c49,c57a1fc0-0ef4-4ac9-83c5-5c98d3649e14,c6448c71-2c7d-4825-940e-8078a0636257,2026-01-07 17:42:53.724980,explore,35.1,paintbrush,59.72,76.62
91327995-7b5e-4088-8183-d9fb60120fa7,c57a1fc0-0ef4-4ac9-83c5-5c98d3649e14,c6448c71-2c7d-4825-940e-8078a0636257,2026-01-07 17:43:11.724980,wave,38.9,flower,50.12,19.53
b15bba84-33d5-4c77-8a83-9cad3ec9426f,c57a1fc0-0ef4-4ac9-83c5-5c98d3649e14,c6448c71-2c7d-4825-940e-8078a0636257,2026-01-07 17:43:32.724980,explore,44.2,paintbrush,40.02,39.99
30c34751-031a-4800-96fe-69fdb91305cb,c57a1fc0-0ef4-4ac9-83c5-5c98d3649e14,c6448c71-2c7d-4825-940e-8078a0636257,2026-01-07 17:43:54.724980,explore,33.0,paintbrush,53.95,38.35
147443cd-9f30-4d79-b25c-622295224570,c57a1fc0-0ef4-4ac9-83c5-5c98d3649e14,c6448c71-2c7d-4825-940e-8078a0636257,2026-01-07 17:44:10.724980,explore,37.5,flower,25.23,62.46
3fc9dd9e-f783-4422-a5b2-3d03334c80fb,c57a1fc0-0ef4-4ac9-83c5-5c98d3649e14,c6448c71-2c7d-4825-940e-8078a0636257,2026-01-07 17:44:23.724980,wave,35.2,paintbrush,76.28,22.24
82c219c0-7d13-4fbf-bc88-16487d1c7552,c57a1fc0-0ef4-4ac9-83c5-5c98d3649e14,c6448c71-2c7d-4825-940e-8078a0636257,2026-01-07 17:44:32.724980,wave,44.3,cube,58.92,19.47
63afa395-6394-49ca-b079-2a6a55d4038a,c57a1fc0-0ef4-4ac9-83c5-5c98d3649e14,c6448c71-2c7d-4825-940e-8078a0636257,2026-01-07 17:44:47.724980,spawn_object,42.3,cube,59.95,25.13
e51d4aae-42b9-488d-89a1-de5119599566,c57a1fc0-0ef4-4ac9-83c5-5c98d3649e14,c6448c71-2c7d-4825-940e-8078a0636257,2026-01-07 17:45:02.724980,explore,42.1,flower,25.44,58.44
854b0e63-bc05-4c2b-a79a-688aa71d4b0f,c57a1fc0-0ef4-4ac9-83c5-5c98d3649e14,c6448c71-2c7d-4825-940e-8078a0636257,2026-01-07 17:45:26.724980,explore,44.2,cube,44.97,23.59
e61f325a-0ab5-4566-9d2d-9119e4b8be25,c57a1fc0-0ef4-4ac9-83c5-5c98d3649e14,c6448c71-2c7d-4825-940e-8078a0636257,2026-01-07 17:45:35.724980,explore,37.2,flower,38.82,36.43
46e2e31e-49a2-4b5c-81e0-2bd66b24f608,c57a1fc0-0ef4-4ac9-83c5-5c98d3649e14,c6448c71-2c7d-4825-940e-8078a0636257,2026-01-07 17:45:49.724980,explore,41.5,paintbrush,98.19,62.06
92f42444-2090-4df5-ba96-452f925fc4c0,c57a1fc0-0ef4-4ac9-83c5-5c98d3649e14,c6448c71-2c7d-4825-940e-8078a0636257,2026-01-07 17:46:03.724980,explore,41.3,cube,69.5,90.86
bf3e00f6-67fc-4ca7-a72e-f008afef7bce,c57a1fc0-0ef4-4ac9-83c5-5c98d3649e14,c6448c71-2c7d-4825-940e-8078a0636257,2026-01-07 17:46:10.724980,explore,40.1,flower,4.87,75.49
02258cb0-e1e4-43b0-a59f-b94eb4d02a94,c57a1fc0-0ef4-4ac9-83c5-5c98d3649e14,c6448c71-2c7d-4825-940e-8078a0636257,2026-01-07 17:46:31.724980,explore,43.3,flower,99.98,14.4
ee44df1c-9064-4b1f-ba27-75f2779d32c4,c57a1fc0-0ef4-4ac9-83c5-5c98d3649e14,c6448c71-2c7d-4825-940e-8078a0636257,2026-01-07 17:46:36.724980,wave,39.1,paintbrush,57.8,85.64
6bc99713-8a6b-45eb-ac9d-68f137a966ec,c57a1fc0-0ef4-4ac9-83c5-5c98d3649e14,c6448c71-2c7d-4825-940e-8078a0636257,2026-01-07 17:46:54.724980,explore,41.1,flower,88.13,88.48
3e5c5bcb-039b-4200-a7f6-741772b8fe0c,c57a1fc0-0ef4-4ac9-83c5-5c98d3649e14,c6448c71-2c7d-4825-940e-8078a0636257,2026-01-07 17:47:13.724980,explore,44.3,paintbrush,27.02,25.49
53cc0f25-1661-42ec-a49a-caf5a7281a7e,c57a1fc0-0ef4-4ac9-83c5-5c98d3649e14,c6448c71-2c7d-4825-940e-8078a0636257,2026-01-07 17:47:43.724980,explore,43.9,cube,12.83,3.61
32439b0e-620d-4e72-ba66-77105e70d206,c57a1fc0-0ef4-4ac9-83c5-5c98d3649e14,c6448c71-2c7d-4825-940e-8078a0636257,2026-01-07 17:48:08.724980,wave,39.7,paintbrush,74.95,91.06
0469939d-66ee-42a6-a6b7-3e0eccfe4513,c57a1fc0-0ef4-4ac9-83c5-5c98d3649e14,c6448c71-2c7d-4825-940e-8078a0636257,2026-01-07 17:48:27.724980,explore,38.4,cube,74.93,3.2
753ec30d-2a58-4cb3-8b5c-dffb75de4d54,c57a1fc0-0ef4-4ac9-83c5-5c98d3649e14,c6448c71-2c7d-4825-940e-8078a0636257,2026-01-07 17:48:35.724980,explore,42.5,cube,11.09,10.31
2c7a1db4-492a-4929-bf25-cd757f84453b,c57a1fc0-0ef4-4ac9-83c5-5c98d3649e14,c6448c71-2c7d-4825-940e-8078a0636257,2026-01-07 17:48:42.724980,explore,45.7,flower,43.85,92.3
d914f83d-88bd-496a-8cf3-63669a3c92a2,c57a1fc0-0ef4-4ac9-83c5-5c98d3649e14,c6448c71-2c7d-4825-940e-8078a0636257,2026-01-07 17:49:00.724980,spawn_object,41.9,cube,44.28,62.99
b3dba943-e32c-41a4-a96d-c0b42df522ba,0ead89ed-df5a-4647-b125-2685b2029819,b8a9127b-fe3e-4e94-bcf8-72617aac05b7,2026-01-08 06:09:09.724980,explore,45.3,flower,64.33,99.32
73b0c4e5-6307-4d1f-9fa4-6d03e1c661f3,0ead89ed-df5a-4647-b125-2685b2029819,b8a9127b-fe3e-4e94-bcf8-72617aac05b7,2026-01-08 06:09:37.724980,wave,37.5,flower,68.26,18.76
21b71a33-6311-4aeb-a51a-5fca58aa2b11,0ead89ed-df5a-4647-b125-2685b2029819,b8a9127b-fe3e-4e94-bcf8-72617aac05b7,2026-01-08 06:09:53.724980,spawn_object,33.5,flower,8.96,7.21
feb7f3e7-172b-4a4f-aa9b-4b64ef7bf0d4,0ead89ed-df5a-4647-b125-2685b2029819,b8a9127b-fe3e-4e94-bcf8-72617aac05b7,2026-01-08 06:10:03.724980,explore,37.5,cube,43.34,18.68
b5c3fa79-26bf-4493-bfb1-41578e4a161b,0ead89ed-df5a-4647-b125-2685b2029819,b8a9127b-fe3e-4e94-bcf8-72617aac05b7,2026-01-08 06:10:25.724980,explore,44.0,flower,48.42,63.46
c57b04b0-da5b-4c72-b835-d320b1d5b8b7,0ead89ed-df5a-4647-b125-2685b2029819,b8a9127b-fe3e-4e94-bcf8-72617aac05b7,2026-01-08 06:10:38.724980,explore,27.6,flower,62.31,44.95
78eac047-3695-4959-abcf-d9a3348e5da4,0ead89ed-df5a-4647-b125-2685b2029819,b8a9127b-fe3e-4e94-bcf8-72617aac05b7,2026-01-08 06:10:45.724980,explore,39.1,flower,33.11,40.39
143b6e96-064f-4bb0-8c85-eb3271bc0e92,0ead89ed-df5a-4647-b125-2685b2029819,b8a9127b-fe3e-4e94-bcf8-72617aac05b7,2026-01-08 06:11:07.724980,explore,33.2,paintbrush,26.45,50.29
f7b4af99-559e-4188-b96d-2682e048c07e,0ead89ed-df5a-4647-b125-2685b2029819,b8a9127b-fe3e-4e94-bcf8-72617aac05b7,2026-01-08 06:11:27.724980,wave,46.6,cube,38.01,67.31
4b1d307f-de94-458d-a754-e19d4f336728,0ead89ed-df5a-4647-b125-2685b2029819,b8a9127b-fe3e-4e94-bcf8-72617aac05b7,2026-01-08 06:11:54.724980,explore,36.1,cube,55.58,59.05
13e3e3ac-b942-4cec-9906-f6765b57aa7b,0ead89ed-df5a-4647-b125-2685b2029819,b8a9127b-fe3e-4e94-bcf8-72617aac05b7,2026-01-08 06:12:12.724980,wave,49.9,paintbrush,31.6,59.79
ffc3b506-2d54-4efe-8660-889c4ffbab84,0ead89ed-df5a-4647-b125-2685b2029819,b8a9127b-fe3e-4e94-bcf8-72617aac05b7,2026-01-08 06:12:19.724980,wave,38.1,cube,32.12,97.03
c555678e-4ce5-4c51-a3a7-57e24e4682d4,0ead89ed-df5a-4647-b125-2685b2029819,b8a9127b-fe3e-4e94-bcf8-72617aac05b7,2026-01-08 06:12:39.724980,explore,37.8,flower,47.22,19.14
ab9688fe-c912-4f34-8ac7-96682447f154,0ead89ed-df5a-4647-b125-2685b2029819,b8a9127b-fe3e-4e94-bcf8-72617aac05b7,2026-01-08 06:12:56.724980,wave,35.7,paintbrush,79.32,10.0
7b0c89f4-e2f7-49bf-a101-3c8ebc8bf806,0ead89ed-df5a-4647-b125-2685b2029819,b8a9127b-fe3e-4e94-bcf8-72617aac05b7,2026-01-08 06:13:07.724980,spawn_object,41.2,cube,52.6,62.08
51c16c16-327c-4341-9a60-b0db3cbfedd5,0ead89ed-df5a-4647-b125-2685b2029819,b8a9127b-fe3e-4e94-bcf8-72617aac05b7,2026-01-08 06:13:34.724980,wave,33.0,cube,81.72,93.42
d03a21d5-d91f-44de-bfe4-6d7056376e8c,0ead89ed-df5a-4647-b125-2685b2029819,b8a9127b-fe3e-4e94-bcf8-72617aac05b7,2026-01-08 06:13:49.724980,spawn_object,41.5,flower,14.9,58.3
040672ec-32fe-4749-8402-507982188de1,0ead89ed-df5a-4647-b125-2685b2029819,b8a9127b-fe3e-4e94-bcf8-72617aac05b7,2026-01-08 06:14:07.724980,wave,47.4,cube,38.01,62.5
cc82b8bf-d70d-47ed-b2e9-919a3f52b39a,0ead89ed-df5a-4647-b125-2685b2029819,b8a9127b-fe3e-4e94-bcf8-72617aac05b7,2026-01-08 06:14:32.724980,explore,50.5,cube,84.46,71.39
9747a9c1-1261-4fbf-be1d-93ff51a964dc,0ead89ed-df5a-4647-b125-2685b2029819,b8a9127b-fe3e-4e94-bcf8-72617aac05b7,2026-01-08 06:14:42.724980,explore,42.8,flower,4.64,61.1
52172f8e-3a97-496c-b880-8491f2b89986,0ead89ed-df5a-4647-b125-2685b2029819,b8a9127b-fe3e-4e94-bcf8-72617aac05b7,2026-01-08 06:15:12.724980,explore,49.3,flower,36.92,2.07
b98e94c5-cf43-4138-9a12-3046b6122897,0ead89ed-df5a-4647-b125-2685b2029819,b8a9127b-fe3e-4e94-bcf8-72617aac05b7,2026-01-08 06:15:40.724980,explore,44.1,flower,1.94,14.24
8eb389a6-ef29-4060-b0ff-32571a2a7ae1,0ead89ed-df5a-4647-b125-2685b2029819,b8a9127b-fe3e-4e94-bcf8-72617aac05b7,2026-01-08 06:16:02.724980,wave,40.6,cube,37.48,8.14
32a4768d-b9a5-498f-84c2-33182fb5b2f2,0ead89ed-df5a-4647-b125-2685b2029819,b8a9127b-fe3e-4e94-bcf8-72617aac05b7,2026-01-08 06:16:23.724980,explore,34.0,paintbrush,95.71,1.19
6f7d0513-44c8-4671-84f6-3b2ae159bd42,0ead89ed-df5a-4647-b125-2685b2029819,b8a9127b-fe3e-4e94-bcf8-72617aac05b7,2026-01-08 06:16:52.724980,explore,40.7,flower,97.04,95.67
49c032cb-13fa-4575-bab4-089806845726,0ead89ed-df5a-4647-b125-2685b2029819,b8a9127b-fe3e-4e94-bcf8-72617aac05b7,2026-01-08 06:17:12.724980,explore,41.2,flower,6.2,23.73
f812d21e-262f-4e56-ad1d-730f43b6f9f9,0ead89ed-df5a-4647-b125-2685b2029819,b8a9127b-fe3e-4e94-bcf8-72617aac05b7,2026-01-08 06:17:37.724980,explore,38.5,flower,9.56,56.21
2538995b-53e2-4306-882d-ce70b8011c81,0ead89ed-df5a-4647-b125-2685b2029819,b8a9127b-fe3e-4e94-bcf8-72617aac05b7,2026-01-08 06:17:47.724980,wave,44.1,cube,74.08,47.23
a50febf0-45ba-45de-8bc4-7f30b4fe813a,0ead89ed-df5a-4647-b125-2685b2029819,b8a9127b-fe3e-4e94-bcf8-72617aac05b7,2026-01-08 06:17:55.724980,explore,43.4,cube,38.29,90.9
7b5e9446-d2ec-4b21-96f8-252ed1a0828b,0ead89ed-df5a-4647-b125-2685b2029819,b8a9127b-fe3e-4e94-bcf8-72617aac05b7,2026-01-08 06:18:05.724980,explore,39.1,flower,28.36,65.77
ff31b8d5-e13e-4499-853f-1ef375039b5a,0ead89ed-df5a-4647-b125-2685b2029819,b8a9127b-fe3e-4e94-bcf8-72617aac05b7,2026-01-08 06:18:17.724980,explore,32.9,paintbrush,81.88,27.82
57b0bc31-78b5-4df1-8382-518aab64faf1,0ead89ed-df5a-4647-b125-2685b2029819,b8a9127b-fe3e-4e94-bcf8-72617aac05b7,2026-01-08 06:18:46.724980,explore,38.4,paintbrush,79.49,59.71
57a1730d-a541-4199-80b7-1c9baf85f5d9,0ead89ed-df5a-4647-b125-2685b2029819,b8a9127b-fe3e-4e94-bcf8-72617aac05b7,2026-01-08 06:18:57.724980,wave,36.2,flower,95.6,83.84
4d51e766-bbee-4faf-b0f9-4f7963c02c71,0ead89ed-df5a-4647-b125-2685b2029819,b8a9127b-fe3e-4e94-bcf8-72617aac05b7,2026-01-08 06:19:19.724980,wave,35.7,cube,10.45,46.05
86621650-2ed1-4a73-b4ef-2bb9554a010c,0ead89ed-df5a-4647-b125-2685b2029819,b8a9127b-fe3e-4e94-bcf8-72617aac05b7,2026-01-08 06:19:35.724980,wave,44.3,flower,29.45,36.19
b6b39992-4a97-4a22-8451-5f7f7820e148,0ead89ed-df5a-4647-b125-2685b2029819,b8a9127b-fe3e-4e94-bcf8-72617aac05b7,2026-01-08 06:20:02.724980,explore,49.2,flower,70.44,72.95
31cb0319-e34d-4cd3-8af0-d267ec597a74,0ead89ed-df5a-4647-b125-2685b2029819,b8a9127b-fe3e-4e94-bcf8-72617aac05b7,2026-01-08 06:20:22.724980,explore,38.4,cube,62.83,1.52
6788c4d9-e79d-4c3b-9abd-c9cf03218e5f,0ead89ed-df5a-4647-b125-2685b2029819,b8a9127b-fe3e-4e94-bcf8-72617aac05b7,2026-01-08 06:20:30.724980,explore,42.7,paintbrush,18.87,23.93
e11153be-f4dd-47a5-9c3f-bc0e124b8d46,50c89c35-0dfc-4314-8c76-b322fef25091,7b92d926-159f-4ed2-9fe5-7e71df056b39,2026-01-07 23:37:14.724980,explore,41.0,cube,22.02,25.3
a2bfbfcf-b5a5-4f3b-9115-160af125b9cc,50c89c35-0dfc-4314-8c76-b322fef25091,7b92d926-159f-4ed2-9fe5-7e71df056b39,2026-01-07 23:37:40.724980,explore,40.9,flower,15.83,89.72
a09afea3-46ea-4077-8262-81b18d4f5266,50c89c35-0dfc-4314-8c76-b322fef25091,7b92d926-159f-4ed2-9fe5-7e71df056b39,2026-01-07 23:38:00.724980,explore,36.5,flower,22.03,61.54
c2eafc83-9dd0-4231-9b97-63fbf8a056bd,50c89c35-0dfc-4314-8c76-b322fef25091,7b92d926-159f-4ed2-9fe5-7e71df056b39,2026-01-07 23:38:06.724980,spawn_object,43.1,cube,25.14,18.24
faa73425-ed49-43dd-868b-5e454a70f2ee,50c89c35-0dfc-4314-8c76-b322fef25091,7b92d926-159f-4ed2-9fe5-7e71df056b39,2026-01-07 23:38:25.724980,explore,43.4,flower,35.63,36.89
a82f563b-2275-4b7c-a630-2e5a3d4280e5,50c89c35-0dfc-4314-8c76-b322fef25091,7b92d926-159f-4ed2-9fe5-7e71df056b39,2026-01-07 23:38:41.724980,wave,36.3,cube,8.21,50.76
2558a99e-e959-4914-80c1-9ad533a057b0,50c89c35-0dfc-4314-8c76-b322fef25091,7b92d926-159f-4ed2-9fe5-7e71df056b39,2026-01-07 23:38:52.724980,wave,41.6,cube,31.71,41.05
7b765e4f-d17b-430f-9135-e28871d78170,50c89c35-0dfc-4314-8c76-b322fef25091,7b92d926-159f-4ed2-9fe5-7e71df056b39,2026-01-07 23:39:10.724980,spawn_object,41.0,paintbrush,31.47,25.97
8c1b9c78-8642-430c-a494-91a4d99cb200,50c89c35-0dfc-4314-8c76-b322fef25091,7b92d926-159f-4ed2-9fe5-7e71df056b39,2026-01-07 23:39:17.724980,spawn_object,33.1,paintbrush,42.39,67.13
70d962a9-5ee0-4bce-a152-2cd6f2247942,50c89c35-0dfc-4314-8c76-b322fef25091,7b92d926-159f-4ed2-9fe5-7e71df056b39,2026-01-07 23:39:29.724980,explore,43.1,paintbrush,54.9,77.64
b0f032f2-f544-40e8-a470-0e33bab4e940,50c89c35-0dfc-4314-8c76-b322fef25091,7b92d926-159f-4ed2-9fe5-7e71df056b39,2026-01-07 23:39:55.724980,explore,40.3,cube,46.58,67.08
4990a782-1f37-4390-8aa7-f79767a93c16,50c89c35-0dfc-4314-8c76-b322fef25091,7b92d926-159f-4ed2-9fe5-7e71df056b39,2026-01-07 23:40:00.724980,wave,46.5,flower,32.34,35.24
83b5e40c-6c41-4072-b3d2-cdcce75ad05d,50c89c35-0dfc-4314-8c76-b322fef25091,7b92d926-159f-4ed2-9fe5-7e71df056b39,2026-01-07 23:40:14.724980,explore,40.2,cube,11.61,18.04
90996cf6-1f23-469c-8f87-c45339eb8595,50c89c35-0dfc-4314-8c76-b322fef25091,7b92d926-159f-4ed2-9fe5-7e71df056b39,2026-01-07 23:40:34.724980,wave,43.1,flower,58.06,87.05
a42eb5e5-fd8b-4e90-8260-30e89fb9db94,50c89c35-0dfc-4314-8c76-b322fef25091,7b92d926-159f-4ed2-9fe5-7e71df056b39,2026-01-07 23:40:47.724980,wave,42.7,flower,77.03,81.89
8165c32c-ae9b-4e96-9758-d2a1738f9c2a,50c89c35-0dfc-4314-8c76-b322fef25091,7b92d926-159f-4ed2-9fe5-7e71df056b39,2026-01-07 23:40:59.724980,spawn_object,32.8,cube,49.92,18.83
177f1935-148e-44f0-88d3-14e9e4f097a4,50c89c35-0dfc-4314-8c76-b322fef25091,7b92d926-159f-4ed2-9fe5-7e71df056b39,2026-01-07 23:41:25.724980,wave,47.5,paintbrush,22.95,83.37
7156fd42-674e-44bf-bda3-4125ae149d66,50c89c35-0dfc-4314-8c76-b322fef25091,7b92d926-159f-4ed2-9fe5-7e71df056b39,2026-01-07 23:41:33.724980,wave,42.5,flower,82.34,57.54
6e04d3e3-40ae-4dfe-9547-d83cfdc40fda,50c89c35-0dfc-4314-8c76-b322fef25091,7b92d926-159f-4ed2-9fe5-7e71df056b39,2026-01-07 23:41:52.724980,explore,42.6,cube,83.16,10.68
6f8896f5-370f-4f66-b3c8-de71382552fb,50c89c35-0dfc-4314-8c76-b322fef25091,7b92d926-159f-4ed2-9fe5-7e71df056b39,2026-01-07 23:41:57.724980,explore,41.5,paintbrush,83.46,53.81
71ea68d4-922b-4bd5-94dc-2f358195acc8,50c89c35-0dfc-4314-8c76-b322fef25091,7b92d926-159f-4ed2-9fe5-7e71df056b39,2026-01-07 23:42:05.724980,wave,37.3,paintbrush,53.6,23.18
53f6c264-ec59-4768-a4d3-ddc5985434c4,50c89c35-0dfc-4314-8c76-b322fef25091,7b92d926-159f-4ed2-9fe5-7e71df056b39,2026-01-07 23:42:21.724980,explore,43.4,cube,99.25,74.75
25d81c30-2cca-4d4d-9416-d7e24fff184a,50c89c35-0dfc-4314-8c76-b322fef25091,7b92d926-159f-4ed2-9fe5-7e71df056b39,2026-01-07 23:42:37.724980,explore,35.7,cube,16.39,74.63
74d89622-8ee4-43d2-aac8-97b7f79d06a2,50c89c35-0dfc-4314-8c76-b322fef25091,7b92d926-159f-4ed2-9fe5-7e71df056b39,2026-01-07 23:43:05.724980,explore,45.3,flower,1.76,42.92
102b79ef-4356-4e48-b6a2-d948ce9e9251,50c89c35-0dfc-4314-8c76-b322fef25091,7b92d926-159f-4ed2-9fe5-7e71df056b39,2026-01-07 23:43:27.724980,explore,46.3,cube,3.56,80.78
1bd9d9e3-df03-4498-82e2-96b26aa093a7,50c89c35-0dfc-4314-8c76-b322fef25091,7b92d926-159f-4ed2-9fe5-7e71df056b39,2026-01-07 23:43:47.724980,explore,39.2,paintbrush,7.46,99.75
f6155785-aa56-4f89-adec-8eb902a002ea,50c89c35-0dfc-4314-8c76-b322fef25091,7b92d926-159f-4ed2-9fe5-7e71df056b39,2026-01-07 23:43:59.724980,explore,48.8,paintbrush,48.42,11.45
c45ff992-e7b8-4be4-b176-55961a649c63,50c89c35-0dfc-4314-8c76-b322fef25091,7b92d926-159f-4ed2-9fe5-7e71df056b39,2026-01-07 23:44:10.724980,explore,33.5,flower,64.22,43.02
198b1cf3-309d-4d79-8dc0-768392c822c4,50c89c35-0dfc-4314-8c76-b322fef25091,7b92d926-159f-4ed2-9fe5-7e71df056b39,2026-01-07 23:44:31.724980,wave,39.3,flower,9.08,16.09
50d87d81-ba35-4864-a498-e12497717965,50c89c35-0dfc-4314-8c76-b322fef25091,7b92d926-159f-4ed2-9fe5-7e71df056b39,2026-01-07 23:44:36.724980,wave,37.4,paintbrush,96.68,72.23
ac036a5a-b55f-416e-b553-7f764c1b7d94,50c89c35-0dfc-4314-8c76-b322fef25091,7b92d926-159f-4ed2-9fe5-7e71df056b39,2026-01-07 23:44:47.724980,explore,46.1,flower,39.81,11.46
02f3c7d3-fefa-4055-8860-5dc2fa028c02,50c89c35-0dfc-4314-8c76-b322fef25091,7b92d926-159f-4ed2-9fe5-7e71df056b39,2026-01-07 23:45:15.724980,wave,40.6,paintbrush,60.5,7.85
667372db-b684-40a1-93ee-cf5df911678b,50c89c35-0dfc-4314-8c76-b322fef25091,7b92d926-159f-4ed2-9fe5-7e71df056b39,2026-01-07 23:45:27.724980,explore,41.3,flower,77.8,75.22
11cb84ac-7bef-44f7-816e-2e36d1530738,50c89c35-0dfc-4314-8c76-b322fef25091,7b92d926-159f-4ed2-9fe5-7e71df056b39,2026-01-07 23:45:47.724980,explore,37.0,paintbrush,52.05,20.88
05174cd1-899c-4fc3-bf2c-04aad3b4cac5,50c89c35-0dfc-4314-8c76-b322fef25091,7b92d926-159f-4ed2-9fe5-7e71df056b39,2026-01-07 23:46:01.724980,explore,40.8,cube,51.8,64.4
bd4113d7-1b7f-4f51-a36c-10a4ccbe17b6,50c89c35-0dfc-4314-8c76-b322fef25091,7b92d926-159f-4ed2-9fe5-7e71df056b39,2026-01-07 23:46:31.724980,spawn_object,44.9,paintbrush,84.16,50.87
01d0db9a-ba23-453f-9582-dd1d8174638f,50c89c35-0dfc-4314-8c76-b322fef25091,7b92d926-159f-4ed2-9fe5-7e71df056b39,2026-01-07 23:46:55.724980,wave,34.8,paintbrush,4.01,82.62
987eb1d5-c243-4375-96b0-d295793b98d3,4bd39602-bb75-4cf3-9a47-ff6c97e72f3f,6f47f6d4-c499-4603-8eec-9e66fda02486,2026-01-07 17:49:20.724980,spawn_object,68.4,asset_siren,9.51,83.43
d4f61d47-41dd-452d-8140-e2509b2f7a66,4bd39602-bb75-4cf3-9a47-ff6c97e72f3f,6f47f6d4-c499-4603-8eec-9e66fda02486,2026-01-07 17:49:34.724980,touch,85.8,asset_siren,74.44,22.3
c7b89536-3620-4096-933d-44f8c5880d5f,4bd39602-bb75-4cf3-9a47-ff6c97e72f3f,6f47f6d4-c499-4603-8eec-9e66fda02486,2026-01-07 17:50:00.724980,touch,98.0,asset_gun_01,41.72,77.2
6dc4fcc7-b523-46f3-8c0e-e81d1093e6de,4bd39602-bb75-4cf3-9a47-ff6c97e72f3f,6f47f6d4-c499-4603-8eec-9e66fda02486,2026-01-07 17:50:26.724980,spawn_object,87.6,asset_siren,78.06,19.36
1d85a918-4f46-4274-bcf5-fd57977b55ea,4bd39602-bb75-4cf3-9a47-ff6c97e72f3f,6f47f6d4-c499-4603-8eec-9e66fda02486,2026-01-07 17:50:51.724980,spawn_object,88.9,asset_gun_01,54.59,76.19
a59d7e95-d961-47ba-9ba3-39e5c9089c31,4bd39602-bb75-4cf3-9a47-ff6c97e72f3f,6f47f6d4-c499-4603-8eec-9e66fda02486,2026-01-07 17:51:17.724980,spawn_object,78.7,cube,47.55,33.01
92917542-a40b-4f18-b024-bdafb7c498de,4bd39602-bb75-4cf3-9a47-ff6c97e72f3f,6f47f6d4-c499-4603-8eec-9e66fda02486,2026-01-07 17:51:22.724980,idle,90.3,asset_siren,39.69,31.67
06b4a244-2536-44cd-b561-88e551da6701,4bd39602-bb75-4cf3-9a47-ff6c97e72f3f,6f47f6d4-c499-4603-8eec-9e66fda02486,2026-01-07 17:51:28.724980,touch,73.9,asset_gun_01,59.13,18.11
a7a51cc1-2f80-40af-a4f7-3d559f2712cc,4bd39602-bb75-4cf3-9a47-ff6c97e72f3f,6f47f6d4-c499-4603-8eec-9e66fda02486,2026-01-07 17:51:36.724980,spawn_object,84.2,asset_siren,76.16,87.82
8d874dde-4fc3-43d4-9996-bcdeface7410,4bd39602-bb75-4cf3-9a47-ff6c97e72f3f,6f47f6d4-c499-4603-8eec-9e66fda02486,2026-01-07 17:51:44.724980,touch,90.3,asset_gun_01,32.54,46.73
14b36269-4341-45b6-b43d-761dc13c79f4,4bd39602-bb75-4cf3-9a47-ff6c97e72f3f,6f47f6d4-c499-4603-8eec-9e66fda02486,2026-01-07 17:51:57.724980,spawn_object,93.1,asset_siren,34.14,80.49
7708187d-d7fc-4eed-b41d-1a17861828c7,4bd39602-bb75-4cf3-9a47-ff6c97e72f3f,6f47f6d4-c499-4603-8eec-9e66fda02486,2026-01-07 17:52:23.724980,spawn_object,77.2,asset_siren,52.53,97.29
5c739601-99ec-4576-adcb-bae42655f238,4bd39602-bb75-4cf3-9a47-ff6c97e72f3f,6f47f6d4-c499-4603-8eec-9e66fda02486,2026-01-07 17:52:53.724980,spawn_object,75.8,asset_siren,42.0,25.39
3af829c0-7243-4c17-8044-5fcdf3122c93,4bd39602-bb75-4cf3-9a47-ff6c97e72f3f,6f47f6d4-c499-4603-8eec-9e66fda02486,2026-01-07 17:53:12.724980,spawn_object,71.2,asset_siren,49.84,75.81
34f12bae-5f25-4ad3-a461-bf629423349e,4bd39602-bb75-4cf3-9a47-ff6c97e72f3f,6f47f6d4-c499-4603-8eec-9e66fda02486,2026-01-07 17:53:42.724980,spawn_object,79.3,asset_gun_01,84.6,1.83
69d4c576-ff98-4353-8b16-9cf64ddd324c,4bd39602-bb75-4cf3-9a47-ff6c97e72f3f,6f47f6d4-c499-4603-8eec-9e66fda02486,2026-01-07 17:54:07.724980,spawn_object,71.2,asset_siren,89.27,67.99
fe846680-a600-4330-80d7-7e1909f3cf88,4bd39602-bb75-4cf3-9a47-ff6c97e72f3f,6f47f6d4-c499-4603-8eec-9e66fda02486,2026-01-07 17:54:23.724980,spawn_object,94.3,cube,72.71,45.43
28bf8f87-3682-41c4-9f6e-f4c758350eed,4bd39602-bb75-4cf3-9a47-ff6c97e72f3f,6f47f6d4-c499-4603-8eec-9e66fda02486,2026-01-07 17:54:47.724980,spawn_object,85.9,asset_gun_01,16.96,77.01
209aefc8-c94d-41f6-a42b-4bd66a502cd3,4bd39602-bb75-4cf3-9a47-ff6c97e72f3f,6f47f6d4-c499-4603-8eec-9e66fda02486,2026-01-07 17:55:08.724980,spawn_object,103.6,asset_gun_01,56.72,71.98
bda0b128-3c1d-4354-9825-e203bab8637e,4bd39602-bb75-4cf3-9a47-ff6c97e72f3f,6f47f6d4-c499-4603-8eec-9e66fda02486,2026-01-07 17:55:31.724980,touch,86.9,asset_siren,56.79,86.85
72a3d474-cd66-4fd8-9612-302a5402511c,4bd39602-bb75-4cf3-9a47-ff6c97e72f3f,6f47f6d4-c499-4603-8eec-9e66fda02486,2026-01-07 17:55:47.724980,spawn_object,104.2,asset_gun_01,77.77,25.91
cb9b5b77-741e-4b15-a627-b30499dd423a,4bd39602-bb75-4cf3-9a47-ff6c97e72f3f,6f47f6d4-c499-4603-8eec-9e66fda02486,2026-01-07 17:56:04.724980,touch,81.8,asset_siren,0.52,82.14
4049a1a2-c70d-43e0-ae05-e3d48e3a8da4,4bd39602-bb75-4cf3-9a47-ff6c97e72f3f,6f47f6d4-c499-4603-8eec-9e66fda02486,2026-01-07 17:56:09.724980,spawn_object,75.2,asset_gun_01,70.74,71.84
30d56cef-a314-4575-a7e8-13395ddf8022,4bd39602-bb75-4cf3-9a47-ff6c97e72f3f,6f47f6d4-c499-4603-8eec-9e66fda02486,2026-01-07 17:56:20.724980,spawn_object,82.4,asset_gun_01,48.16,46.83
39cfff7d-1a52-46b6-a5ae-d81e66a53fbc,4bd39602-bb75-4cf3-9a47-ff6c97e72f3f,6f47f6d4-c499-4603-8eec-9e66fda02486,2026-01-07 17:56:35.724980,idle,87.2,asset_gun_01,38.02,10.94
44dda5f0-8c52-45f9-8e1b-4673c653ad64,4bd39602-bb75-4cf3-9a47-ff6c97e72f3f,6f47f6d4-c499-4603-8eec-9e66fda02486,2026-01-07 17:56:55.724980,touch,88.5,asset_gun_01,44.16,87.69
3134b0d5-5275-454c-bc39-d6e2cf49d7a5,4bd39602-bb75-4cf3-9a47-ff6c97e72f3f,6f47f6d4-c499-4603-8eec-9e66fda02486,2026-01-07 17:57:02.724980,touch,86.9,asset_siren,58.31,45.68
a827c57c-9123-48bc-b194-65d8955ff236,4bd39602-bb75-4cf3-9a47-ff6c97e72f3f,6f47f6d4-c499-4603-8eec-9e66fda02486,2026-01-07 17:57:29.724980,spawn_object,66.3,asset_gun_01,62.14,41.51
f3b37433-7ee1-48ab-9fdd-19e9a81f4427,4bd39602-bb75-4cf3-9a47-ff6c97e72f3f,6f47f6d4-c499-4603-8eec-9e66fda02486,2026-01-07 17:57:57.724980,spawn_object,100.5,asset_siren,44.86,67.87
48226f27-4dd0-40d2-ac81-13fba15f97d1,4bd39602-bb75-4cf3-9a47-ff6c97e72f3f,6f47f6d4-c499-4603-8eec-9e66fda02486,2026-01-07 17:58:13.724980,spawn_object,84.3,cube,86.18,7.03
7c7d5720-9022-49de-82cb-f4cc9101a308,4bd39602-bb75-4cf3-9a47-ff6c97e72f3f,6f47f6d4-c499-4603-8eec-9e66fda02486,2026-01-07 17:58:30.724980,touch,72.1,asset_gun_01,21.41,74.24
d4b85238-6445-418e-bbd1-6e125dae985f,4bd39602-bb75-4cf3-9a47-ff6c97e72f3f,6f47f6d4-c499-4603-8eec-9e66fda02486,2026-01-07 17:58:51.724980,spawn_object,101.5,asset_siren,24.43,18.95
6da4c0a0-0009-4a40-ad76-f00e94e141ac,4bd39602-bb75-4cf3-9a47-ff6c97e72f3f,6f47f6d4-c499-4603-8eec-9e66fda02486,2026-01-07 17:58:58.724980,spawn_object,72.8,asset_siren,54.26,53.65
ac22ae6a-0622-421b-8ce1-4d1c2d61e7e6,4bd39602-bb75-4cf3-9a47-ff6c97e72f3f,6f47f6d4-c499-4603-8eec-9e66fda02486,2026-01-07 17:59:11.724980,touch,91.3,asset_gun_01,13.68,6.33
4c7912d1-4ec7-4d8d-a424-0c6cec25ef49,4bd39602-bb75-4cf3-9a47-ff6c97e72f3f,6f47f6d4-c499-4603-8eec-9e66fda02486,2026-01-07 17:59:25.724980,touch,61.9,asset_gun_01,39.04,70.23
0ba896fb-9dfa-47dd-8650-faceac240b3b,4bd39602-bb75-4cf3-9a47-ff6c97e72f3f,6f47f6d4-c499-4603-8eec-9e66fda02486,2026-01-07 17:59:44.724980,touch,63.7,asset_siren,66.07,44.97
53ae1d08-7ed8-4729-85d5-907a60d7fb6b,4bd39602-bb75-4cf3-9a47-ff6c97e72f3f,6f47f6d4-c499-4603-8eec-9e66fda02486,2026-01-07 18:00:05.724980,touch,84.0,asset_gun_01,83.97,12.68
9530e8da-0abf-4fdc-9c2e-136612df3d4a,4bd39602-bb75-4cf3-9a47-ff6c97e72f3f,6f47f6d4-c499-4603-8eec-9e66fda02486,2026-01-07 18:00:24.724980,touch,92.4,asset_siren,12.16,97.31
d20b1070-2e25-4c92-b406-a40ba58c0bd6,4bd39602-bb75-4cf3-9a47-ff6c97e72f3f,6f47f6d4-c499-4603-8eec-9e66fda02486,2026-01-07 18:00:43.724980,touch,89.2,asset_siren,57.92,80.02
a6560a13-6461-4b8e-8736-d84e046d7b9e,4bd39602-bb75-4cf3-9a47-ff6c97e72f3f,6f47f6d4-c499-4603-8eec-9e66fda02486,2026-01-07 18:01:05.724980,spawn_object,79.4,asset_gun_01,53.02,99.99
44732684-656c-447d-8a5a-e4d51650e343,4bd39602-bb75-4cf3-9a47-ff6c97e72f3f,6f47f6d4-c499-4603-8eec-9e66fda02486,2026-01-07 18:01:27.724980,spawn_object,80.4,asset_gun_01,30.63,48.61
9bac589f-5da1-41ae-bd1a-813e29801139,4bd39602-bb75-4cf3-9a47-ff6c97e72f3f,6f47f6d4-c499-4603-8eec-9e66fda02486,2026-01-07 18:01:42.724980,spawn_object,82.3,asset_siren,50.26,43.51
1725d197-7122-4a6e-add5-81d3f4d6b6c7,4bd39602-bb75-4cf3-9a47-ff6c97e72f3f,6f47f6d4-c499-4603-8eec-9e66fda02486,2026-01-07 18:02:10.724980,spawn_object,71.3,cube,35.64,25.16
2a0fe662-85d1-4aea-b738-924f5a4ff006,4bd39602-bb75-4cf3-9a47-ff6c97e72f3f,6f47f6d4-c499-4603-8eec-9e66fda02486,2026-01-07 18:02:28.724980,touch,89.7,asset_siren,74.04,37.12
ff72baaf-70ab-4cb5-bb02-ec8ad8a99d38,4bd39602-bb75-4cf3-9a47-ff6c97e72f3f,6f47f6d4-c499-4603-8eec-9e66fda02486,2026-01-07 18:02:58.724980,spawn_object,95.1,asset_gun_01,91.55,43.83
ea2f1f04-1527-4b3c-a059-3727725027fa,4bd39602-bb75-4cf3-9a47-ff6c97e72f3f,6f47f6d4-c499-4603-8eec-9e66fda02486,2026-01-07 18:03:11.724980,touch,97.5,asset_siren,93.14,85.21
4d6d8f40-05ed-4b92-8c93-f8c61067d03f,4bd39602-bb75-4cf3-9a47-ff6c97e72f3f,6f47f6d4-c499-4603-8eec-9e66fda02486,2026-01-07 18:03:24.724980,idle,68.3,asset_gun_01,45.72,37.08
98f39f42-2838-4341-8862-c783a35216fd,4bd39602-bb75-4cf3-9a47-ff6c97e72f3f,6f47f6d4-c499-4603-8eec-9e66fda02486,2026-01-07 18:03:51.724980,spawn_object,95.7,asset_gun_01,0.48,37.46
764e0960-476e-4124-8193-a5bab469fb16,4bd39602-bb75-4cf3-9a47-ff6c97e72f3f,6f47f6d4-c499-4603-8eec-9e66fda02486,2026-01-07 18:04:11.724980,spawn_object,73.2,asset_gun_01,18.39,1.69
1397bef6-d95e-4d24-b332-e8a230b08734,4bd39602-bb75-4cf3-9a47-ff6c97e72f3f,6f47f6d4-c499-4603-8eec-9e66fda02486,2026-01-07 18:04:30.724980,spawn_object,92.9,asset_gun_01,7.35,79.69
aa95cfa1-369a-4364-b581-14ba005043a3,4bd39602-bb75-4cf3-9a47-ff6c97e72f3f,6f47f6d4-c499-4603-8eec-9e66fda02486,2026-01-07 18:04:52.724980,spawn_object,69.3,asset_gun_01,30.61,36.69
6e092439-0bf7-4778-ae72-31cd98773d02,eee5d91a-a6f2-417e-a007-69d211d51707,e46dcf33-7927-46e0-98a6-e6f5f8f77b13,2026-01-08 00:43:16.724980,explore,47.1,cube,92.84,85.51
9dc5be2b-e0db-4c39-b392-c2bd1769a133,eee5d91a-a6f2-417e-a007-69d211d51707,e46dcf33-7927-46e0-98a6-e6f5f8f77b13,2026-01-08 00:43:21.724980,spawn_object,38.9,paintbrush,73.31,19.37
5d573405-5c66-4ade-90b6-4c52fa7e48b6,eee5d91a-a6f2-417e-a007-69d211d51707,e46dcf33-7927-46e0-98a6-e6f5f8f77b13,2026-01-08 00:43:50.724980,spawn_object,39.7,cube,65.96,91.83
b5dd16e7-238c-4af3-b61d-5f72f9d2e84f,eee5d91a-a6f2-417e-a007-69d211d51707,e46dcf33-7927-46e0-98a6-e6f5f8f77b13,2026-01-08 00:44:02.724980,explore,33.9,flower,12.43,10.8
77179d68-bba2-4238-bdf6-ca2cdd0dd2fc,eee5d91a-a6f2-417e-a007-69d211d51707,e46dcf33-7927-46e0-98a6-e6f5f8f77b13,2026-01-08 00:44:16.724980,wave,49.0,flower,2.44,58.9
eeb57632-d5aa-48e6-a346-83e61161368f,eee5d91a-a6f2-417e-a007-69d211d51707,e46dcf33-7927-46e0-98a6-e6f5f8f77b13,2026-01-08 00:44:30.724980,spawn_object,32.7,paintbrush,80.2,6.74
1fe77ee4-e9b9-4d12-a953-52b000fcc1f5,eee5d91a-a6f2-417e-a007-69d211d51707,e46dcf33-7927-46e0-98a6-e6f5f8f77b13,2026-01-08 00:44:52.724980,wave,43.8,paintbrush,85.33,80.42
b6745733-7b6a-40d5-a46c-fa106c191669,eee5d91a-a6f2-417e-a007-69d211d51707,e46dcf33-7927-46e0-98a6-e6f5f8f77b13,2026-01-08 00:45:15.724980,wave,38.0,paintbrush,11.16,5.1
9d394109-a616-442d-9e52-8b761b3ae370,eee5d91a-a6f2-417e-a007-69d211d51707,e46dcf33-7927-46e0-98a6-e6f5f8f77b13,2026-01-08 00:45:29.724980,explore,39.9,cube,52.03,86.02
dd9fc7f4-1ca0-424c-b780-68df34b9489e,eee5d91a-a6f2-417e-a007-69d211d51707,e46dcf33-7927-46e0-98a6-e6f5f8f77b13,2026-01-08 00:45:55.724980,explore,44.4,cube,1.59,9.18
2e25c1ff-edb1-48ba-8790-a412c70c7812,eee5d91a-a6f2-417e-a007-69d211d51707,e46dcf33-7927-46e0-98a6-e6f5f8f77b13,2026-01-08 00:46:14.724980,wave,43.3,cube,90.88,22.27
36cfd658-65f7-4ca8-aff1-e227c8602dd5,eee5d91a-a6f2-417e-a007-69d211d51707,e46dcf33-7927-46e0-98a6-e6f5f8f77b13,2026-01-08 00:46:30.724980,explore,39.5,cube,73.32,71.86
dd442b3d-2366-4201-9472-3377ffdd9314,eee5d91a-a6f2-417e-a007-69d211d51707,e46dcf33-7927-46e0-98a6-e6f5f8f77b13,2026-01-08 00:46:58.724980,explore,36.0,cube,81.0,66.21
34770189-b8a8-48d5-878e-d8a5f95052bd,20f31871-4f48-4f36-b9e1-4598bd4607e3,e7659d2b-d1cc-49cc-ab98-19c9e1d160d9,2026-01-08 01:12:12.724980,explore,43.5,cube,81.38,57.5
e8922cb8-44f8-4d42-a9be-0c3984bc6949,20f31871-4f48-4f36-b9e1-4598bd4607e3,e7659d2b-d1cc-49cc-ab98-19c9e1d160d9,2026-01-08 01:12:29.724980,spawn_object,41.7,flower,1.13,80.59
38107c4f-e95b-4ed2-b797-403ac3a8e8c0,20f31871-4f48-4f36-b9e1-4598bd4607e3,e7659d2b-d1cc-49cc-ab98-19c9e1d160d9,2026-01-08 01:12:45.724980,explore,37.6,cube,84.9,69.42
228e7484-b2be-4761-a3c3-84844eac3e2b,20f31871-4f48-4f36-b9e1-4598bd4607e3,e7659d2b-d1cc-49cc-ab98-19c9e1d160d9,2026-01-08 01:13:07.724980,wave,43.7,flower,99.29,96.47
3fdd0579-48b3-45e5-9f43-735d91238551,20f31871-4f48-4f36-b9e1-4598bd4607e3,e7659d2b-d1cc-49cc-ab98-19c9e1d160d9,2026-01-08 01:13:25.724980,explore,41.4,flower,51.5,69.53
f369c60f-e728-4754-a849-a748027ea35e,20f31871-4f48-4f36-b9e1-4598bd4607e3,e7659d2b-d1cc-49cc-ab98-19c9e1d160d9,2026-01-08 01:13:38.724980,wave,36.1,paintbrush,63.88,23.86
27c3bc2e-b205-4493-94ba-b3a81aeeeea1,20f31871-4f48-4f36-b9e1-4598bd4607e3,e7659d2b-d1cc-49cc-ab98-19c9e1d160d9,2026-01-08 01:13:43.724980,explore,34.8,flower,34.9,0.33
53d0a1f9-5790-47c2-9358-e3f5477abc00,20f31871-4f48-4f36-b9e1-4598bd4607e3,e7659d2b-d1cc-49cc-ab98-19c9e1d160d9,2026-01-08 01:14:09.724980,spawn_object,40.5,cube,14.8,79.19
ddcda194-2385-498e-88f3-a282bd51951b,20f31871-4f48-4f36-b9e1-4598bd4607e3,e7659d2b-d1cc-49cc-ab98-19c9e1d160d9,2026-01-08 01:14:29.724980,explore,42.2,flower,57.45,29.17
cb7a4a0a-9989-413a-b305-b88bbcb51101,20f31871-4f48-4f36-b9e1-4598bd4607e3,e7659d2b-d1cc-49cc-ab98-19c9e1d160d9,2026-01-08 01:14:57.724980,explore,40.1,paintbrush,32.02,88.53
350c8bc3-b5bc-48bf-a2d0-e066117cb948,20f31871-4f48-4f36-b9e1-4598bd4607e3,e7659d2b-d1cc-49cc-ab98-19c9e1d160d9,2026-01-08 01:15:25.724980,wave,44.7,cube,44.94,26.82
fcea04e6-e68c-4279-8ea9-8beb9f1c0f0c,20f31871-4f48-4f36-b9e1-4598bd4607e3,e7659d2b-d1cc-49cc-ab98-19c9e1d160d9,2026-01-08 01:15:34.724980,explore,39.8,flower,43.4,56.48
b07dc2d7-8d59-4a7d-b378-9ffdf48d1ebe,20f31871-4f48-4f36-b9e1-4598bd4607e3,e7659d2b-d1cc-49cc-ab98-19c9e1d160d9,2026-01-08 01:15:48.724980,explore,45.5,cube,36.52,0.55
8966d3c9-844a-4022-aea7-1867dd0f40b6,20f31871-4f48-4f36-b9e1-4598bd4607e3,e7659d2b-d1cc-49cc-ab98-19c9e1d160d9,2026-01-08 01:15:58.724980,explore,34.2,paintbrush,9.05,22.48
b2cefd35-f3eb-4f41-8880-692285ce88e5,20f31871-4f48-4f36-b9e1-4598bd4607e3,e7659d2b-d1cc-49cc-ab98-19c9e1d160d9,2026-01-08 01:16:28.724980,explore,40.9,flower,45.0,47.21
6daa396f-dd4a-4d59-ba97-32a0ebc5383c,20f31871-4f48-4f36-b9e1-4598bd4607e3,e7659d2b-d1cc-49cc-ab98-19c9e1d160d9,2026-01-08 01:16:38.724980,explore,34.6,cube,39.15,94.24
79aa74d4-e1f0-4a2e-b993-55918b84de35,20f31871-4f48-4f36-b9e1-4598bd4607e3,e7659d2b-d1cc-49cc-ab98-19c9e1d160d9,2026-01-08 01:17:02.724980,explore,44.3,paintbrush,91.38,62.75
ad98ef85-74d8-41a1-b3fa-7839f85000fc,20f31871-4f48-4f36-b9e1-4598bd4607e3,e7659d2b-d1cc-49cc-ab98-19c9e1d160d9,2026-01-08 01:17:28.724980,spawn_object,39.5,flower,53.4,58.63
beefdd09-6bb5-4a86-9f14-e2885d411d95,20f31871-4f48-4f36-b9e1-4598bd4607e3,e7659d2b-d1cc-49cc-ab98-19c9e1d160d9,2026-01-08 01:17:50.724980,explore,50.0,cube,52.23,10.13
62774786-9e8a-4ac4-9346-b83791af2655,20f31871-4f48-4f36-b9e1-4598bd4607e3,e7659d2b-d1cc-49cc-ab98-19c9e1d160d9,2026-01-08 01:18:06.724980,wave,33.7,flower,73.48,39.96
010d8cc3-cf4e-426d-889f-c8a583ad412e,20f31871-4f48-4f36-b9e1-4598bd4607e3,e7659d2b-d1cc-49cc-ab98-19c9e1d160d9,2026-01-08 01:18:23.724980,spawn_object,45.6,paintbrush,45.4,96.55
1514c201-3420-4247-9e4f-964bc20091b9,20f31871-4f48-4f36-b9e1-4598bd4607e3,e7659d2b-d1cc-49cc-ab98-19c9e1d160d9,2026-01-08 01:18:45.724980,explore,43.3,flower,25.8,57.67
6a573a5b-c725-4b7c-8a40-e993ecf7f058,20f31871-4f48-4f36-b9e1-4598bd4607e3,e7659d2b-d1cc-49cc-ab98-19c9e1d160d9,2026-01-08 01:18:55.724980,wave,34.3,flower,95.58,50.89
eb50576e-edd4-4421-9215-8ae0d38f6ed9,20f31871-4f48-4f36-b9e1-4598bd4607e3,e7659d2b-d1cc-49cc-ab98-19c9e1d160d9,2026-01-08 01:19:18.724980,explore,35.9,paintbrush,79.08,40.3
13e7f3ee-8cac-47e7-ad59-0a22fa0871d7,20f31871-4f48-4f36-b9e1-4598bd4607e3,e7659d2b-d1cc-49cc-ab98-19c9e1d160d9,2026-01-08 01:19:44.724980,explore,46.5,cube,18.03,37.4
9ed4bb86-2447-4091-8a25-1fc5bd79bc5c,20f31871-4f48-4f36-b9e1-4598bd4607e3,e7659d2b-d1cc-49cc-ab98-19c9e1d160d9,2026-01-08 01:20:04.724980,explore,45.7,flower,99.33,78.59
72bbb999-d457-4aab-9e6e-823b47815f07,20f31871-4f48-4f36-b9e1-4598bd4607e3,e7659d2b-d1cc-49cc-ab98-19c9e1d160d9,2026-01-08 01:20:21.724980,explore,52.7,cube,33.67,26.81
e6061c28-c7ae-42ac-8041-d7331b52fc3a,20f31871-4f48-4f36-b9e1-4598bd4607e3,e7659d2b-d1cc-49cc-ab98-19c9e1d160d9,2026-01-08 01:20:35.724980,explore,41.4,paintbrush,23.32,16.84
61f7bb43-8d43-4406-9a04-b5ad32baa717,20f31871-4f48-4f36-b9e1-4598bd4607e3,e7659d2b-d1cc-49cc-ab98-19c9e1d160d9,2026-01-08 01:20:59.724980,explore,44.1,flower,94.75,14.57
8c514239-d055-43be-8b4b-05ce07d7b371,20f31871-4f48-4f36-b9e1-4598bd4607e3,e7659d2b-d1cc-49cc-ab98-19c9e1d160d9,2026-01-08 01:21:04.724980,explore,48.0,flower,95.04,1.93
80e67d61-eca7-4fe5-9abd-79833cb8d737,20f31871-4f48-4f36-b9e1-4598bd4607e3,e7659d2b-d1cc-49cc-ab98-19c9e1d160d9,2026-01-08 01:21:28.724980,explore,48.2,flower,39.09,37.36
fd400c7a-d0fc-47b7-b39b-f0c37c29cade,20f31871-4f48-4f36-b9e1-4598bd4607e3,e7659d2b-d1cc-49cc-ab98-19c9e1d160d9,2026-01-08 01:21:39.724980,explore,40.0,cube,84.76,3.37
ec18ac16-1dd7-465e-9e72-b864ff104031,20f31871-4f48-4f36-b9e1-4598bd4607e3,e7659d2b-d1cc-49cc-ab98-19c9e1d160d9,2026-01-08 01:21:48.724980,spawn_object,36.5,cube,97.84,98.59
c527f83f-1c5f-49e2-8dee-ba3d866d61f9,20f31871-4f48-4f36-b9e1-4598bd4607e3,e7659d2b-d1cc-49cc-ab98-19c9e1d160d9,2026-01-08 01:22:05.724980,explore,35.1,paintbrush,20.14,32.78
55725ced-5d8a-4fe1-a3ef-006b4cda0eb9,58bfad73-938b-49a9-b18d-b1d9bce9e160,b5e6ef58-c110-4139-8e6d-4692957ffa5b,2026-01-07 18:18:34.724980,explore,37.6,flower,37.44,15.57
94a44903-eeab-4d86-bc99-6595afa631d2,58bfad73-938b-49a9-b18d-b1d9bce9e160,b5e6ef58-c110-4139-8e6d-4692957ffa5b,2026-01-07 18:18:44.724980,explore,36.4,paintbrush,67.63,43.55
1cf0a3c7-1564-4f87-83fc-e0952251edbc,58bfad73-938b-49a9-b18d-b1d9bce9e160,b5e6ef58-c110-4139-8e6d-4692957ffa5b,2026-01-07 18:19:02.724980,explore,44.3,cube,40.48,80.79
85093cf8-13f7-4aab-82b5-414bbdadfbf5,58bfad73-938b-49a9-b18d-b1d9bce9e160,b5e6ef58-c110-4139-8e6d-4692957ffa5b,2026-01-07 18:19:19.724980,explore,46.8,flower,21.37,86.59
cca36703-5713-453b-a697-b7526517ed43,58bfad73-938b-49a9-b18d-b1d9bce9e160,b5e6ef58-c110-4139-8e6d-4692957ffa5b,2026-01-07 18:19:47.724980,wave,45.9,paintbrush,85.84,82.51
27c597c7-84da-45ce-b062-4091b81d786f,58bfad73-938b-49a9-b18d-b1d9bce9e160,b5e6ef58-c110-4139-8e6d-4692957ffa5b,2026-01-07 18:20:04.724980,explore,35.5,paintbrush,58.55,30.22
f69aee03-e814-4f3b-b576-2ff8b81150a3,58bfad73-938b-49a9-b18d-b1d9bce9e160,b5e6ef58-c110-4139-8e6d-4692957ffa5b,2026-01-07 18:20:28.724980,wave,42.5,paintbrush,33.49,92.73
f85f71d7-f04e-44ed-9f51-c36e76ce13c9,58bfad73-938b-49a9-b18d-b1d9bce9e160,b5e6ef58-c110-4139-8e6d-4692957ffa5b,2026-01-07 18:20:56.724980,wave,43.0,paintbrush,92.55,62.92
defdb126-135b-42f9-a8a4-2d1a423eadd3,58bfad73-938b-49a9-b18d-b1d9bce9e160,b5e6ef58-c110-4139-8e6d-4692957ffa5b,2026-01-07 18:21:08.724980,wave,37.6,flower,25.24,33.18
a03ca39d-b204-4e37-b69a-eff24fb4183f,58bfad73-938b-49a9-b18d-b1d9bce9e160,b5e6ef58-c110-4139-8e6d-4692957ffa5b,2026-01-07 18:21:24.724980,spawn_object,38.9,cube,67.77,68.26
414215a3-ef5f-4e8f-b39e-4427c0903aff,58bfad73-938b-49a9-b18d-b1d9bce9e160,b5e6ef58-c110-4139-8e6d-4692957ffa5b,2026-01-07 18:21:44.724980,explore,42.9,flower,15.5,23.75
2451a837-9d49-4a2c-860c-a30f2069bcf8,58bfad73-938b-49a9-b18d-b1d9bce9e160,b5e6ef58-c110-4139-8e6d-4692957ffa5b,2026-01-07 18:22:05.724980,explore,39.2,flower,63.93,9.84
fe611768-a030-42c0-bcaf-8cd728a13686,58bfad73-938b-49a9-b18d-b1d9bce9e160,b5e6ef58-c110-4139-8e6d-4692957ffa5b,2026-01-07 18:22:29.724980,explore,40.0,cube,0.19,97.39
0ea3197e-23f3-44e4-8532-5444f35bdcd5,58bfad73-938b-49a9-b18d-b1d9bce9e160,b5e6ef58-c110-4139-8e6d-4692957ffa5b,2026-01-07 18:22:52.724980,explore,39.8,cube,87.65,65.18
e662ac82-7c94-417b-bdcb-15a655900fe9,58bfad73-938b-49a9-b18d-b1d9bce9e160,b5e6ef58-c110-4139-8e6d-4692957ffa5b,2026-01-07 18:23:02.724980,spawn_object,40.1,paintbrush,63.55,69.28
16a968eb-b1c5-46d6-938b-08e54d522efd,58bfad73-938b-49a9-b18d-b1d9bce9e160,b5e6ef58-c110-4139-8e6d-4692957ffa5b,2026-01-07 18:23:22.724980,explore,46.0,flower,27.63,56.9
24bdc287-708b-451a-86af-07b927b37cb3,58bfad73-938b-49a9-b18d-b1d9bce9e160,b5e6ef58-c110-4139-8e6d-4692957ffa5b,2026-01-07 18:23:41.724980,wave,41.1,flower,80.61,14.42
8f38fe6e-26d0-424b-b907-4b408750ab2e,58bfad73-938b-49a9-b18d-b1d9bce9e160,b5e6ef58-c110-4139-8e6d-4692957ffa5b,2026-01-07 18:23:55.724980,spawn_object,41.7,cube,61.66,50.24
f7474ea5-5d67-4915-b2e3-57c47cd62dda,58bfad73-938b-49a9-b18d-b1d9bce9e160,b5e6ef58-c110-4139-8e6d-4692957ffa5b,2026-01-07 18:24:03.724980,explore,34.4,flower,30.21,34.8
9f27d5be-acfb-4c38-97e7-39ae34ec939a,8fb70a97-2c56-455b-8d0e-78fdc7d66884,12e8d16d-8a3b-436c-a003-5e79f706570f,2026-01-08 02:03:15.724980,explore,41.2,cube,93.56,14.89
bea06143-7ae5-4fe0-9087-bf22aeeb0866,8fb70a97-2c56-455b-8d0e-78fdc7d66884,12e8d16d-8a3b-436c-a003-5e79f706570f,2026-01-08 02:03:21.724980,explore,42.4,paintbrush,56.26,49.28
8116ad5f-3514-4135-9381-f71224868620,8fb70a97-2c56-455b-8d0e-78fdc7d66884,12e8d16d-8a3b-436c-a003-5e79f706570f,2026-01-08 02:03:37.724980,wave,41.6,flower,27.71,12.45
8843af2a-9b57-4dd0-8011-36b431d396c0,8fb70a97-2c56-455b-8d0e-78fdc7d66884,12e8d16d-8a3b-436c-a003-5e79f706570f,2026-01-08 02:03:53.724980,explore,42.4,paintbrush,48.65,0.06
693d8b96-8c42-421b-a276-2be0794f5147,8fb70a97-2c56-455b-8d0e-78fdc7d66884,12e8d16d-8a3b-436c-a003-5e79f706570f,2026-01-08 02:04:22.724980,wave,43.6,flower,13.12,83.39
28144e48-bd20-412f-8910-49ca5a1997ed,8fb70a97-2c56-455b-8d0e-78fdc7d66884,12e8d16d-8a3b-436c-a003-5e79f706570f,2026-01-08 02:04:44.724980,explore,48.6,cube,52.81,68.57
c594b7c9-0b29-483e-b573-6f8f9ad962a6,8fb70a97-2c56-455b-8d0e-78fdc7d66884,12e8d16d-8a3b-436c-a003-5e79f706570f,2026-01-08 02:05:04.724980,explore,39.7,paintbrush,37.85,80.38
3a8ee9da-8cb4-4693-81f0-f594b7dde810,8fb70a97-2c56-455b-8d0e-78fdc7d66884,12e8d16d-8a3b-436c-a003-5e79f706570f,2026-01-08 02:05:15.724980,explore,38.7,cube,34.78,85.82
265cb5b8-94ec-4705-90a2-810b3a358b4f,8fb70a97-2c56-455b-8d0e-78fdc7d66884,12e8d16d-8a3b-436c-a003-5e79f706570f,2026-01-08 02:05:44.724980,explore,39.3,cube,78.83,16.37
83ae3c7e-b9b3-4a7a-a0a5-84489450ca97,8fb70a97-2c56-455b-8d0e-78fdc7d66884,12e8d16d-8a3b-436c-a003-5e79f706570f,2026-01-08 02:05:54.724980,wave,40.7,flower,60.98,67.27
fc7e509a-d2ce-4bfc-9a4a-c38f7a619d64,8fb70a97-2c56-455b-8d0e-78fdc7d66884,12e8d16d-8a3b-436c-a003-5e79f706570f,2026-01-08 02:06:06.724980,spawn_object,36.4,flower,28.38,31.86
cd878425-3822-49c4-bd6f-1e20efafc810,8fb70a97-2c56-455b-8d0e-78fdc7d66884,12e8d16d-8a3b-436c-a003-5e79f706570f,2026-01-08 02:06:32.724980,explore,38.7,paintbrush,16.59,66.42
086f1d73-d4e5-4f1c-854f-ef11779d1c20,8fb70a97-2c56-455b-8d0e-78fdc7d66884,12e8d16d-8a3b-436c-a003-5e79f706570f,2026-01-08 02:06:40.724980,explore,39.6,cube,9.17,20.8
752e4ec3-8da7-4d8b-9332-bfd6e8e0323f,8fb70a97-2c56-455b-8d0e-78fdc7d66884,12e8d16d-8a3b-436c-a003-5e79f706570f,2026-01-08 02:07:05.724980,explore,37.1,cube,55.76,89.22
fc2cb452-ff54-4450-b299-5aed49e73199,8fb70a97-2c56-455b-8d0e-78fdc7d66884,12e8d16d-8a3b-436c-a003-5e79f706570f,2026-01-08 02:07:22.724980,wave,46.6,flower,54.39,81.92
15f7ec8e-d832-4a23-ab3b-c7606dee6abc,8fb70a97-2c56-455b-8d0e-78fdc7d66884,12e8d16d-8a3b-436c-a003-5e79f706570f,2026-01-08 02:07:42.724980,explore,34.3,cube,93.48,73.93
a64bf6f4-ce01-492a-b3ca-cc016901748d,8fb70a97-2c56-455b-8d0e-78fdc7d66884,12e8d16d-8a3b-436c-a003-5e79f706570f,2026-01-08 02:07:49.724980,explore,36.2,flower,87.81,43.5
31216fc2-33c6-46af-b74b-9c94b71f511e,8fb70a97-2c56-455b-8d0e-78fdc7d66884,12e8d16d-8a3b-436c-a003-5e79f706570f,2026-01-08 02:08:04.724980,wave,32.8,flower,82.11,48.97
e711ece8-c5d9-4390-aec5-5003bf7431c3,8fb70a97-2c56-455b-8d0e-78fdc7d66884,12e8d16d-8a3b-436c-a003-5e79f706570f,2026-01-08 02:08:24.724980,explore,35.1,paintbrush,17.79,89.94
c4253c61-eee6-48a1-9c37-c7306a7b95ef,8fb70a97-2c56-455b-8d0e-78fdc7d66884,12e8d16d-8a3b-436c-a003-5e79f706570f,2026-01-08 02:08:40.724980,wave,40.1,cube,84.59,87.03
a525caa9-1e03-47a2-b293-02f08374b638,8fb70a97-2c56-455b-8d0e-78fdc7d66884,12e8d16d-8a3b-436c-a003-5e79f706570f,2026-01-08 02:09:09.724980,explore,49.0,paintbrush,18.92,79.03
55944ba1-d7a6-443b-8e9b-f5e7b9d5bac5,8fb70a97-2c56-455b-8d0e-78fdc7d66884,12e8d16d-8a3b-436c-a003-5e79f706570f,2026-01-08 02:09:35.724980,explore,47.9,flower,16.22,14.12
11da4a83-f73c-4585-8234-744e5b98c129,8fb70a97-2c56-455b-8d0e-78fdc7d66884,12e8d16d-8a3b-436c-a003-5e79f706570f,2026-01-08 02:09:42.724980,explore,43.8,flower,3.49,44.87
724f3821-ffc9-4c07-aa46-d729245a289d,8fb70a97-2c56-455b-8d0e-78fdc7d66884,12e8d16d-8a3b-436c-a003-5e79f706570f,2026-01-08 02:10:00.724980,wave,46.9,cube,69.34,2.09
e4450963-3fb0-4135-9af9-03455378b023,8fb70a97-2c56-455b-8d0e-78fdc7d66884,12e8d16d-8a3b-436c-a003-5e79f706570f,2026-01-08 02:10:20.724980,spawn_object,41.3,flower,52.35,23.33
4d51489a-2417-4758-a76d-72da31433bc2,8fb70a97-2c56-455b-8d0e-78fdc7d66884,12e8d16d-8a3b-436c-a003-5e79f706570f,2026-01-08 02:10:36.724980,wave,40.6,cube,51.1,93.45
eadfb858-555a-474d-a198-b19733bc815d,8fb70a97-2c56-455b-8d0e-78fdc7d66884,12e8d16d-8a3b-436c-a003-5e79f706570f,2026-01-08 02:10:41.724980,explore,36.9,paintbrush,28.37,23.11
b30f630b-8c4c-480f-8efc-12258b554f26,8fb70a97-2c56-455b-8d0e-78fdc7d66884,12e8d16d-8a3b-436c-a003-5e79f706570f,2026-01-08 02:10:46.724980,explore,39.0,paintbrush,14.75,11.23
6efe15d0-1dae-4f07-95b4-36ba8a983c23,8fb70a97-2c56-455b-8d0e-78fdc7d66884,12e8d16d-8a3b-436c-a003-5e79f706570f,2026-01-08 02:10:58.724980,explore,44.2,cube,43.95,63.24
0b5aa27d-54ea-4178-8dd6-a69026988bfa,8fb70a97-2c56-455b-8d0e-78fdc7d66884,12e8d16d-8a3b-436c-a003-5e79f706570f,2026-01-08 02:11:14.724980,explore,36.9,flower,43.83,45.68
916111d2-daef-4d7b-ae12-9d7a2ad0cdd0,8fb70a97-2c56-455b-8d0e-78fdc7d66884,12e8d16d-8a3b-436c-a003-5e79f706570f,2026-01-08 02:11:41.724980,wave,41.8,paintbrush,24.64,35.73
ceca0689-aced-475c-add0-cb57dd1565c9,8fb70a97-2c56-455b-8d0e-78fdc7d66884,12e8d16d-8a3b-436c-a003-5e79f706570f,2026-01-08 02:11:46.724980,wave,36.6,paintbrush,62.51,25.9
5aae7653-92c2-4406-b771-6b758118aa75,8fb70a97-2c56-455b-8d0e-78fdc7d66884,12e8d16d-8a3b-436c-a003-5e79f706570f,2026-01-08 02:11:51.724980,spawn_object,41.8,cube,13.27,58.04
a73f8ece-38d4-448e-8609-175ffb3a8c98,8fb70a97-2c56-455b-8d0e-78fdc7d66884,12e8d16d-8a3b-436c-a003-5e79f706570f,2026-01-08 02:11:57.724980,wave,45.6,cube,96.16,3.18
be5a0cf7-f853-4787-bd90-8ef5379306d9,8fb70a97-2c56-455b-8d0e-78fdc7d66884,12e8d16d-8a3b-436c-a003-5e79f706570f,2026-01-08 02:12:17.724980,explore,37.4,paintbrush,53.48,59.26
8b2d2f8a-fb55-460d-b667-20fe4513813e,fa9f5bf4-df0e-408a-9577-03dd0c4db669,4425f0fc-7c99-44a6-89e7-371c2f7353d0,2026-01-07 16:52:21.724980,spawn_object,32.2,flower,94.24,92.61
9620d71c-ecc5-4fa2-a690-47adc5e32433,fa9f5bf4-df0e-408a-9577-03dd0c4db669,4425f0fc-7c99-44a6-89e7-371c2f7353d0,2026-01-07 16:52:36.724980,explore,39.8,flower,83.02,23.56
fef27171-1721-46de-94af-e94bad1b5f1d,fa9f5bf4-df0e-408a-9577-03dd0c4db669,4425f0fc-7c99-44a6-89e7-371c2f7353d0,2026-01-07 16:52:44.724980,wave,33.6,cube,20.74,15.37
106cc339-fd32-4626-b1c8-2e74a6feb5e7,fa9f5bf4-df0e-408a-9577-03dd0c4db669,4425f0fc-7c99-44a6-89e7-371c2f7353d0,2026-01-07 16:52:52.724980,wave,46.3,flower,8.32,50.25
2e311eaf-02a5-46c2-a264-86c506bea961,fa9f5bf4-df0e-408a-9577-03dd0c4db669,4425f0fc-7c99-44a6-89e7-371c2f7353d0,2026-01-07 16:52:57.724980,explore,44.8,cube,44.32,90.91
d9afe65c-00ee-446b-bb77-66162bbb46a0,fa9f5bf4-df0e-408a-9577-03dd0c4db669,4425f0fc-7c99-44a6-89e7-371c2f7353d0,2026-01-07 16:53:20.724980,explore,39.4,cube,95.18,31.41
744733c1-d9c3-413d-a9e2-dfd2c86670a5,fa9f5bf4-df0e-408a-9577-03dd0c4db669,4425f0fc-7c99-44a6-89e7-371c2f7353d0,2026-01-07 16:53:33.724980,explore,36.4,cube,29.75,77.44
7c8b7f5a-1c9c-4f0b-b52a-114925f405dc,fa9f5bf4-df0e-408a-9577-03dd0c4db669,4425f0fc-7c99-44a6-89e7-371c2f7353d0,2026-01-07 16:54:00.724980,explore,40.9,cube,7.35,16.99
b549024f-b396-443d-b497-199ec60b7420,fa9f5bf4-df0e-408a-9577-03dd0c4db669,4425f0fc-7c99-44a6-89e7-371c2f7353d0,2026-01-07 16:54:08.724980,explore,40.8,cube,48.86,33.83
d1e45d21-d182-4dee-a6e3-589551741357,fa9f5bf4-df0e-408a-9577-03dd0c4db669,4425f0fc-7c99-44a6-89e7-371c2f7353d0,2026-01-07 16:54:18.724980,explore,38.7,flower,72.67,0.27
72809ffe-13ee-4baa-8a2b-06a489c7c2d2,fa9f5bf4-df0e-408a-9577-03dd0c4db669,4425f0fc-7c99-44a6-89e7-371c2f7353d0,2026-01-07 16:54:40.724980,explore,30.0,paintbrush,90.48,11.92
05e22d58-f542-46bb-9892-199bb2eee229,fa9f5bf4-df0e-408a-9577-03dd0c4db669,4425f0fc-7c99-44a6-89e7-371c2f7353d0,2026-01-07 16:54:52.724980,explore,45.2,cube,58.2,17.63
7292a858-4f80-4719-a677-bfc5e3dbedaa,fa9f5bf4-df0e-408a-9577-03dd0c4db669,4425f0fc-7c99-44a6-89e7-371c2f7353d0,2026-01-07 16:55:07.724980,explore,30.6,cube,30.9,33.3
5728459c-44f2-4795-8db5-a89c1f19d417,fa9f5bf4-df0e-408a-9577-03dd0c4db669,4425f0fc-7c99-44a6-89e7-371c2f7353d0,2026-01-07 16:55:34.724980,explore,35.9,flower,39.29,50.69
304314cc-1306-48b7-8357-52db4532825a,fa9f5bf4-df0e-408a-9577-03dd0c4db669,4425f0fc-7c99-44a6-89e7-371c2f7353d0,2026-01-07 16:55:53.724980,wave,42.8,cube,51.31,32.79
b6f99b80-29b9-42d3-8ffd-7e628936fe9e,fa9f5bf4-df0e-408a-9577-03dd0c4db669,4425f0fc-7c99-44a6-89e7-371c2f7353d0,2026-01-07 16:56:21.724980,explore,33.7,cube,70.73,75.98
1e217ff8-e14e-4460-95c6-150472fb68e4,fa9f5bf4-df0e-408a-9577-03dd0c4db669,4425f0fc-7c99-44a6-89e7-371c2f7353d0,2026-01-07 16:56:33.724980,explore,37.8,flower,13.23,30.07
e6438c54-afde-43ae-8b7b-77a55a2de927,fa9f5bf4-df0e-408a-9577-03dd0c4db669,4425f0fc-7c99-44a6-89e7-371c2f7353d0,2026-01-07 16:56:50.724980,explore,37.2,cube,76.29,44.74
17c55f0b-8dcf-4cd9-85f2-fbdfc6aae2b5,fa9f5bf4-df0e-408a-9577-03dd0c4db669,4425f0fc-7c99-44a6-89e7-371c2f7353d0,2026-01-07 16:56:57.724980,explore,39.7,cube,83.4,92.9
b8208f03-40f4-48bd-bdb8-996fb03f9299,fa9f5bf4-df0e-408a-9577-03dd0c4db669,4425f0fc-7c99-44a6-89e7-371c2f7353d0,2026-01-07 16:57:17.724980,explore,48.2,flower,15.15,19.45
c75afee1-763e-4955-b54b-bfac1b8ad6b0,fa9f5bf4-df0e-408a-9577-03dd0c4db669,4425f0fc-7c99-44a6-89e7-371c2f7353d0,2026-01-07 16:57:24.724980,explore,38.0,paintbrush,79.37,3.01
d7071377-b05a-4557-ae4d-9b6b839f42c7,fa9f5bf4-df0e-408a-9577-03dd0c4db669,4425f0fc-7c99-44a6-89e7-371c2f7353d0,2026-01-07 16:57:40.724980,explore,45.4,flower,91.3,85.73
4d4cc1c0-1e95-44ec-b03a-0cb3ad25d8aa,fa9f5bf4-df0e-408a-9577-03dd0c4db669,4425f0fc-7c99-44a6-89e7-371c2f7353d0,2026-01-07 16:58:06.724980,wave,38.6,flower,60.04,25.58
c1bbd062-2f35-47bb-a890-325627fd3c07,fa9f5bf4-df0e-408a-9577-03dd0c4db669,4425f0fc-7c99-44a6-89e7-371c2f7353d0,2026-01-07 16:58:19.724980,explore,40.8,flower,46.02,16.83
a3bc8880-8b07-4c80-ac7b-128a24464b6a,b9e4b0d5-8123-47c2-9603-1511977b7f6a,1e1971c2-2f4d-4276-b7dc-6675dcec513b,2026-01-07 23:15:29.724980,explore,36.4,cube,31.42,42.38
c726ea89-d558-4080-8a15-3ff95ed27545,b9e4b0d5-8123-47c2-9603-1511977b7f6a,1e1971c2-2f4d-4276-b7dc-6675dcec513b,2026-01-07 23:15:45.724980,explore,41.0,paintbrush,42.45,22.89
d952616a-db62-4a89-ae8f-08e726361371,b9e4b0d5-8123-47c2-9603-1511977b7f6a,1e1971c2-2f4d-4276-b7dc-6675dcec513b,2026-01-07 23:16:07.724980,wave,32.5,flower,46.43,31.46
21d0b311-ecf7-42bb-816f-899e966f514a,b9e4b0d5-8123-47c2-9603-1511977b7f6a,1e1971c2-2f4d-4276-b7dc-6675dcec513b,2026-01-07 23:16:19.724980,explore,42.4,flower,52.91,15.47
0ded8f14-4003-449f-bb04-9df76097dfc3,b9e4b0d5-8123-47c2-9603-1511977b7f6a,1e1971c2-2f4d-4276-b7dc-6675dcec513b,2026-01-07 23:16:45.724980,explore,45.5,flower,75.96,31.86
5f20c72a-6468-4341-9b8a-8d0dbdb75823,b9e4b0d5-8123-47c2-9603-1511977b7f6a,1e1971c2-2f4d-4276-b7dc-6675dcec513b,2026-01-07 23:16:56.724980,explore,38.9,paintbrush,6.71,29.68
33a07e7b-c6c1-4e29-8162-55e129188770,b9e4b0d5-8123-47c2-9603-1511977b7f6a,1e1971c2-2f4d-4276-b7dc-6675dcec513b,2026-01-07 23:17:01.724980,wave,36.4,paintbrush,89.27,73.44
7a50d3c6-eedb-4bf9-86ab-e1491d5c3971,b9e4b0d5-8123-47c2-9603-1511977b7f6a,1e1971c2-2f4d-4276-b7dc-6675dcec513b,2026-01-07 23:17:31.724980,explore,42.2,paintbrush,49.96,6.88
8a017b00-7c35-424d-b886-820a586e9b5a,b9e4b0d5-8123-47c2-9603-1511977b7f6a,1e1971c2-2f4d-4276-b7dc-6675dcec513b,2026-01-07 23:17:38.724980,explore,41.2,flower,63.56,37.02
a9e0f8a0-b637-4671-ad06-5c6ad9213697,b9e4b0d5-8123-47c2-9603-1511977b7f6a,1e1971c2-2f4d-4276-b7dc-6675dcec513b,2026-01-07 23:18:04.724980,explore,36.3,paintbrush,45.74,32.26
939ae9bd-f688-46e3-89f5-a5eb986af78a,b9e4b0d5-8123-47c2-9603-1511977b7f6a,1e1971c2-2f4d-4276-b7dc-6675dcec513b,2026-01-07 23:18:24.724980,wave,46.8,flower,56.71,21.24
74320092-2092-40a5-b7d9-c158463e7f5c,b9e4b0d5-8123-47c2-9603-1511977b7f6a,1e1971c2-2f4d-4276-b7dc-6675dcec513b,2026-01-07 23:18:43.724980,explore,44.0,cube,46.91,2.24
c84810a7-63da-4ec9-a1da-e9bcde89b116,b9e4b0d5-8123-47c2-9603-1511977b7f6a,1e1971c2-2f4d-4276-b7dc-6675dcec513b,2026-01-07 23:19:00.724980,explore,28.6,flower,64.59,92.14
34109a0c-4a06-4173-b31d-2786bb7098a4,b9e4b0d5-8123-47c2-9603-1511977b7f6a,1e1971c2-2f4d-4276-b7dc-6675dcec513b,2026-01-07 23:19:05.724980,wave,39.2,flower,62.02,44.64
161ba557-49c3-4e68-b5ef-da12bdfdee20,b9e4b0d5-8123-47c2-9603-1511977b7f6a,1e1971c2-2f4d-4276-b7dc-6675dcec513b,2026-01-07 23:19:31.724980,explore,38.1,cube,27.83,52.43
a6eecab3-a827-4618-a2f0-a6ac3cfdea53,b9e4b0d5-8123-47c2-9603-1511977b7f6a,1e1971c2-2f4d-4276-b7dc-6675dcec513b,2026-01-07 23:19:54.724980,wave,49.9,cube,0.38,76.99
cf38a62f-b531-4d8a-b927-7e643fc130c1,b9e4b0d5-8123-47c2-9603-1511977b7f6a,1e1971c2-2f4d-4276-b7dc-6675dcec513b,2026-01-07 23:20:19.724980,explore,38.0,cube,41.37,96.59
ca087ac4-3028-4c8f-94f6-468a3e991ab1,b9e4b0d5-8123-47c2-9603-1511977b7f6a,1e1971c2-2f4d-4276-b7dc-6675dcec513b,2026-01-07 23:20:49.724980,wave,35.0,paintbrush,81.69,51.73
d3e70154-9341-4f5e-9c04-d453602f3c46,b9e4b0d5-8123-47c2-9603-1511977b7f6a,1e1971c2-2f4d-4276-b7dc-6675dcec513b,2026-01-07 23:20:57.724980,wave,37.8,flower,5.81,52.73
a30ec023-38a7-4323-b15d-6f09814fcc13,b9e4b0d5-8123-47c2-9603-1511977b7f6a,1e1971c2-2f4d-4276-b7dc-6675dcec513b,2026-01-07 23:21:24.724980,explore,33.1,cube,15.38,84.16
d5e746e3-253d-447e-9c48-a6f87c879cc9,b9e4b0d5-8123-47c2-9603-1511977b7f6a,1e1971c2-2f4d-4276-b7dc-6675dcec513b,2026-01-07 23:21:52.724980,explore,44.9,cube,1.21,4.89
4b647cc8-3daa-4b2c-aeb4-57c9fea99e2d,b9e4b0d5-8123-47c2-9603-1511977b7f6a,1e1971c2-2f4d-4276-b7dc-6675dcec513b,2026-01-07 23:22:00.724980,explore,34.5,paintbrush,89.32,29.93
d0941f1d-fa04-4854-8d6a-2d178b1bb3cd,b9e4b0d5-8123-47c2-9603-1511977b7f6a,1e1971c2-2f4d-4276-b7dc-6675dcec513b,2026-01-07 23:22:13.724980,explore,37.0,paintbrush,33.71,93.29
b829037f-94e5-46a9-aa95-0780d294f4b0,b9e4b0d5-8123-47c2-9603-1511977b7f6a,1e1971c2-2f4d-4276-b7dc-6675dcec513b,2026-01-07 23:22:27.724980,explore,39.8,paintbrush,62.3,33.5
157718df-dc4c-4f99-be67-a8fdcc49ede9,b9e4b0d5-8123-47c2-9603-1511977b7f6a,1e1971c2-2f4d-4276-b7dc-6675dcec513b,2026-01-07 23:22:35.724980,explore,33.9,flower,44.98,10.53
9320bc54-7cdb-4451-88d3-6f57f3a94542,b9e4b0d5-8123-47c2-9603-1511977b7f6a,1e1971c2-2f4d-4276-b7dc-6675dcec513b,2026-01-07 23:22:57.724980,explore,47.5,paintbrush,59.83,33.67
6ef03d26-6ce8-4634-a998-ecb1b70ad57d,b9e4b0d5-8123-47c2-9603-1511977b7f6a,1e1971c2-2f4d-4276-b7dc-6675dcec513b,2026-01-07 23:23:25.724980,wave,37.1,paintbrush,40.3,19.32
50974512-6403-46cc-b202-effd08749070,b9e4b0d5-8123-47c2-9603-1511977b7f6a,1e1971c2-2f4d-4276-b7dc-6675dcec513b,2026-01-07 23:23:35.724980,wave,38.3,paintbrush,7.5,84.7
6b64acda-0a6b-4bf3-b75c-65b8978eccd7,b9e4b0d5-8123-47c2-9603-1511977b7f6a,1e1971c2-2f4d-4276-b7dc-6675dcec513b,2026-01-07 23:24:01.724980,explore,35.2,paintbrush,81.65,48.29
68e4f14b-cfa0-48cf-be16-8d98dff9418c,b9e4b0d5-8123-47c2-9603-1511977b7f6a,1e1971c2-2f4d-4276-b7dc-6675dcec513b,2026-01-07 23:24:24.724980,wave,46.1,flower,26.47,62.48
63b91714-60f0-4373-af17-19afa7e2b4a1,b9e4b0d5-8123-47c2-9603-1511977b7f6a,1e1971c2-2f4d-4276-b7dc-6675dcec513b,2026-01-07 23:24:45.724980,wave,42.6,paintbrush,32.1,53.58
8a2e51b6-eaa0-4b11-8302-f5d9dae2921d,d0358f14-eeca-4de4-b95c-ee88e7b04938,53532081-323a-40e0-913d-da016f757f3b,2026-01-07 18:39:13.724980,wave,40.5,cube,50.82,26.89
c6c4e6cd-fc47-4c12-bb1c-da3117ecfb78,d0358f14-eeca-4de4-b95c-ee88e7b04938,53532081-323a-40e0-913d-da016f757f3b,2026-01-07 18:39:39.724980,explore,42.8,cube,6.82,77.1
05423e3a-af0f-44cc-a516-8cfc0d844d0d,d0358f14-eeca-4de4-b95c-ee88e7b04938,53532081-323a-40e0-913d-da016f757f3b,2026-01-07 18:39:45.724980,wave,37.8,cube,67.89,10.23
0aa72f59-0d2b-42df-80a0-94e44731496a,d0358f14-eeca-4de4-b95c-ee88e7b04938,53532081-323a-40e0-913d-da016f757f3b,2026-01-07 18:40:10.724980,explore,37.0,cube,34.48,73.54
43d0cc61-f82a-47f7-9c14-386a84fbda3c,d0358f14-eeca-4de4-b95c-ee88e7b04938,53532081-323a-40e0-913d-da016f757f3b,2026-01-07 18:40:33.724980,explore,41.3,cube,96.76,87.09
b128b1b7-055f-4b21-ad59-0ccc7937c117,d0358f14-eeca-4de4-b95c-ee88e7b04938,53532081-323a-40e0-913d-da016f757f3b,2026-01-07 18:40:56.724980,explore,47.9,cube,18.14,99.06
22c110e3-723d-4275-bd43-7ece1c4792af,d0358f14-eeca-4de4-b95c-ee88e7b04938,53532081-323a-40e0-913d-da016f757f3b,2026-01-07 18:41:15.724980,explore,40.3,flower,42.28,3.0
4471fb72-ef6c-4603-9007-ae368bbcbd42,d0358f14-eeca-4de4-b95c-ee88e7b04938,53532081-323a-40e0-913d-da016f757f3b,2026-01-07 18:41:25.724980,wave,36.1,flower,2.39,1.85
50d87822-b9d8-4d50-a424-165e8d499d03,d0358f14-eeca-4de4-b95c-ee88e7b04938,53532081-323a-40e0-913d-da016f757f3b,2026-01-07 18:41:44.724980,explore,35.6,cube,68.37,10.12
98ed92df-30f0-4166-b3b3-e4750d8b6bfa,d0358f14-eeca-4de4-b95c-ee88e7b04938,53532081-323a-40e0-913d-da016f757f3b,2026-01-07 18:42:08.724980,explore,43.2,paintbrush,30.97,17.72
5cb92c4c-5ea2-45f7-afa9-a3558efaefcc,d0358f14-eeca-4de4-b95c-ee88e7b04938,53532081-323a-40e0-913d-da016f757f3b,2026-01-07 18:42:36.724980,wave,36.3,flower,32.9,3.99
af986374-3bf7-41d1-aac9-040986755cf1,d0358f14-eeca-4de4-b95c-ee88e7b04938,53532081-323a-40e0-913d-da016f757f3b,2026-01-07 18:43:06.724980,explore,44.5,cube,13.14,8.51
c3c618fa-8752-45ce-a716-195c157e524b,d0358f14-eeca-4de4-b95c-ee88e7b04938,53532081-323a-40e0-913d-da016f757f3b,2026-01-07 18:43:24.724980,explore,31.5,cube,78.39,19.07
c8cfbb27-2c47-4a9a-9e03-d496e1629ef6,d0358f14-eeca-4de4-b95c-ee88e7b04938,53532081-323a-40e0-913d-da016f757f3b,2026-01-07 18:43:53.724980,explore,44.3,flower,12.19,95.49
bbd004a8-d633-4793-9922-c41cf0efce4c,d0358f14-eeca-4de4-b95c-ee88e7b04938,53532081-323a-40e0-913d-da016f757f3b,2026-01-07 18:44:16.724980,spawn_object,44.0,cube,20.96,59.74
ed8874e8-3d4f-4968-b379-3ad450d40a11,d0358f14-eeca-4de4-b95c-ee88e7b04938,53532081-323a-40e0-913d-da016f757f3b,2026-01-07 18:44:26.724980,wave,33.5,cube,81.82,13.1
53f9c358-d4f4-43f4-952f-35b5991ff192,d0358f14-eeca-4de4-b95c-ee88e7b04938,53532081-323a-40e0-913d-da016f757f3b,2026-01-07 18:44:31.724980,wave,49.5,paintbrush,32.5,54.47
fed9018c-ecf4-44b9-bc0c-d1937d4468e8,d0358f14-eeca-4de4-b95c-ee88e7b04938,53532081-323a-40e0-913d-da016f757f3b,2026-01-07 18:44:44.724980,wave,31.9,cube,78.94,81.96
cd71708f-6de2-4930-9593-7e01a1753be0,d0358f14-eeca-4de4-b95c-ee88e7b04938,53532081-323a-40e0-913d-da016f757f3b,2026-01-07 18:45:14.724980,wave,39.7,cube,20.25,25.88
b9b115af-b268-45ed-bfae-a03b926a6eca,d0358f14-eeca-4de4-b95c-ee88e7b04938,53532081-323a-40e0-913d-da016f757f3b,2026-01-07 18:45:42.724980,wave,36.9,flower,3.0,25.09
29263b79-e8ba-4a54-9ac4-b84067a4e2cc,d0358f14-eeca-4de4-b95c-ee88e7b04938,53532081-323a-40e0-913d-da016f757f3b,2026-01-07 18:45:57.724980,spawn_object,49.2,flower,61.52,98.06
48a4dc4b-b569-49f3-8fb4-1872757d839b,d0358f14-eeca-4de4-b95c-ee88e7b04938,53532081-323a-40e0-913d-da016f757f3b,2026-01-07 18:46:18.724980,explore,34.2,cube,72.83,4.7
b47c00cb-1ff7-4878-b77c-99db66275f72,d0358f14-eeca-4de4-b95c-ee88e7b04938,53532081-323a-40e0-913d-da016f757f3b,2026-01-07 18:46:35.724980,explore,43.5,cube,0.43,59.46
548478d6-95e2-48bc-8491-515fbacc07f6,d0358f14-eeca-4de4-b95c-ee88e7b04938,53532081-323a-40e0-913d-da016f757f3b,2026-01-07 18:46:48.724980,spawn_object,24.4,flower,59.27,40.36
b701848d-1d1f-451f-a638-4d8207963b64,d0358f14-eeca-4de4-b95c-ee88e7b04938,53532081-323a-40e0-913d-da016f757f3b,2026-01-07 18:47:15.724980,explore,42.1,paintbrush,80.16,44.13
a978fe3d-f00c-4f9b-b69d-b16eddf7aa6a,9421d6e6-bad9-4752-89dd-3cb7570ccba6,38e6b365-db06-47b0-8195-0e4b81c73ed1,2026-01-07 22:57:32.724980,wave,41.9,paintbrush,85.76,96.14
c5f2d80d-2d71-4aba-84ae-58e077c10e23,9421d6e6-bad9-4752-89dd-3cb7570ccba6,38e6b365-db06-47b0-8195-0e4b81c73ed1,2026-01-07 22:57:38.724980,wave,41.4,flower,82.43,85.58
60f3666a-ea61-4d4c-b1f4-b185095106d0,9421d6e6-bad9-4752-89dd-3cb7570ccba6,38e6b365-db06-47b0-8195-0e4b81c73ed1,2026-01-07 22:57:50.724980,wave,36.2,flower,6.85,47.31
6b7bb811-6ba4-4445-b017-e52013dd41fa,9421d6e6-bad9-4752-89dd-3cb7570ccba6,38e6b365-db06-47b0-8195-0e4b81c73ed1,2026-01-07 22:57:58.724980,explore,43.3,flower,78.35,35.1
a2fd277d-8b67-454d-b572-a912e67cc1a7,9421d6e6-bad9-4752-89dd-3cb7570ccba6,38e6b365-db06-47b0-8195-0e4b81c73ed1,2026-01-07 22:58:13.724980,spawn_object,33.7,cube,40.74,41.35
b1715e60-c5e7-48c5-94c2-a2baf9f62ea6,9421d6e6-bad9-4752-89dd-3cb7570ccba6,38e6b365-db06-47b0-8195-0e4b81c73ed1,2026-01-07 22:58:21.724980,explore,43.5,paintbrush,74.89,77.79
f585102d-ac8b-4c26-a334-c7301269dcbd,9421d6e6-bad9-4752-89dd-3cb7570ccba6,38e6b365-db06-47b0-8195-0e4b81c73ed1,2026-01-07 22:58:42.724980,spawn_object,34.1,flower,61.0,48.76
3b485845-8f78-4df1-a139-5755fca34cc6,9421d6e6-bad9-4752-89dd-3cb7570ccba6,38e6b365-db06-47b0-8195-0e4b81c73ed1,2026-01-07 22:58:48.724980,explore,37.9,cube,3.72,23.78
509ad4a0-e24e-4d2c-a2e2-b0acef61c272,9421d6e6-bad9-4752-89dd-3cb7570ccba6,38e6b365-db06-47b0-8195-0e4b81c73ed1,2026-01-07 22:59:00.724980,explore,51.0,paintbrush,27.85,41.35
55b9518f-b287-416b-a659-a802022980c8,9421d6e6-bad9-4752-89dd-3cb7570ccba6,38e6b365-db06-47b0-8195-0e4b81c73ed1,2026-01-07 22:59:09.724980,explore,42.1,paintbrush,64.0,92.23
7a1c7827-ac40-43b6-81d9-ac0918af1b62,9421d6e6-bad9-4752-89dd-3cb7570ccba6,38e6b365-db06-47b0-8195-0e4b81c73ed1,2026-01-07 22:59:36.724980,spawn_object,28.7,cube,37.52,79.48
edff0e1e-e228-41e9-92ea-cbccdd0d5a12,9421d6e6-bad9-4752-89dd-3cb7570ccba6,38e6b365-db06-47b0-8195-0e4b81c73ed1,2026-01-07 22:59:46.724980,explore,32.2,flower,12.34,94.34
b6d5ccb6-1e7c-4129-8576-208fb5442310,9421d6e6-bad9-4752-89dd-3cb7570ccba6,38e6b365-db06-47b0-8195-0e4b81c73ed1,2026-01-07 22:59:53.724980,explore,43.4,cube,7.46,79.57
af27ca02-cc96-4fba-86b7-de5034ef12db,9421d6e6-bad9-4752-89dd-3cb7570ccba6,38e6b365-db06-47b0-8195-0e4b81c73ed1,2026-01-07 23:00:02.724980,explore,50.4,paintbrush,11.72,42.6
304fa763-82be-4299-a6f9-241f70743efc,9421d6e6-bad9-4752-89dd-3cb7570ccba6,38e6b365-db06-47b0-8195-0e4b81c73ed1,2026-01-07 23:00:32.724980,explore,37.3,flower,44.61,81.85
b936b13f-5939-4dfd-afe0-0d2cef191243,9421d6e6-bad9-4752-89dd-3cb7570ccba6,38e6b365-db06-47b0-8195-0e4b81c73ed1,2026-01-07 23:00:49.724980,explore,42.1,cube,3.96,71.48
17c57cdb-150b-49cc-9155-a4a03a24de24,9421d6e6-bad9-4752-89dd-3cb7570ccba6,38e6b365-db06-47b0-8195-0e4b81c73ed1,2026-01-07 23:01:19.724980,explore,43.6,cube,57.37,35.35
b5c4987a-e067-414f-b906-588b6d52163a,9421d6e6-bad9-4752-89dd-3cb7570ccba6,38e6b365-db06-47b0-8195-0e4b81c73ed1,2026-01-07 23:01:29.724980,explore,44.1,cube,99.65,95.89
e649a7f2-7dff-4d2b-a4e0-aa38133719f2,9421d6e6-bad9-4752-89dd-3cb7570ccba6,38e6b365-db06-47b0-8195-0e4b81c73ed1,2026-01-07 23:01:43.724980,explore,45.0,paintbrush,2.05,56.64
8ca11bb7-86dc-414f-81d1-b6da888693a8,9421d6e6-bad9-4752-89dd-3cb7570ccba6,38e6b365-db06-47b0-8195-0e4b81c73ed1,2026-01-07 23:02:08.724980,wave,28.9,paintbrush,70.99,87.99
e5a3e8d8-525e-450e-9453-f66b6bd7e0bd,9421d6e6-bad9-4752-89dd-3cb7570ccba6,38e6b365-db06-47b0-8195-0e4b81c73ed1,2026-01-07 23:02:21.724980,explore,44.8,flower,0.92,19.86
e55e112c-9c7e-4f09-9581-cca11165950c,9421d6e6-bad9-4752-89dd-3cb7570ccba6,38e6b365-db06-47b0-8195-0e4b81c73ed1,2026-01-07 23:02:38.724980,wave,33.4,flower,9.98,74.42
42c73b68-507d-4bad-bd4e-e5e679db8318,9421d6e6-bad9-4752-89dd-3cb7570ccba6,38e6b365-db06-47b0-8195-0e4b81c73ed1,2026-01-07 23:02:46.724980,explore,37.6,paintbrush,88.55,58.25
cc45bfb0-a99a-43cd-af22-8f108ad11760,9421d6e6-bad9-4752-89dd-3cb7570ccba6,38e6b365-db06-47b0-8195-0e4b81c73ed1,2026-01-07 23:03:04.724980,explore,35.9,cube,65.7,22.48
12b9f8e8-e000-48de-a723-69789e5c2adf,9421d6e6-bad9-4752-89dd-3cb7570ccba6,38e6b365-db06-47b0-8195-0e4b81c73ed1,2026-01-07 23:03:33.724980,explore,33.0,paintbrush,55.46,84.35
79aea1e0-8df0-44bd-b0ab-90d4b6702f0c,9421d6e6-bad9-4752-89dd-3cb7570ccba6,38e6b365-db06-47b0-8195-0e4b81c73ed1,2026-01-07 23:03:47.724980,explore,44.9,flower,77.82,51.91
59dc33db-4eae-483c-a098-a7790bac19ac,9421d6e6-bad9-4752-89dd-3cb7570ccba6,38e6b365-db06-47b0-8195-0e4b81c73ed1,2026-01-07 23:04:16.724980,wave,39.3,cube,20.66,95.86
69567511-81de-4041-80df-ffa1f67774f1,9421d6e6-bad9-4752-89dd-3cb7570ccba6,38e6b365-db06-47b0-8195-0e4b81c73ed1,2026-01-07 23:04:36.724980,explore,33.9,paintbrush,75.36,99.31
5f554db5-df4b-45b6-a2c0-d922e300b0ce,9421d6e6-bad9-4752-89dd-3cb7570ccba6,38e6b365-db06-47b0-8195-0e4b81c73ed1,2026-01-07 23:04:50.724980,explore,46.2,cube,6.15,24.83
7fcf9732-9ebf-4250-baf8-1eb094d84396,9421d6e6-bad9-4752-89dd-3cb7570ccba6,38e6b365-db06-47b0-8195-0e4b81c73ed1,2026-01-07 23:05:12.724980,spawn_object,39.8,paintbrush,44.54,18.02
1e7cf5a7-c76a-4b7b-89f2-5f70cdc56a2d,9421d6e6-bad9-4752-89dd-3cb7570ccba6,38e6b365-db06-47b0-8195-0e4b81c73ed1,2026-01-07 23:05:41.724980,explore,36.5,flower,3.45,13.26
110f7795-817c-464a-a4df-2401636933ca,9421d6e6-bad9-4752-89dd-3cb7570ccba6,38e6b365-db06-47b0-8195-0e4b81c73ed1,2026-01-07 23:06:08.724980,explore,37.2,flower,60.39,9.43
351d983a-f222-425b-8b7f-f94959dd90ee,9421d6e6-bad9-4752-89dd-3cb7570ccba6,38e6b365-db06-47b0-8195-0e4b81c73ed1,2026-01-07 23:06:14.724980,wave,44.8,paintbrush,0.71,23.78
75f1ec12-5262-47ae-9873-4e75a5220436,9421d6e6-bad9-4752-89dd-3cb7570ccba6,38e6b365-db06-47b0-8195-0e4b81c73ed1,2026-01-07 23:06:32.724980,wave,35.3,cube,20.2,97.02
f7edcce6-6d5e-416b-9e3b-8a95edddec94,9421d6e6-bad9-4752-89dd-3cb7570ccba6,38e6b365-db06-47b0-8195-0e4b81c73ed1,2026-01-07 23:06:46.724980,explore,44.7,flower,76.22,70.65
4c554fce-d3e1-46aa-a5ba-12c3f421c26d,9421d6e6-bad9-4752-89dd-3cb7570ccba6,38e6b365-db06-47b0-8195-0e4b81c73ed1,2026-01-07 23:06:51.724980,wave,41.8,cube,92.73,98.54
68759717-579b-450f-959f-c8c84a340a8c,9421d6e6-bad9-4752-89dd-3cb7570ccba6,38e6b365-db06-47b0-8195-0e4b81c73ed1,2026-01-07 23:07:12.724980,wave,39.9,flower,86.5,24.8
86a2be8b-d05e-4e63-af9c-a35a2b957f0a,9421d6e6-bad9-4752-89dd-3cb7570ccba6,38e6b365-db06-47b0-8195-0e4b81c73ed1,2026-01-07 23:07:42.724980,wave,38.7,cube,6.11,57.9
1820cc54-ba84-4ca2-ab34-4924fb1710ee,9421d6e6-bad9-4752-89dd-3cb7570ccba6,38e6b365-db06-47b0-8195-0e4b81c73ed1,2026-01-07 23:07:51.724980,wave,36.6,flower,11.97,72.65
6a5811f2-aac9-4a7a-afce-01ccfefb0721,d220c6e2-0417-42ba-a3ed-49ff057eb0f4,61ffa208-d2cf-44da-aa15-3b8162b178df,2026-01-07 23:16:30.724980,explore,31.4,flower,32.87,41.33
0deadbd7-37f5-4916-883c-4f677bcdb182,d220c6e2-0417-42ba-a3ed-49ff057eb0f4,61ffa208-d2cf-44da-aa15-3b8162b178df,2026-01-07 23:16:36.724980,spawn_object,38.9,flower,31.18,28.35
936a6017-1821-4977-8a2b-1eb6688a55db,d220c6e2-0417-42ba-a3ed-49ff057eb0f4,61ffa208-d2cf-44da-aa15-3b8162b178df,2026-01-07 23:17:06.724980,wave,38.4,flower,49.6,53.42
84d582a1-52a1-455d-a8ea-e4e7ea8c9b41,d220c6e2-0417-42ba-a3ed-49ff057eb0f4,61ffa208-d2cf-44da-aa15-3b8162b178df,2026-01-07 23:17:19.724980,explore,39.6,flower,67.42,45.78
ed9cd199-479f-47d8-b0af-f21df4cbd7d3,d220c6e2-0417-42ba-a3ed-49ff057eb0f4,61ffa208-d2cf-44da-aa15-3b8162b178df,2026-01-07 23:17:47.724980,spawn_object,48.5,paintbrush,53.9,36.57
6de2e3cf-f0e8-46f7-8716-e8d7b7a64033,d220c6e2-0417-42ba-a3ed-49ff057eb0f4,61ffa208-d2cf-44da-aa15-3b8162b178df,2026-01-07 23:18:06.724980,explore,41.0,paintbrush,51.12,69.35
5e47f553-2a54-4aad-9d65-bb41da65c7fd,d220c6e2-0417-42ba-a3ed-49ff057eb0f4,61ffa208-d2cf-44da-aa15-3b8162b178df,2026-01-07 23:18:25.724980,explore,37.0,paintbrush,62.48,60.97
d5fc6237-f5f7-45c8-b3be-63709f7e078a,d220c6e2-0417-42ba-a3ed-49ff057eb0f4,61ffa208-d2cf-44da-aa15-3b8162b178df,2026-01-07 23:18:54.724980,wave,35.8,paintbrush,88.57,3.04
0a5acb2f-8dae-49d8-a303-e94d21820dad,d220c6e2-0417-42ba-a3ed-49ff057eb0f4,61ffa208-d2cf-44da-aa15-3b8162b178df,2026-01-07 23:19:09.724980,explore,42.8,cube,95.33,14.89
9c0214bb-3a25-4b5b-bd4c-992012c175fc,d220c6e2-0417-42ba-a3ed-49ff057eb0f4,61ffa208-d2cf-44da-aa15-3b8162b178df,2026-01-07 23:19:35.724980,spawn_object,45.6,flower,51.13,43.83
a1b81288-dd59-4a97-938c-1813dfa7c614,12faafb3-a874-46b5-8a7e-a0abeee9d6d0,6471ee6a-0526-4d15-a5a4-1a56e343d077,2026-01-08 01:12:24.724980,spawn_object,39.5,paintbrush,35.16,85.83
0ffa2976-e2b3-4baa-9ac1-adf05c48ca20,12faafb3-a874-46b5-8a7e-a0abeee9d6d0,6471ee6a-0526-4d15-a5a4-1a56e343d077,2026-01-08 01:12:52.724980,explore,37.5,paintbrush,64.15,70.62
6e958c69-22ae-4a78-a6e2-408e346db88b,12faafb3-a874-46b5-8a7e-a0abeee9d6d0,6471ee6a-0526-4d15-a5a4-1a56e343d077,2026-01-08 01:13:10.724980,explore,45.3,paintbrush,6.66,90.98
2250865a-7ae5-4e15-bc86-99e197bc1a8b,12faafb3-a874-46b5-8a7e-a0abeee9d6d0,6471ee6a-0526-4d15-a5a4-1a56e343d077,2026-01-08 01:13:39.724980,spawn_object,34.0,cube,76.97,40.95
16ef4637-b8c5-4a6d-8b5e-d6871f2f6901,12faafb3-a874-46b5-8a7e-a0abeee9d6d0,6471ee6a-0526-4d15-a5a4-1a56e343d077,2026-01-08 01:13:47.724980,explore,39.1,flower,58.59,90.48
6a7ffa24-647a-4772-88be-3e3b360a6e32,12faafb3-a874-46b5-8a7e-a0abeee9d6d0,6471ee6a-0526-4d15-a5a4-1a56e343d077,2026-01-08 01:14:13.724980,explore,38.0,cube,87.26,98.03
6c429314-9976-45c4-ab82-a5339d47c954,12faafb3-a874-46b5-8a7e-a0abeee9d6d0,6471ee6a-0526-4d15-a5a4-1a56e343d077,2026-01-08 01:14:30.724980,explore,49.0,paintbrush,28.73,62.34
4c751301-efc8-499d-8878-43ac13ffd837,12faafb3-a874-46b5-8a7e-a0abeee9d6d0,6471ee6a-0526-4d15-a5a4-1a56e343d077,2026-01-08 01:15:00.724980,explore,42.5,flower,74.33,94.14
5374fb23-2a98-43a8-92f1-4d883ab0bb74,12faafb3-a874-46b5-8a7e-a0abeee9d6d0,6471ee6a-0526-4d15-a5a4-1a56e343d077,2026-01-08 01:15:05.724980,spawn_object,45.8,flower,56.5,12.19
9d85ef1a-6591-4390-8bfd-f7f28c2e8e2f,12faafb3-a874-46b5-8a7e-a0abeee9d6d0,6471ee6a-0526-4d15-a5a4-1a56e343d077,2026-01-08 01:15:12.724980,spawn_object,41.2,paintbrush,53.5,52.94
b6f56913-b8eb-4ecf-95f6-09ec28b49d5f,12faafb3-a874-46b5-8a7e-a0abeee9d6d0,6471ee6a-0526-4d15-a5a4-1a56e343d077,2026-01-08 01:15:22.724980,wave,40.7,cube,19.49,35.13
880fa4cb-b8cc-4051-a3a9-abc8a75ad33a,12faafb3-a874-46b5-8a7e-a0abeee9d6d0,6471ee6a-0526-4d15-a5a4-1a56e343d077,2026-01-08 01:15:36.724980,explore,50.6,flower,37.96,27.18
b960236e-b2a2-48b4-b871-8dbe0613b57d,12faafb3-a874-46b5-8a7e-a0abeee9d6d0,6471ee6a-0526-4d15-a5a4-1a56e343d077,2026-01-08 01:15:59.724980,explore,42.2,cube,3.65,9.23
25b1af7a-5fd8-46be-9fea-abf65e24dd41,12faafb3-a874-46b5-8a7e-a0abeee9d6d0,6471ee6a-0526-4d15-a5a4-1a56e343d077,2026-01-08 01:16:15.724980,wave,44.3,paintbrush,99.65,14.17
d399163c-49aa-44c8-88fa-ac4d397ece31,12faafb3-a874-46b5-8a7e-a0abeee9d6d0,6471ee6a-0526-4d15-a5a4-1a56e343d077,2026-01-08 01:16:43.724980,explore,34.3,paintbrush,80.56,22.43
0a4d35b9-9c5d-48fc-adcb-1b88b87df6d9,12faafb3-a874-46b5-8a7e-a0abeee9d6d0,6471ee6a-0526-4d15-a5a4-1a56e343d077,2026-01-08 01:17:06.724980,explore,42.1,flower,3.41,11.19
4d3baeeb-4380-4a92-9b09-4aa88d6afb2c,12faafb3-a874-46b5-8a7e-a0abeee9d6d0,6471ee6a-0526-4d15-a5a4-1a56e343d077,2026-01-08 01:17:26.724980,wave,43.8,cube,83.78,69.4
a35fcf8a-acf4-48aa-acab-619867fdea4f,12faafb3-a874-46b5-8a7e-a0abeee9d6d0,6471ee6a-0526-4d15-a5a4-1a56e343d077,2026-01-08 01:17:44.724980,explore,41.8,paintbrush,97.92,48.02
9dede0fd-d5b2-4527-a117-e824082418af,12faafb3-a874-46b5-8a7e-a0abeee9d6d0,6471ee6a-0526-4d15-a5a4-1a56e343d077,2026-01-08 01:17:52.724980,explore,34.1,cube,26.95,76.62
57ed3e04-d866-4676-a638-da8abca6a1a9,12faafb3-a874-46b5-8a7e-a0abeee9d6d0,6471ee6a-0526-4d15-a5a4-1a56e343d077,2026-01-08 01:18:15.724980,explore,40.2,flower,31.63,6.94
bb9e4fda-2a41-4b1a-8055-4eb55dd8b5bb,12faafb3-a874-46b5-8a7e-a0abeee9d6d0,6471ee6a-0526-4d15-a5a4-1a56e343d077,2026-01-08 01:18:38.724980,explore,33.8,paintbrush,23.76,24.62
7ff518fa-d514-43ab-a1e3-60f20547278c,12faafb3-a874-46b5-8a7e-a0abeee9d6d0,6471ee6a-0526-4d15-a5a4-1a56e343d077,2026-01-08 01:18:52.724980,explore,42.7,cube,25.85,58.96
5980404f-851f-4690-afb7-6575310845b6,12faafb3-a874-46b5-8a7e-a0abeee9d6d0,6471ee6a-0526-4d15-a5a4-1a56e343d077,2026-01-08 01:19:08.724980,explore,45.3,flower,3.87,83.77
4f0a4f56-e23f-49f8-acef-57dd573ba74f,12faafb3-a874-46b5-8a7e-a0abeee9d6d0,6471ee6a-0526-4d15-a5a4-1a56e343d077,2026-01-08 01:19:16.724980,explore,44.6,cube,20.4,92.26
7a158923-0e3e-41f9-93d5-10a440ad484e,12faafb3-a874-46b5-8a7e-a0abeee9d6d0,6471ee6a-0526-4d15-a5a4-1a56e343d077,2026-01-08 01:19:31.724980,explore,42.9,paintbrush,71.78,84.48
1872c0cd-8e23-4337-a5f5-ba36b263446b,12faafb3-a874-46b5-8a7e-a0abeee9d6d0,6471ee6a-0526-4d15-a5a4-1a56e343d077,2026-01-08 01:19:58.724980,explore,35.2,flower,19.77,37.25
27a51c87-6764-47c4-b5ac-40e15fbaa982,12faafb3-a874-46b5-8a7e-a0abeee9d6d0,6471ee6a-0526-4d15-a5a4-1a56e343d077,2026-01-08 01:20:18.724980,wave,46.2,cube,94.76,73.4
1fe20266-a459-4055-a96f-d8c0f6ae811a,12faafb3-a874-46b5-8a7e-a0abeee9d6d0,6471ee6a-0526-4d15-a5a4-1a56e343d077,2026-01-08 01:20:28.724980,explore,36.5,cube,87.45,16.65
b83e263c-18ab-4770-9ff6-5afbffe60570,12faafb3-a874-46b5-8a7e-a0abeee9d6d0,6471ee6a-0526-4d15-a5a4-1a56e343d077,2026-01-08 01:20:47.724980,wave,44.6,flower,86.2,64.86
5de115ee-cac7-4908-9116-9864dce0200e,12faafb3-a874-46b5-8a7e-a0abeee9d6d0,6471ee6a-0526-4d15-a5a4-1a56e343d077,2026-01-08 01:21:11.724980,explore,44.9,flower,97.81,64.86
74bc7636-7240-40de-872e-f066d6c8c07c,12faafb3-a874-46b5-8a7e-a0abeee9d6d0,6471ee6a-0526-4d15-a5a4-1a56e343d077,2026-01-08 01:21:33.724980,explore,32.5,cube,43.34,40.64
3777815b-7ae0-4983-a22a-6422ef985baf,12faafb3-a874-46b5-8a7e-a0abeee9d6d0,6471ee6a-0526-4d15-a5a4-1a56e343d077,2026-01-08 01:21:54.724980,explore,42.5,paintbrush,6.24,54.05
c39a6f8b-6401-4992-9e3f-d3b449a1447e,12faafb3-a874-46b5-8a7e-a0abeee9d6d0,6471ee6a-0526-4d15-a5a4-1a56e343d077,2026-01-08 01:22:22.724980,wave,43.2,cube,8.69,11.56
68dc56ba-350d-4b5e-b8ac-806b79058c61,12faafb3-a874-46b5-8a7e-a0abeee9d6d0,6471ee6a-0526-4d15-a5a4-1a56e343d077,2026-01-08 01:22:39.724980,spawn_object,34.6,paintbrush,56.01,59.74
d59127de-5017-4510-a4da-bf3f059a1d8c,12faafb3-a874-46b5-8a7e-a0abeee9d6d0,6471ee6a-0526-4d15-a5a4-1a56e343d077,2026-01-08 01:22:55.724980,spawn_object,32.2,paintbrush,23.75,48.17
a1552138-fe54-4a8e-b097-00057e9e6878,12faafb3-a874-46b5-8a7e-a0abeee9d6d0,6471ee6a-0526-4d15-a5a4-1a56e343d077,2026-01-08 01:23:23.724980,wave,43.5,paintbrush,60.6,19.91
4997597f-9b28-4f06-92b5-517bf7810943,12faafb3-a874-46b5-8a7e-a0abeee9d6d0,6471ee6a-0526-4d15-a5a4-1a56e343d077,2026-01-08 01:23:32.724980,explore,43.0,flower,90.68,97.82
44a1ba26-e44b-44be-8511-0ecf029963f1,12faafb3-a874-46b5-8a7e-a0abeee9d6d0,6471ee6a-0526-4d15-a5a4-1a56e343d077,2026-01-08 01:23:58.724980,wave,37.7,flower,30.21,77.03
bc514443-4249-47ce-aa36-2f3e8c671cff,12faafb3-a874-46b5-8a7e-a0abeee9d6d0,6471ee6a-0526-4d15-a5a4-1a56e343d077,2026-01-08 01:24:20.724980,wave,35.8,flower,80.51,90.72
f97b108d-cb0b-41df-8ad9-0704f4e4681e,15400d07-9f85-40e1-a48e-16edf4115340,7c910711-c076-4ec5-a84b-adbaf176d232,2026-01-08 05:46:24.724980,explore,39.0,flower,46.05,87.66
60a791b9-5142-43d9-a6e2-b5c98fbc2628,15400d07-9f85-40e1-a48e-16edf4115340,7c910711-c076-4ec5-a84b-adbaf176d232,2026-01-08 05:46:43.724980,explore,41.8,flower,72.59,76.93
485c3038-c3b9-4a8c-8b42-8f7bec70b6de,15400d07-9f85-40e1-a48e-16edf4115340,7c910711-c076-4ec5-a84b-adbaf176d232,2026-01-08 05:47:01.724980,explore,40.3,cube,81.55,84.96
445a6024-597e-4ae2-a6c6-7869295b26f1,15400d07-9f85-40e1-a48e-16edf4115340,7c910711-c076-4ec5-a84b-adbaf176d232,2026-01-08 05:47:09.724980,explore,44.5,flower,34.84,89.72
37804d03-1238-4dcd-a293-ce689e44b8a8,15400d07-9f85-40e1-a48e-16edf4115340,7c910711-c076-4ec5-a84b-adbaf176d232,2026-01-08 05:47:30.724980,explore,37.5,flower,76.51,99.66
df273fa8-1844-4552-97e5-3d604f2b0591,15400d07-9f85-40e1-a48e-16edf4115340,7c910711-c076-4ec5-a84b-adbaf176d232,2026-01-08 05:47:45.724980,wave,51.6,paintbrush,82.43,58.59
50f6aaa7-ef16-4793-a934-64b647a1e410,15400d07-9f85-40e1-a48e-16edf4115340,7c910711-c076-4ec5-a84b-adbaf176d232,2026-01-08 05:47:50.724980,explore,42.6,flower,50.98,33.42
b104536b-ce74-4a67-b5b5-e42afe2857cf,15400d07-9f85-40e1-a48e-16edf4115340,7c910711-c076-4ec5-a84b-adbaf176d232,2026-01-08 05:48:01.724980,spawn_object,44.9,cube,76.13,33.03
f4f2d113-743c-420b-b699-7a21a1594796,15400d07-9f85-40e1-a48e-16edf4115340,7c910711-c076-4ec5-a84b-adbaf176d232,2026-01-08 05:48:30.724980,wave,35.8,flower,80.18,30.97
32a765a8-9fbb-4360-a971-666e1c356c8c,15400d07-9f85-40e1-a48e-16edf4115340,7c910711-c076-4ec5-a84b-adbaf176d232,2026-01-08 05:48:41.724980,wave,36.8,paintbrush,96.19,89.52
31235e49-17a2-4f1f-9294-79aa4d5e2f1f,15400d07-9f85-40e1-a48e-16edf4115340,7c910711-c076-4ec5-a84b-adbaf176d232,2026-01-08 05:49:10.724980,explore,41.4,paintbrush,47.7,8.55
f914bfb8-a1b8-4551-9b2b-0a1ffc0f56eb,15400d07-9f85-40e1-a48e-16edf4115340,7c910711-c076-4ec5-a84b-adbaf176d232,2026-01-08 05:49:32.724980,explore,44.0,flower,16.05,26.47
ca7ac8eb-6354-4360-b77a-886fd9f42f0f,15400d07-9f85-40e1-a48e-16edf4115340,7c910711-c076-4ec5-a84b-adbaf176d232,2026-01-08 05:49:51.724980,explore,42.8,cube,41.29,94.75
ec826874-45e8-4d99-ac04-95216b54410e,15400d07-9f85-40e1-a48e-16edf4115340,7c910711-c076-4ec5-a84b-adbaf176d232,2026-01-08 05:49:56.724980,explore,52.7,flower,44.41,9.46
e110b498-cb57-4dd8-b938-aa196fe0f7fd,15400d07-9f85-40e1-a48e-16edf4115340,7c910711-c076-4ec5-a84b-adbaf176d232,2026-01-08 05:50:05.724980,wave,38.7,flower,62.37,4.9
0a8fa759-a143-46c2-a8ae-235abf0701a6,15400d07-9f85-40e1-a48e-16edf4115340,7c910711-c076-4ec5-a84b-adbaf176d232,2026-01-08 05:50:34.724980,spawn_object,36.1,paintbrush,35.75,56.21
94cf0e5a-7993-42bd-9dc9-e2e08086ecaf,15400d07-9f85-40e1-a48e-16edf4115340,7c910711-c076-4ec5-a84b-adbaf176d232,2026-01-08 05:50:58.724980,explore,35.3,paintbrush,1.71,25.22
bc4b55ef-60c1-4cb9-a9f0-61fc8a1ba69b,15400d07-9f85-40e1-a48e-16edf4115340,7c910711-c076-4ec5-a84b-adbaf176d232,2026-01-08 05:51:25.724980,explore,43.7,flower,0.1,69.74
708f00c7-f4b5-4b45-97d8-154d6908d3ce,15400d07-9f85-40e1-a48e-16edf4115340,7c910711-c076-4ec5-a84b-adbaf176d232,2026-01-08 05:51:35.724980,spawn_object,38.8,flower,94.12,0.74
177514d3-0bfe-4884-b6ee-bc2b74966f2c,15400d07-9f85-40e1-a48e-16edf4115340,7c910711-c076-4ec5-a84b-adbaf176d232,2026-01-08 05:51:47.724980,explore,33.4,flower,23.37,72.5
0e19f12e-0dbd-4e45-af0d-f0a33f8dc1d7,15400d07-9f85-40e1-a48e-16edf4115340,7c910711-c076-4ec5-a84b-adbaf176d232,2026-01-08 05:52:01.724980,explore,36.2,paintbrush,14.82,68.72
30625230-17fe-4484-8c31-7fa9c77c2c25,15400d07-9f85-40e1-a48e-16edf4115340,7c910711-c076-4ec5-a84b-adbaf176d232,2026-01-08 05:52:26.724980,spawn_object,34.1,flower,99.87,62.56
551c330b-4fc8-4d38-a1e6-82269882ca2f,15400d07-9f85-40e1-a48e-16edf4115340,7c910711-c076-4ec5-a84b-adbaf176d232,2026-01-08 05:52:46.724980,wave,42.9,cube,31.07,34.53
942bc07b-1bc2-48c2-aced-c4e9d6a5f42d,76a6373f-2240-46f3-aa8f-d386f6dd61e8,8a460473-abf3-49e1-9d89-6280136dba2d,2026-01-08 05:30:20.724980,wave,48.2,cube,56.79,39.85
70344ffc-c45f-44af-bd82-4356286a31c5,76a6373f-2240-46f3-aa8f-d386f6dd61e8,8a460473-abf3-49e1-9d89-6280136dba2d,2026-01-08 05:30:30.724980,wave,35.2,paintbrush,31.92,24.48
ca165f51-f1a7-428f-ad0a-77b3b817b60a,76a6373f-2240-46f3-aa8f-d386f6dd61e8,8a460473-abf3-49e1-9d89-6280136dba2d,2026-01-08 05:30:57.724980,explore,44.8,flower,18.55,16.27
8826c121-8580-4f67-841d-92743fe954ac,76a6373f-2240-46f3-aa8f-d386f6dd61e8,8a460473-abf3-49e1-9d89-6280136dba2d,2026-01-08 05:31:04.724980,explore,39.9,flower,51.04,51.69
3cde907b-9ab1-402c-9ce6-aebb814c7869,76a6373f-2240-46f3-aa8f-d386f6dd61e8,8a460473-abf3-49e1-9d89-6280136dba2d,2026-01-08 05:31:13.724980,explore,37.1,flower,27.53,43.85
51ea1650-0f92-4896-a11b-611982576bea,76a6373f-2240-46f3-aa8f-d386f6dd61e8,8a460473-abf3-49e1-9d89-6280136dba2d,2026-01-08 05:31:42.724980,explore,36.9,flower,58.97,27.33
7c84f1d4-e096-4af4-a6c2-62151fce638f,76a6373f-2240-46f3-aa8f-d386f6dd61e8,8a460473-abf3-49e1-9d89-6280136dba2d,2026-01-08 05:31:59.724980,wave,36.5,paintbrush,40.78,73.72
f5a19882-2531-4efd-88bb-7600f2073a52,76a6373f-2240-46f3-aa8f-d386f6dd61e8,8a460473-abf3-49e1-9d89-6280136dba2d,2026-01-08 05:32:07.724980,spawn_object,39.0,paintbrush,89.6,15.96
8f1dd422-6c2e-4cc4-98af-5a59b685d764,76a6373f-2240-46f3-aa8f-d386f6dd61e8,8a460473-abf3-49e1-9d89-6280136dba2d,2026-01-08 05:32:15.724980,wave,41.8,paintbrush,10.95,10.45
71af6513-d562-4eb7-9f20-193ad262ea57,76a6373f-2240-46f3-aa8f-d386f6dd61e8,8a460473-abf3-49e1-9d89-6280136dba2d,2026-01-08 05:32:38.724980,spawn_object,31.6,paintbrush,64.35,42.01
98763c20-4394-4f34-95b3-0252748e421e,76a6373f-2240-46f3-aa8f-d386f6dd61e8,8a460473-abf3-49e1-9d89-6280136dba2d,2026-01-08 05:32:48.724980,explore,48.0,cube,42.17,15.31
c75faf75-2fe2-4556-8557-6ec32dd27f0d,76a6373f-2240-46f3-aa8f-d386f6dd61e8,8a460473-abf3-49e1-9d89-6280136dba2d,2026-01-08 05:32:53.724980,wave,38.4,cube,43.24,16.83
d7db7c6a-d92f-43e2-8295-620a979dd71d,127be75c-f87d-4543-adf1-3066c8ad8767,8b988c78-9536-4de9-a4c7-0fe82c806d5d,2026-01-08 03:55:33.724980,spawn_object,40.1,flower,22.5,25.78
bbb2070b-eaa7-4cca-8133-a58382d40b46,127be75c-f87d-4543-adf1-3066c8ad8767,8b988c78-9536-4de9-a4c7-0fe82c806d5d,2026-01-08 03:56:01.724980,wave,40.1,cube,95.36,48.72
2d4731dc-784d-4331-b5be-ad0866e9d164,127be75c-f87d-4543-adf1-3066c8ad8767,8b988c78-9536-4de9-a4c7-0fe82c806d5d,2026-01-08 03:56:16.724980,explore,41.6,paintbrush,98.63,7.25
9b3b52e6-9ed4-4aa0-8b90-144d2f4c3238,127be75c-f87d-4543-adf1-3066c8ad8767,8b988c78-9536-4de9-a4c7-0fe82c806d5d,2026-01-08 03:56:41.724980,explore,38.7,flower,32.41,99.25
a0339464-6af9-40cb-ae09-d67f9fb5f59b,127be75c-f87d-4543-adf1-3066c8ad8767,8b988c78-9536-4de9-a4c7-0fe82c806d5d,2026-01-08 03:56:59.724980,wave,38.4,paintbrush,26.07,19.76
50a41a9b-d746-4633-86aa-23636d3579fb,127be75c-f87d-4543-adf1-3066c8ad8767,8b988c78-9536-4de9-a4c7-0fe82c806d5d,2026-01-08 03:57:05.724980,explore,41.9,cube,20.92,67.17
c8a88140-ccb9-4699-8247-c579b1632335,127be75c-f87d-4543-adf1-3066c8ad8767,8b988c78-9536-4de9-a4c7-0fe82c806d5d,2026-01-08 03:57:34.724980,explore,40.9,flower,49.4,76.78
7274132b-6d97-4848-af53-d3a678d45a7a,127be75c-f87d-4543-adf1-3066c8ad8767,8b988c78-9536-4de9-a4c7-0fe82c806d5d,2026-01-08 03:57:41.724980,explore,45.1,flower,6.54,8.55
6c507eaa-bc68-4492-ba3f-92ab32c64e17,127be75c-f87d-4543-adf1-3066c8ad8767,8b988c78-9536-4de9-a4c7-0fe82c806d5d,2026-01-08 03:58:06.724980,explore,37.8,flower,59.55,74.87
da9bbb6d-94f2-474e-8a81-ca8139ee5d33,127be75c-f87d-4543-adf1-3066c8ad8767,8b988c78-9536-4de9-a4c7-0fe82c806d5d,2026-01-08 03:58:21.724980,explore,40.1,flower,82.71,46.63
87bfe8b1-a422-43f0-9012-eaf4aa00e0ae,127be75c-f87d-4543-adf1-3066c8ad8767,8b988c78-9536-4de9-a4c7-0fe82c806d5d,2026-01-08 03:58:41.724980,explore,37.0,cube,45.86,54.91
4b4fc341-17da-4074-ba8e-3205b9071ac3,127be75c-f87d-4543-adf1-3066c8ad8767,8b988c78-9536-4de9-a4c7-0fe82c806d5d,2026-01-08 03:58:49.724980,wave,44.6,cube,17.06,45.33
7d290f35-2f1b-41ac-83c1-a51d6f4f2519,127be75c-f87d-4543-adf1-3066c8ad8767,8b988c78-9536-4de9-a4c7-0fe82c806d5d,2026-01-08 03:59:04.724980,explore,40.2,flower,0.4,77.49
e588bfc0-e4c9-4661-bc83-1bfeb70a4652,127be75c-f87d-4543-adf1-3066c8ad8767,8b988c78-9536-4de9-a4c7-0fe82c806d5d,2026-01-08 03:59:17.724980,explore,42.2,cube,65.59,20.97
bee2793b-020e-4e45-bc18-00083a6dddc4,127be75c-f87d-4543-adf1-3066c8ad8767,8b988c78-9536-4de9-a4c7-0fe82c806d5d,2026-01-08 03:59:37.724980,wave,43.9,paintbrush,74.41,18.13
931c71c1-9a31-47ba-ac91-a1716e821bd0,127be75c-f87d-4543-adf1-3066c8ad8767,8b988c78-9536-4de9-a4c7-0fe82c806d5d,2026-01-08 03:59:55.724980,explore,31.6,flower,53.29,97.39
57b10e0b-ede7-4408-a408-86b7fa87999d,127be75c-f87d-4543-adf1-3066c8ad8767,8b988c78-9536-4de9-a4c7-0fe82c806d5d,2026-01-08 04:00:00.724980,wave,35.9,paintbrush,1.6,22.05
1f54850f-000c-4bc8-a984-25c81d55789e,127be75c-f87d-4543-adf1-3066c8ad8767,8b988c78-9536-4de9-a4c7-0fe82c806d5d,2026-01-08 04:00:12.724980,wave,35.2,flower,8.28,52.61
97298cf7-5ffd-4cec-882a-c1f3b6d7da77,127be75c-f87d-4543-adf1-3066c8ad8767,8b988c78-9536-4de9-a4c7-0fe82c806d5d,2026-01-08 04:00:22.724980,explore,42.3,flower,48.77,10.25
1fb93c0d-de5e-41d2-84ab-02f140ab78cf,127be75c-f87d-4543-adf1-3066c8ad8767,8b988c78-9536-4de9-a4c7-0fe82c806d5d,2026-01-08 04:00:47.724980,explore,35.0,cube,97.26,91.92
e7c10fe1-3fd9-4263-a4ce-e6ea9d0907f5,127be75c-f87d-4543-adf1-3066c8ad8767,8b988c78-9536-4de9-a4c7-0fe82c806d5d,2026-01-08 04:01:11.724980,wave,42.0,paintbrush,40.86,92.92
42afe510-4a2c-4b5d-8a29-4817ec3bae62,127be75c-f87d-4543-adf1-3066c8ad8767,8b988c78-9536-4de9-a4c7-0fe82c806d5d,2026-01-08 04:01:26.724980,explore,36.9,flower,90.29,6.52
b7d3b73a-748a-4137-940e-a87d44a0eb76,127be75c-f87d-4543-adf1-3066c8ad8767,8b988c78-9536-4de9-a4c7-0fe82c806d5d,2026-01-08 04:01:55.724980,spawn_object,32.9,cube,36.55,0.37
bf3720d4-96b8-441d-a94f-489dc59bdb45,127be75c-f87d-4543-adf1-3066c8ad8767,8b988c78-9536-4de9-a4c7-0fe82c806d5d,2026-01-08 04:02:14.724980,explore,27.8,cube,47.07,47.33
ecb5a033-df70-4d64-ae69-023476ad17d7,127be75c-f87d-4543-adf1-3066c8ad8767,8b988c78-9536-4de9-a4c7-0fe82c806d5d,2026-01-08 04:02:34.724980,wave,48.8,cube,5.74,74.61
9982cc17-a28b-4960-a0d4-cd598c3cdc97,127be75c-f87d-4543-adf1-3066c8ad8767,8b988c78-9536-4de9-a4c7-0fe82c806d5d,2026-01-08 04:02:54.724980,explore,54.6,flower,92.09,29.57
49ebac0b-13fe-498c-8777-923673646e71,127be75c-f87d-4543-adf1-3066c8ad8767,8b988c78-9536-4de9-a4c7-0fe82c806d5d,2026-01-08 04:03:19.724980,wave,40.0,cube,50.49,74.52
e74700c1-525b-485a-8bfb-6b80e6f2a993,127be75c-f87d-4543-adf1-3066c8ad8767,8b988c78-9536-4de9-a4c7-0fe82c806d5d,2026-01-08 04:03:29.724980,wave,31.3,flower,60.9,12.45
2ad7fb74-44b7-4158-912e-287ed4d5f97a,127be75c-f87d-4543-adf1-3066c8ad8767,8b988c78-9536-4de9-a4c7-0fe82c806d5d,2026-01-08 04:03:37.724980,explore,41.5,paintbrush,86.16,61.76
95058f61-c941-4366-80fb-e0e0f923ce77,127be75c-f87d-4543-adf1-3066c8ad8767,8b988c78-9536-4de9-a4c7-0fe82c806d5d,2026-01-08 04:03:48.724980,wave,41.2,flower,87.76,53.88
7f7e8ca2-07e4-4c3c-9567-e8d7fef2fe66,127be75c-f87d-4543-adf1-3066c8ad8767,8b988c78-9536-4de9-a4c7-0fe82c806d5d,2026-01-08 04:03:56.724980,explore,44.0,paintbrush,51.18,69.24
ae570314-724b-4f2e-9f45-5f6311f62b79,127be75c-f87d-4543-adf1-3066c8ad8767,8b988c78-9536-4de9-a4c7-0fe82c806d5d,2026-01-08 04:04:22.724980,explore,41.9,cube,36.56,62.44
a2fc6a42-cd9c-40b7-85ab-8c78e915dbbf,127be75c-f87d-4543-adf1-3066c8ad8767,8b988c78-9536-4de9-a4c7-0fe82c806d5d,2026-01-08 04:04:49.724980,spawn_object,38.8,paintbrush,43.91,99.37
df566b1f-1563-4906-ad3d-a538583281e1,127be75c-f87d-4543-adf1-3066c8ad8767,8b988c78-9536-4de9-a4c7-0fe82c806d5d,2026-01-08 04:05:04.724980,spawn_object,39.1,flower,16.34,94.34
671e9590-d259-4cbd-bb1b-e95b8c13f777,127be75c-f87d-4543-adf1-3066c8ad8767,8b988c78-9536-4de9-a4c7-0fe82c806d5d,2026-01-08 04:05:22.724980,explore,30.2,cube,15.32,51.18
408cb0a9-a4c9-43c2-bd94-e5e92772b277,127be75c-f87d-4543-adf1-3066c8ad8767,8b988c78-9536-4de9-a4c7-0fe82c806d5d,2026-01-08 04:05:41.724980,explore,39.6,paintbrush,74.35,32.44
3895155c-6024-4992-a9cb-4b5b96bb96ee,127be75c-f87d-4543-adf1-3066c8ad8767,8b988c78-9536-4de9-a4c7-0fe82c806d5d,2026-01-08 04:05:56.724980,wave,30.8,cube,31.41,20.46
22d6e1ef-3807-4d0f-bddb-a548f6bd0503,127be75c-f87d-4543-adf1-3066c8ad8767,8b988c78-9536-4de9-a4c7-0fe82c806d5d,2026-01-08 04:06:01.724980,wave,39.3,cube,39.51,59.84
4c5fa586-5eaa-4b54-afdd-0feb84262e47,127be75c-f87d-4543-adf1-3066c8ad8767,8b988c78-9536-4de9-a4c7-0fe82c806d5d,2026-01-08 04:06:25.724980,wave,46.7,flower,12.33,94.2
19c418ba-feb6-4f38-a3b4-6cbc5a9a3ba6,127be75c-f87d-4543-adf1-3066c8ad8767,8b988c78-9536-4de9-a4c7-0fe82c806d5d,2026-01-08 04:06:55.724980,wave,40.1,paintbrush,28.75,19.64
cb132ede-8c17-4f08-9d28-60800e88587a,494f7b3d-2311-4e70-a4bf-c1295c01d2ea,e4fabd9b-57e6-49db-9a13-79ff4ac9a36d,2026-01-08 03:29:23.724980,explore,36.2,flower,34.41,93.94
12dd644b-f8b0-4e51-a4d6-29fbc88523b1,494f7b3d-2311-4e70-a4bf-c1295c01d2ea,e4fabd9b-57e6-49db-9a13-79ff4ac9a36d,2026-01-08 03:29:29.724980,explore,45.9,cube,28.95,55.33
4af12034-02a9-480c-9d87-d3399e7a4079,494f7b3d-2311-4e70-a4bf-c1295c01d2ea,e4fabd9b-57e6-49db-9a13-79ff4ac9a36d,2026-01-08 03:29:35.724980,wave,44.5,flower,66.23,20.42
a01b1ffd-35dd-4de3-be5a-8d69b8c4727b,494f7b3d-2311-4e70-a4bf-c1295c01d2ea,e4fabd9b-57e6-49db-9a13-79ff4ac9a36d,2026-01-08 03:29:43.724980,explore,44.7,flower,41.78,65.42
a520e7f2-062e-4d86-9b22-cf8787e140f0,494f7b3d-2311-4e70-a4bf-c1295c01d2ea,e4fabd9b-57e6-49db-9a13-79ff4ac9a36d,2026-01-08 03:29:51.724980,explore,37.4,cube,9.85,17.14
b175cca6-4b74-4f2e-94d0-91fe5a24f224,494f7b3d-2311-4e70-a4bf-c1295c01d2ea,e4fabd9b-57e6-49db-9a13-79ff4ac9a36d,2026-01-08 03:30:12.724980,explore,42.8,paintbrush,12.72,17.21
683caee4-0860-4716-83d3-1259d8e8b2cd,494f7b3d-2311-4e70-a4bf-c1295c01d2ea,e4fabd9b-57e6-49db-9a13-79ff4ac9a36d,2026-01-08 03:30:42.724980,explore,39.4,flower,17.6,14.6
30299a0c-e2a2-489f-8c10-d76670690aed,494f7b3d-2311-4e70-a4bf-c1295c01d2ea,e4fabd9b-57e6-49db-9a13-79ff4ac9a36d,2026-01-08 03:31:08.724980,explore,33.1,flower,77.8,12.82
708d7da0-d5aa-468a-9676-fd8ef35e991a,494f7b3d-2311-4e70-a4bf-c1295c01d2ea,e4fabd9b-57e6-49db-9a13-79ff4ac9a36d,2026-01-08 03:31:30.724980,explore,44.0,flower,53.3,52.08
c498d64c-6b67-4bb6-ada8-526db2770267,494f7b3d-2311-4e70-a4bf-c1295c01d2ea,e4fabd9b-57e6-49db-9a13-79ff4ac9a36d,2026-01-08 03:31:43.724980,wave,34.5,paintbrush,50.9,78.19
6660876c-3116-476d-b688-01657ca75453,494f7b3d-2311-4e70-a4bf-c1295c01d2ea,e4fabd9b-57e6-49db-9a13-79ff4ac9a36d,2026-01-08 03:32:06.724980,explore,42.8,flower,20.13,96.31
5b81c7ee-8a9f-4206-9bcb-be5793379425,494f7b3d-2311-4e70-a4bf-c1295c01d2ea,e4fabd9b-57e6-49db-9a13-79ff4ac9a36d,2026-01-08 03:32:36.724980,wave,38.3,flower,22.86,76.54
5e6bef3e-321a-41be-96d4-bdb10cafd6c8,494f7b3d-2311-4e70-a4bf-c1295c01d2ea,e4fabd9b-57e6-49db-9a13-79ff4ac9a36d,2026-01-08 03:32:47.724980,explore,47.6,paintbrush,22.29,61.78
91a59dc7-8a97-409b-9273-3b21be3eb918,494f7b3d-2311-4e70-a4bf-c1295c01d2ea,e4fabd9b-57e6-49db-9a13-79ff4ac9a36d,2026-01-08 03:33:14.724980,wave,43.0,flower,44.17,55.84
72674b8c-c4a2-43cd-a90f-5f4ea23a18b8,494f7b3d-2311-4e70-a4bf-c1295c01d2ea,e4fabd9b-57e6-49db-9a13-79ff4ac9a36d,2026-01-08 03:33:42.724980,explore,36.4,paintbrush,9.66,88.59
bf3cd492-b683-473a-8ec3-11b79163cefb,494f7b3d-2311-4e70-a4bf-c1295c01d2ea,e4fabd9b-57e6-49db-9a13-79ff4ac9a36d,2026-01-08 03:33:48.724980,wave,36.6,flower,74.98,12.6
05f7eb5b-18b9-4137-98f9-6f2f5d0ad874,494f7b3d-2311-4e70-a4bf-c1295c01d2ea,e4fabd9b-57e6-49db-9a13-79ff4ac9a36d,2026-01-08 03:33:56.724980,explore,44.9,paintbrush,59.24,15.57
8cdb2711-7688-40d6-b658-70096ba7dfd7,494f7b3d-2311-4e70-a4bf-c1295c01d2ea,e4fabd9b-57e6-49db-9a13-79ff4ac9a36d,2026-01-08 03:34:21.724980,explore,42.6,paintbrush,88.4,82.86
741bbe7f-6158-4af3-ac06-29afa19be01e,494f7b3d-2311-4e70-a4bf-c1295c01d2ea,e4fabd9b-57e6-49db-9a13-79ff4ac9a36d,2026-01-08 03:34:40.724980,explore,37.9,cube,28.98,17.38
51e76b88-a386-4791-b001-0b431b70007d,494f7b3d-2311-4e70-a4bf-c1295c01d2ea,e4fabd9b-57e6-49db-9a13-79ff4ac9a36d,2026-01-08 03:34:47.724980,wave,43.0,paintbrush,9.54,14.78
0cfd169f-b1c3-4a6c-9586-d167176710e6,494f7b3d-2311-4e70-a4bf-c1295c01d2ea,e4fabd9b-57e6-49db-9a13-79ff4ac9a36d,2026-01-08 03:35:05.724980,wave,34.2,flower,14.93,4.34
15126d1d-7294-4d56-8f6f-072220936d88,494f7b3d-2311-4e70-a4bf-c1295c01d2ea,e4fabd9b-57e6-49db-9a13-79ff4ac9a36d,2026-01-08 03:35:32.724980,explore,47.2,paintbrush,73.91,34.33
d44c90d4-132a-4b91-853a-31272b017e62,494f7b3d-2311-4e70-a4bf-c1295c01d2ea,e4fabd9b-57e6-49db-9a13-79ff4ac9a36d,2026-01-08 03:35:49.724980,explore,40.6,cube,34.86,61.53
d349d925-61b4-4587-bd78-13518a8c5364,494f7b3d-2311-4e70-a4bf-c1295c01d2ea,e4fabd9b-57e6-49db-9a13-79ff4ac9a36d,2026-01-08 03:36:01.724980,wave,47.4,cube,85.48,53.51
b9fdaef6-75d9-4ab7-9d62-e3374617139b,494f7b3d-2311-4e70-a4bf-c1295c01d2ea,e4fabd9b-57e6-49db-9a13-79ff4ac9a36d,2026-01-08 03:36:22.724980,explore,34.8,paintbrush,20.1,80.71
e3faf43c-45ae-4e23-82c0-6bfa3197f452,494f7b3d-2311-4e70-a4bf-c1295c01d2ea,e4fabd9b-57e6-49db-9a13-79ff4ac9a36d,2026-01-08 03:36:41.724980,explore,38.3,paintbrush,68.43,26.78
e86f0e2f-96d0-42ae-a4aa-88097bcd5a63,494f7b3d-2311-4e70-a4bf-c1295c01d2ea,e4fabd9b-57e6-49db-9a13-79ff4ac9a36d,2026-01-08 03:36:55.724980,wave,45.5,flower,26.57,51.48
cfbc9d97-1559-4d6d-8e7e-9bb223de7640,a52a4a9d-4eee-4fcc-b887-16211a5c54eb,f4070f8e-897e-46a3-a94c-eff4a331e3e7,2026-01-07 17:51:24.724980,explore,41.0,flower,82.17,92.99
09689187-847d-4828-ba32-98c6e2c62075,a52a4a9d-4eee-4fcc-b887-16211a5c54eb,f4070f8e-897e-46a3-a94c-eff4a331e3e7,2026-01-07 17:51:45.724980,explore,41.4,cube,19.39,94.16
ca206192-eb5a-4448-8cb8-e337417ea230,a52a4a9d-4eee-4fcc-b887-16211a5c54eb,f4070f8e-897e-46a3-a94c-eff4a331e3e7,2026-01-07 17:52:14.724980,wave,44.7,cube,79.79,41.0
650f577a-af5f-443d-8a3c-2482b0020e55,a52a4a9d-4eee-4fcc-b887-16211a5c54eb,f4070f8e-897e-46a3-a94c-eff4a331e3e7,2026-01-07 17:52:43.724980,spawn_object,38.0,paintbrush,67.52,1.13
72df9f6f-4013-483a-b5bf-7b9c7afa4f38,a52a4a9d-4eee-4fcc-b887-16211a5c54eb,f4070f8e-897e-46a3-a94c-eff4a331e3e7,2026-01-07 17:53:13.724980,wave,35.1,paintbrush,50.05,2.27
9977e25b-3b94-4dbd-a2a7-05a70b2ecc70,a52a4a9d-4eee-4fcc-b887-16211a5c54eb,f4070f8e-897e-46a3-a94c-eff4a331e3e7,2026-01-07 17:53:43.724980,spawn_object,39.1,flower,99.15,49.18
dfff3311-27de-475d-86a5-6d7e6298ebd4,a52a4a9d-4eee-4fcc-b887-16211a5c54eb,f4070f8e-897e-46a3-a94c-eff4a331e3e7,2026-01-07 17:54:03.724980,explore,44.5,cube,56.8,50.97
efa90f7f-3ee6-4c99-84ec-05a1c803713f,a52a4a9d-4eee-4fcc-b887-16211a5c54eb,f4070f8e-897e-46a3-a94c-eff4a331e3e7,2026-01-07 17:54:26.724980,spawn_object,48.1,paintbrush,63.46,28.85
555c047e-043a-46f0-ba9a-9711fe6d409a,a52a4a9d-4eee-4fcc-b887-16211a5c54eb,f4070f8e-897e-46a3-a94c-eff4a331e3e7,2026-01-07 17:54:37.724980,wave,38.7,flower,24.65,65.85
51315ddc-e048-4a0b-a7db-4a028f58cabe,a52a4a9d-4eee-4fcc-b887-16211a5c54eb,f4070f8e-897e-46a3-a94c-eff4a331e3e7,2026-01-07 17:54:44.724980,explore,40.1,cube,28.05,82.34
572702fc-c16b-448b-aaa0-9bec6a63e030,a52a4a9d-4eee-4fcc-b887-16211a5c54eb,f4070f8e-897e-46a3-a94c-eff4a331e3e7,2026-01-07 17:55:10.724980,explore,51.5,flower,51.47,9.62
115a6365-afa0-4a1d-878b-f084ee078d93,a52a4a9d-4eee-4fcc-b887-16211a5c54eb,f4070f8e-897e-46a3-a94c-eff4a331e3e7,2026-01-07 17:55:40.724980,explore,40.8,paintbrush,68.13,32.33
ebc4d1d5-035c-4d4b-af4c-0e23b368a793,a52a4a9d-4eee-4fcc-b887-16211a5c54eb,f4070f8e-897e-46a3-a94c-eff4a331e3e7,2026-01-07 17:56:07.724980,explore,40.4,paintbrush,3.34,78.24
854bd807-de84-4ece-80b1-ea8eb60df328,a52a4a9d-4eee-4fcc-b887-16211a5c54eb,f4070f8e-897e-46a3-a94c-eff4a331e3e7,2026-01-07 17:56:16.724980,explore,36.8,cube,59.23,47.7
3915875a-51b9-4e75-a110-44410710d46b,a52a4a9d-4eee-4fcc-b887-16211a5c54eb,f4070f8e-897e-46a3-a94c-eff4a331e3e7,2026-01-07 17:56:31.724980,explore,37.9,cube,37.65,18.26
dafddce4-99b4-40d7-a60f-82090e583c1a,a52a4a9d-4eee-4fcc-b887-16211a5c54eb,f4070f8e-897e-46a3-a94c-eff4a331e3e7,2026-01-07 17:56:51.724980,explore,36.9,flower,80.49,20.02
58ce5c2f-d053-488b-ba46-e40f8172700e,a52a4a9d-4eee-4fcc-b887-16211a5c54eb,f4070f8e-897e-46a3-a94c-eff4a331e3e7,2026-01-07 17:57:00.724980,explore,36.8,flower,11.91,88.0
3920340f-55f0-41ea-a523-dacc0b25a8fb,a52a4a9d-4eee-4fcc-b887-16211a5c54eb,f4070f8e-897e-46a3-a94c-eff4a331e3e7,2026-01-07 17:57:21.724980,explore,37.0,flower,73.51,85.57
e1904895-528f-4d52-b224-a90a6205aa31,a52a4a9d-4eee-4fcc-b887-16211a5c54eb,f4070f8e-897e-46a3-a94c-eff4a331e3e7,2026-01-07 17:57:27.724980,explore,40.8,flower,84.97,89.46
490ac9ea-5069-4900-880d-6df2d351f106,a52a4a9d-4eee-4fcc-b887-16211a5c54eb,f4070f8e-897e-46a3-a94c-eff4a331e3e7,2026-01-07 17:57:41.724980,wave,38.8,cube,9.19,39.55
66043cb1-ac14-4840-bf49-f73c80fa2ce9,a52a4a9d-4eee-4fcc-b887-16211a5c54eb,f4070f8e-897e-46a3-a94c-eff4a331e3e7,2026-01-07 17:58:06.724980,spawn_object,43.4,cube,95.5,48.29
321cf7e4-c141-4c07-bb35-227f3ba87867,a52a4a9d-4eee-4fcc-b887-16211a5c54eb,f4070f8e-897e-46a3-a94c-eff4a331e3e7,2026-01-07 17:58:22.724980,wave,35.9,flower,28.35,21.87
237d9651-a54f-4864-ae88-2557fc51ed2d,a52a4a9d-4eee-4fcc-b887-16211a5c54eb,f4070f8e-897e-46a3-a94c-eff4a331e3e7,2026-01-07 17:58:32.724980,explore,39.9,flower,42.55,84.15
d3031ab9-ec76-457e-81eb-20f242f471e9,a52a4a9d-4eee-4fcc-b887-16211a5c54eb,f4070f8e-897e-46a3-a94c-eff4a331e3e7,2026-01-07 17:59:02.724980,wave,42.6,flower,85.44,97.42
cbbc355e-322a-4ece-ad8f-e18f62d43f35,05f5af2a-7312-4389-9d2d-5ceeeedc4283,bf4204fa-5e5b-4221-9539-c9478efc512b,2026-01-07 16:17:25.724980,wave,39.7,flower,14.55,4.87
48e53f42-5757-40f1-a743-33fb0002feb9,05f5af2a-7312-4389-9d2d-5ceeeedc4283,bf4204fa-5e5b-4221-9539-c9478efc512b,2026-01-07 16:17:42.724980,explore,35.2,cube,41.69,39.0
e4905e02-554f-4800-b445-7c904adeb4ba,05f5af2a-7312-4389-9d2d-5ceeeedc4283,bf4204fa-5e5b-4221-9539-c9478efc512b,2026-01-07 16:17:59.724980,wave,39.7,flower,78.03,90.8
50b0056d-895e-4fcc-8a87-2f5e8dc6b389,05f5af2a-7312-4389-9d2d-5ceeeedc4283,bf4204fa-5e5b-4221-9539-c9478efc512b,2026-01-07 16:18:07.724980,explore,39.5,paintbrush,92.34,93.18
37baa642-0ee4-4e88-9448-4ae89ab2fba2,05f5af2a-7312-4389-9d2d-5ceeeedc4283,bf4204fa-5e5b-4221-9539-c9478efc512b,2026-01-07 16:18:30.724980,spawn_object,42.1,flower,66.38,89.29
d838d759-2aba-4a4f-b7b3-720044acf107,05f5af2a-7312-4389-9d2d-5ceeeedc4283,bf4204fa-5e5b-4221-9539-c9478efc512b,2026-01-07 16:18:43.724980,explore,50.3,flower,42.53,86.24
b07b4c43-2e2c-4216-9568-eb4792bcbddc,05f5af2a-7312-4389-9d2d-5ceeeedc4283,bf4204fa-5e5b-4221-9539-c9478efc512b,2026-01-07 16:18:49.724980,explore,47.1,flower,56.57,38.12
2cb333d6-a4ed-437b-9592-a8328d07022f,05f5af2a-7312-4389-9d2d-5ceeeedc4283,bf4204fa-5e5b-4221-9539-c9478efc512b,2026-01-07 16:18:56.724980,explore,39.0,paintbrush,54.47,70.89
eede14ef-6c73-4fbd-8ef2-a10bc930ae1e,05f5af2a-7312-4389-9d2d-5ceeeedc4283,bf4204fa-5e5b-4221-9539-c9478efc512b,2026-01-07 16:19:05.724980,wave,36.1,paintbrush,7.25,71.44
a1ec88db-4b87-4eb8-9499-5cac429b7b3a,05f5af2a-7312-4389-9d2d-5ceeeedc4283,bf4204fa-5e5b-4221-9539-c9478efc512b,2026-01-07 16:19:14.724980,wave,39.3,flower,95.88,98.48
51b8675a-fdc4-4b02-9998-ebe85afc5e38,05f5af2a-7312-4389-9d2d-5ceeeedc4283,bf4204fa-5e5b-4221-9539-c9478efc512b,2026-01-07 16:19:37.724980,wave,42.7,flower,71.73,89.53
6b9b335d-af17-4ad8-b581-141aaf35bd85,05f5af2a-7312-4389-9d2d-5ceeeedc4283,bf4204fa-5e5b-4221-9539-c9478efc512b,2026-01-07 16:19:54.724980,wave,33.9,flower,76.62,23.71
1a6da7bf-6c4e-49c2-91ee-b39e6eed9837,b347a586-0032-42c0-826f-07acd8cbb6a5,e44d15fb-45b9-4ea9-91ee-a4ce9cba48df,2026-01-07 18:24:23.724980,explore,43.1,cube,56.4,97.27
de0941a3-1e87-4eb6-b12c-6bb1ae92b317,b347a586-0032-42c0-826f-07acd8cbb6a5,e44d15fb-45b9-4ea9-91ee-a4ce9cba48df,2026-01-07 18:24:36.724980,wave,35.8,flower,10.06,57.87
be2d96b6-ab9b-4527-99c5-e2fabf6a8b83,b347a586-0032-42c0-826f-07acd8cbb6a5,e44d15fb-45b9-4ea9-91ee-a4ce9cba48df,2026-01-07 18:24:48.724980,explore,38.9,cube,56.84,76.61
ce7b455a-078c-45e0-ba63-9834515aad9b,b347a586-0032-42c0-826f-07acd8cbb6a5,e44d15fb-45b9-4ea9-91ee-a4ce9cba48df,2026-01-07 18:25:12.724980,explore,37.4,flower,57.55,26.33
7be47650-d716-4d1f-8cb0-14b660e60c19,b347a586-0032-42c0-826f-07acd8cbb6a5,e44d15fb-45b9-4ea9-91ee-a4ce9cba48df,2026-01-07 18:25:29.724980,wave,37.9,flower,27.23,36.37
d008b46f-abee-4965-bf60-df4b86f66f54,b347a586-0032-42c0-826f-07acd8cbb6a5,e44d15fb-45b9-4ea9-91ee-a4ce9cba48df,2026-01-07 18:25:53.724980,wave,45.7,flower,52.27,95.33
1b67a367-6c74-4ef4-aa35-38c60348a202,b347a586-0032-42c0-826f-07acd8cbb6a5,e44d15fb-45b9-4ea9-91ee-a4ce9cba48df,2026-01-07 18:26:05.724980,explore,39.3,paintbrush,10.31,96.42
d1ba2ad1-2b44-4135-bb2a-f8f5c18bcacd,b347a586-0032-42c0-826f-07acd8cbb6a5,e44d15fb-45b9-4ea9-91ee-a4ce9cba48df,2026-01-07 18:26:22.724980,explore,44.3,cube,8.82,32.49
f26ddbbd-c1b9-4425-b664-121407c313b6,b347a586-0032-42c0-826f-07acd8cbb6a5,e44d15fb-45b9-4ea9-91ee-a4ce9cba48df,2026-01-07 18:26:46.724980,explore,43.3,cube,56.38,81.79
04357511-7da9-4888-ba12-f2fa309c5cd2,b347a586-0032-42c0-826f-07acd8cbb6a5,e44d15fb-45b9-4ea9-91ee-a4ce9cba48df,2026-01-07 18:27:10.724980,explore,44.2,cube,94.03,29.29
e4e587b1-3c98-45ee-8c7f-0a0e6abaa7b9,b347a586-0032-42c0-826f-07acd8cbb6a5,e44d15fb-45b9-4ea9-91ee-a4ce9cba48df,2026-01-07 18:27:26.724980,explore,32.0,paintbrush,95.56,31.33
a36d2478-2808-41e2-9e7b-97adaf9706f2,b347a586-0032-42c0-826f-07acd8cbb6a5,e44d15fb-45b9-4ea9-91ee-a4ce9cba48df,2026-01-07 18:27:43.724980,wave,49.3,flower,2.82,14.72
77eac6fc-c087-4ce0-bbc4-4b8924a5f158,b347a586-0032-42c0-826f-07acd8cbb6a5,e44d15fb-45b9-4ea9-91ee-a4ce9cba48df,2026-01-07 18:28:04.724980,explore,43.3,flower,27.72,95.66
434be53c-0fef-404c-b92a-64b8d77c2911,b347a586-0032-42c0-826f-07acd8cbb6a5,e44d15fb-45b9-4ea9-91ee-a4ce9cba48df,2026-01-07 18:28:16.724980,explore,41.5,paintbrush,78.81,62.38
2c99682a-c99b-4577-85b0-d33446037537,b347a586-0032-42c0-826f-07acd8cbb6a5,e44d15fb-45b9-4ea9-91ee-a4ce9cba48df,2026-01-07 18:28:26.724980,explore,39.0,flower,55.72,50.09
dd22ff71-9a6d-4dc6-bd0d-5b7bbb349f76,b347a586-0032-42c0-826f-07acd8cbb6a5,e44d15fb-45b9-4ea9-91ee-a4ce9cba48df,2026-01-07 18:28:35.724980,explore,39.5,cube,37.84,29.32
70ff3fcc-d39f-43f4-aac9-717696d002d9,b347a586-0032-42c0-826f-07acd8cbb6a5,e44d15fb-45b9-4ea9-91ee-a4ce9cba48df,2026-01-07 18:29:03.724980,explore,35.5,cube,80.01,19.5
c7d1de20-f318-4717-b02a-2d403852b89c,b347a586-0032-42c0-826f-07acd8cbb6a5,e44d15fb-45b9-4ea9-91ee-a4ce9cba48df,2026-01-07 18:29:23.724980,explore,44.4,cube,97.42,75.7
ca703f30-12ba-4bb5-9cd5-718e9792b44a,63699135-40d1-45aa-b8d2-8dc13087ba66,96a654b5-c84e-420c-a3c3-55de91946bb6,2026-01-07 20:55:09.724980,touch,83.8,cube,67.45,69.74
8dd0dddc-c715-48a0-82fe-a56cd49cec99,63699135-40d1-45aa-b8d2-8dc13087ba66,96a654b5-c84e-420c-a3c3-55de91946bb6,2026-01-07 20:55:39.724980,spawn_object,76.2,asset_gun_01,53.85,68.54
b1051d89-a985-429d-a5e6-5eab27664697,63699135-40d1-45aa-b8d2-8dc13087ba66,96a654b5-c84e-420c-a3c3-55de91946bb6,2026-01-07 20:56:07.724980,touch,83.3,asset_siren,52.68,11.25
24173905-552d-4eca-987b-2189ba8fb7ef,63699135-40d1-45aa-b8d2-8dc13087ba66,96a654b5-c84e-420c-a3c3-55de91946bb6,2026-01-07 20:56:24.724980,spawn_object,87.3,asset_siren,28.73,18.61
9fc38881-0359-414e-b254-4f85e41eb2c9,63699135-40d1-45aa-b8d2-8dc13087ba66,96a654b5-c84e-420c-a3c3-55de91946bb6,2026-01-07 20:56:52.724980,idle,82.6,asset_siren,56.78,81.25
96a6ee81-9ea1-4ee9-b5a6-b17a2417b666,63699135-40d1-45aa-b8d2-8dc13087ba66,96a654b5-c84e-420c-a3c3-55de91946bb6,2026-01-07 20:57:08.724980,spawn_object,86.9,asset_gun_01,93.56,95.21
91a4e43a-e46f-4476-a556-7bb5945a8036,63699135-40d1-45aa-b8d2-8dc13087ba66,96a654b5-c84e-420c-a3c3-55de91946bb6,2026-01-07 20:57:20.724980,spawn_object,98.0,asset_gun_01,69.08,12.76
788547cd-857d-413c-8ac0-9985c89a10a3,63699135-40d1-45aa-b8d2-8dc13087ba66,96a654b5-c84e-420c-a3c3-55de91946bb6,2026-01-07 20:57:47.724980,touch,85.3,asset_gun_01,45.11,48.11
eb8363a5-351a-4f76-9999-9a4eb9a74bae,63699135-40d1-45aa-b8d2-8dc13087ba66,96a654b5-c84e-420c-a3c3-55de91946bb6,2026-01-07 20:58:15.724980,touch,88.7,asset_siren,17.35,68.53
f898f266-3d45-41c0-b3e3-763e869813e5,63699135-40d1-45aa-b8d2-8dc13087ba66,96a654b5-c84e-420c-a3c3-55de91946bb6,2026-01-07 20:58:36.724980,spawn_object,93.4,asset_siren,9.52,12.7
fbeb8343-0a12-42cc-bd84-d8181678533c,63699135-40d1-45aa-b8d2-8dc13087ba66,96a654b5-c84e-420c-a3c3-55de91946bb6,2026-01-07 20:58:47.724980,spawn_object,81.5,asset_gun_01,58.83,66.53
7ff708c8-8b14-4c79-b187-1f9b98e8921b,63699135-40d1-45aa-b8d2-8dc13087ba66,96a654b5-c84e-420c-a3c3-55de91946bb6,2026-01-07 20:59:04.724980,spawn_object,93.5,asset_siren,85.84,68.96
8e45ac24-6c61-48af-83a4-cabfdb13a126,63699135-40d1-45aa-b8d2-8dc13087ba66,96a654b5-c84e-420c-a3c3-55de91946bb6,2026-01-07 20:59:31.724980,spawn_object,92.4,asset_gun_01,28.37,76.04
e51ac327-05b2-41a5-863c-aeaa67e57e3c,63699135-40d1-45aa-b8d2-8dc13087ba66,96a654b5-c84e-420c-a3c3-55de91946bb6,2026-01-07 20:59:53.724980,touch,92.7,asset_gun_01,23.84,93.62
5e415dec-2f59-49e0-b981-2840849e52b5,63699135-40d1-45aa-b8d2-8dc13087ba66,96a654b5-c84e-420c-a3c3-55de91946bb6,2026-01-07 21:00:06.724980,spawn_object,91.7,asset_gun_01,47.8,68.62
bfd6efcf-d635-409d-bd49-058274921398,63699135-40d1-45aa-b8d2-8dc13087ba66,96a654b5-c84e-420c-a3c3-55de91946bb6,2026-01-07 21:00:21.724980,spawn_object,86.8,asset_gun_01,76.58,95.09
27116654-add3-4e33-9e84-4d3593b4fac2,63699135-40d1-45aa-b8d2-8dc13087ba66,96a654b5-c84e-420c-a3c3-55de91946bb6,2026-01-07 21:00:26.724980,spawn_object,97.6,asset_siren,85.08,26.79
0b3575bf-58f5-45e8-a5a3-22f7f012e168,63699135-40d1-45aa-b8d2-8dc13087ba66,96a654b5-c84e-420c-a3c3-55de91946bb6,2026-01-07 21:00:35.724980,spawn_object,90.3,asset_gun_01,55.19,14.33
f526a6ce-e16f-4259-8f07-28129865a29a,63699135-40d1-45aa-b8d2-8dc13087ba66,96a654b5-c84e-420c-a3c3-55de91946bb6,2026-01-07 21:00:42.724980,idle,77.8,asset_siren,96.04,71.49
b4469c00-dc33-4ab9-b8a7-c7b89d3b0b88,63699135-40d1-45aa-b8d2-8dc13087ba66,96a654b5-c84e-420c-a3c3-55de91946bb6,2026-01-07 21:00:47.724980,touch,90.6,asset_gun_01,14.68,45.61
70f1ad8f-59fe-469b-85bb-948e66f6380b,63699135-40d1-45aa-b8d2-8dc13087ba66,96a654b5-c84e-420c-a3c3-55de91946bb6,2026-01-07 21:01:00.724980,touch,104.7,asset_siren,76.02,99.04
fba99436-26a4-4b65-94c9-de997e831ad5,63699135-40d1-45aa-b8d2-8dc13087ba66,96a654b5-c84e-420c-a3c3-55de91946bb6,2026-01-07 21:01:11.724980,touch,71.9,asset_siren,68.24,17.31
65f8642f-1a30-418d-b0bb-cb64a933b900,63699135-40d1-45aa-b8d2-8dc13087ba66,96a654b5-c84e-420c-a3c3-55de91946bb6,2026-01-07 21:01:25.724980,spawn_object,68.2,asset_gun_01,42.38,65.22
b8ff5c13-0465-444d-996e-170010041c58,63699135-40d1-45aa-b8d2-8dc13087ba66,96a654b5-c84e-420c-a3c3-55de91946bb6,2026-01-07 21:01:49.724980,touch,73.5,asset_siren,7.38,78.6
7e29010f-78a5-4143-b24b-8137da2e552f,63699135-40d1-45aa-b8d2-8dc13087ba66,96a654b5-c84e-420c-a3c3-55de91946bb6,2026-01-07 21:01:57.724980,spawn_object,94.1,asset_gun_01,5.05,63.79
ddc45a11-d056-4e60-a9a1-8f3ba948ad01,63699135-40d1-45aa-b8d2-8dc13087ba66,96a654b5-c84e-420c-a3c3-55de91946bb6,2026-01-07 21:02:08.724980,touch,79.0,asset_gun_01,74.55,61.9
48838609-74b0-424a-a68b-c71c98584c65,63699135-40d1-45aa-b8d2-8dc13087ba66,96a654b5-c84e-420c-a3c3-55de91946bb6,2026-01-07 21:02:29.724980,spawn_object,88.4,cube,47.81,79.98
e0b8bb33-3935-45dd-bded-0c859bf6cb5b,63699135-40d1-45aa-b8d2-8dc13087ba66,96a654b5-c84e-420c-a3c3-55de91946bb6,2026-01-07 21:02:53.724980,touch,102.7,cube,67.45,63.11
0c430084-ab74-4f18-900b-274d12e3bdf7,63699135-40d1-45aa-b8d2-8dc13087ba66,96a654b5-c84e-420c-a3c3-55de91946bb6,2026-01-07 21:03:20.724980,spawn_object,78.2,asset_gun_01,58.56,18.07
13e89efd-844a-45eb-aa16-fb64bb7b73f6,63699135-40d1-45aa-b8d2-8dc13087ba66,96a654b5-c84e-420c-a3c3-55de91946bb6,2026-01-07 21:03:29.724980,touch,100.0,asset_gun_01,81.37,33.64
fd19678a-98e5-4e60-bfa9-a5ba8dd697f5,63699135-40d1-45aa-b8d2-8dc13087ba66,96a654b5-c84e-420c-a3c3-55de91946bb6,2026-01-07 21:03:53.724980,touch,93.2,asset_gun_01,3.05,41.51
0be8a6c0-b771-4781-995d-98fdf456c5f6,63699135-40d1-45aa-b8d2-8dc13087ba66,96a654b5-c84e-420c-a3c3-55de91946bb6,2026-01-07 21:03:59.724980,spawn_object,81.5,asset_siren,57.75,16.56
014fa800-fd96-4a40-a284-4419d0368f0f,63699135-40d1-45aa-b8d2-8dc13087ba66,96a654b5-c84e-420c-a3c3-55de91946bb6,2026-01-07 21:04:09.724980,spawn_object,90.7,asset_gun_01,58.16,40.01
b32646ea-d8e5-43c3-8165-7b09ab621fb8,63699135-40d1-45aa-b8d2-8dc13087ba66,96a654b5-c84e-420c-a3c3-55de91946bb6,2026-01-07 21:04:21.724980,touch,75.9,asset_gun_01,16.15,83.01
aa7c21a3-bd0b-4f71-b397-678e7ebfd23a,63699135-40d1-45aa-b8d2-8dc13087ba66,96a654b5-c84e-420c-a3c3-55de91946bb6,2026-01-07 21:04:51.724980,spawn_object,70.9,asset_siren,95.94,11.65
54d79942-f0ca-4584-96db-27828d68d30b,63699135-40d1-45aa-b8d2-8dc13087ba66,96a654b5-c84e-420c-a3c3-55de91946bb6,2026-01-07 21:05:10.724980,spawn_object,88.2,asset_siren,47.1,1.88
abe9d5e7-abd4-4ac5-b999-dfc0c0679aa6,63699135-40d1-45aa-b8d2-8dc13087ba66,96a654b5-c84e-420c-a3c3-55de91946bb6,2026-01-07 21:05:16.724980,spawn_object,84.2,asset_siren,16.74,47.8
e0a4c0ea-06a1-40fc-962a-f48279f6220e,63699135-40d1-45aa-b8d2-8dc13087ba66,96a654b5-c84e-420c-a3c3-55de91946bb6,2026-01-07 21:05:26.724980,spawn_object,80.4,asset_gun_01,99.33,50.1
a4eeb23c-22f1-4048-bd17-4194155456f9,63699135-40d1-45aa-b8d2-8dc13087ba66,96a654b5-c84e-420c-a3c3-55de91946bb6,2026-01-07 21:05:41.724980,spawn_object,91.8,asset_gun_01,80.68,13.7
60882341-fdbc-496a-9396-dc7806521f39,63699135-40d1-45aa-b8d2-8dc13087ba66,96a654b5-c84e-420c-a3c3-55de91946bb6,2026-01-07 21:05:46.724980,touch,104.5,asset_gun_01,94.46,9.9
39a0f429-5289-41e0-b472-24b3615c60f0,63699135-40d1-45aa-b8d2-8dc13087ba66,96a654b5-c84e-420c-a3c3-55de91946bb6,2026-01-07 21:05:56.724980,touch,84.7,asset_gun_01,10.36,52.82
38b024ef-8c3f-42de-bccd-0d27948f5c4e,63699135-40d1-45aa-b8d2-8dc13087ba66,96a654b5-c84e-420c-a3c3-55de91946bb6,2026-01-07 21:06:09.724980,touch,80.8,asset_siren,52.41,35.38
7927ab5d-7a92-4d56-8552-bd2dc8cfaacb,63699135-40d1-45aa-b8d2-8dc13087ba66,96a654b5-c84e-420c-a3c3-55de91946bb6,2026-01-07 21:06:14.724980,touch,78.6,asset_siren,34.97,97.28
22d2b0a4-aeca-4290-9824-0a90ae9fafd1,63699135-40d1-45aa-b8d2-8dc13087ba66,96a654b5-c84e-420c-a3c3-55de91946bb6,2026-01-07 21:06:40.724980,spawn_object,88.8,asset_siren,20.76,92.16
6c5c9713-7b12-4406-b769-cedcd80d864e,63699135-40d1-45aa-b8d2-8dc13087ba66,96a654b5-c84e-420c-a3c3-55de91946bb6,2026-01-07 21:06:59.724980,idle,71.4,asset_gun_01,24.56,3.19
fe4fc08f-36b1-4cd9-a5e3-a63d3ceb6755,63699135-40d1-45aa-b8d2-8dc13087ba66,96a654b5-c84e-420c-a3c3-55de91946bb6,2026-01-07 21:07:15.724980,spawn_object,82.8,asset_gun_01,31.42,55.11
ddc5d319-9e5e-489f-829a-b407897420b5,63699135-40d1-45aa-b8d2-8dc13087ba66,96a654b5-c84e-420c-a3c3-55de91946bb6,2026-01-07 21:07:21.724980,spawn_object,81.2,asset_siren,21.75,60.7
8db57148-b1c0-4ae2-917a-0ce9fe0cc021,63699135-40d1-45aa-b8d2-8dc13087ba66,96a654b5-c84e-420c-a3c3-55de91946bb6,2026-01-07 21:07:27.724980,spawn_object,85.9,asset_siren,36.21,3.65
2e4aca6a-f2d5-48e4-b571-200be3b88177,63699135-40d1-45aa-b8d2-8dc13087ba66,96a654b5-c84e-420c-a3c3-55de91946bb6,2026-01-07 21:07:48.724980,spawn_object,85.3,asset_siren,29.41,33.5
835f27ef-aaa2-4f5b-a32e-b1492212124b,63699135-40d1-45aa-b8d2-8dc13087ba66,96a654b5-c84e-420c-a3c3-55de91946bb6,2026-01-07 21:08:18.724980,spawn_object,87.4,asset_siren,5.94,87.24
69da4be0-f615-4e81-b888-d50f2a8df816,63699135-40d1-45aa-b8d2-8dc13087ba66,96a654b5-c84e-420c-a3c3-55de91946bb6,2026-01-07 21:08:27.724980,spawn_object,90.2,asset_siren,61.3,28.35
dd71cbb9-bc11-420d-8139-8e6d3a48df29,63699135-40d1-45aa-b8d2-8dc13087ba66,96a654b5-c84e-420c-a3c3-55de91946bb6,2026-01-07 21:08:57.724980,spawn_object,76.4,asset_siren,25.25,42.98
b9b42d2f-255a-4f9c-a166-7eaded8358c2,63699135-40d1-45aa-b8d2-8dc13087ba66,96a654b5-c84e-420c-a3c3-55de91946bb6,2026-01-07 21:09:09.724980,touch,81.9,asset_gun_01,71.61,62.94
1c58c1bf-3d33-4dcc-a6d5-ff073c2f8ec8,63699135-40d1-45aa-b8d2-8dc13087ba66,96a654b5-c84e-420c-a3c3-55de91946bb6,2026-01-07 21:09:14.724980,spawn_object,75.0,asset_gun_01,33.86,28.29
6e8a3251-dd7a-4862-bb71-128fa3ac7c28,63699135-40d1-45aa-b8d2-8dc13087ba66,96a654b5-c84e-420c-a3c3-55de91946bb6,2026-01-07 21:09:42.724980,touch,77.0,asset_gun_01,33.82,86.39
f70afb9c-3e2d-4e88-aa30-04ceb7a04b46,63699135-40d1-45aa-b8d2-8dc13087ba66,96a654b5-c84e-420c-a3c3-55de91946bb6,2026-01-07 21:10:03.724980,spawn_object,70.8,asset_gun_01,79.13,48.88
a0a91c4f-7e46-43fa-bcf6-af6f24f3fa9e,63699135-40d1-45aa-b8d2-8dc13087ba66,96a654b5-c84e-420c-a3c3-55de91946bb6,2026-01-07 21:10:12.724980,spawn_object,81.2,asset_siren,89.79,32.43
edd4a269-7c84-47ce-a0f3-ec473e35c976,63699135-40d1-45aa-b8d2-8dc13087ba66,96a654b5-c84e-420c-a3c3-55de91946bb6,2026-01-07 21:10:32.724980,spawn_object,100.3,asset_gun_01,34.94,72.17
2dbc882b-3d5c-4014-b6f8-db030e134284,63699135-40d1-45aa-b8d2-8dc13087ba66,96a654b5-c84e-420c-a3c3-55de91946bb6,2026-01-07 21:10:54.724980,spawn_object,107.7,asset_gun_01,56.4,31.58
da74d610-0b7c-4c90-a83d-051ef6f9a832,63699135-40d1-45aa-b8d2-8dc13087ba66,96a654b5-c84e-420c-a3c3-55de91946bb6,2026-01-07 21:11:05.724980,spawn_object,94.5,cube,21.37,5.92
c857c010-78f1-4bda-8404-4714bb08be34,63699135-40d1-45aa-b8d2-8dc13087ba66,96a654b5-c84e-420c-a3c3-55de91946bb6,2026-01-07 21:11:12.724980,idle,87.7,cube,67.34,1.15
381ba1e4-fabd-4706-bb77-300f1df90160,941dc368-4375-484f-838c-cdae5decbb3e,40b666ba-af1f-4453-9b47-5aaeed718588,2026-01-08 06:30:15.724980,touch,86.4,asset_gun_01,91.0,19.39
ef1d7060-8fc3-4128-ad56-76acbfebc16a,941dc368-4375-484f-838c-cdae5decbb3e,40b666ba-af1f-4453-9b47-5aaeed718588,2026-01-08 06:30:21.724980,touch,98.2,asset_siren,34.98,82.13
2e16d2be-65c2-4e9b-b23c-96eb1a6ebe71,941dc368-4375-484f-838c-cdae5decbb3e,40b666ba-af1f-4453-9b47-5aaeed718588,2026-01-08 06:30:32.724980,spawn_object,79.8,asset_siren,57.13,40.38
f5934f97-84f1-43ef-bec4-a6942c2ed3de,941dc368-4375-484f-838c-cdae5decbb3e,40b666ba-af1f-4453-9b47-5aaeed718588,2026-01-08 06:30:42.724980,touch,80.4,asset_siren,67.43,26.62
a4b0533c-3ada-4cb4-8d95-7c76359ba641,941dc368-4375-484f-838c-cdae5decbb3e,40b666ba-af1f-4453-9b47-5aaeed718588,2026-01-08 06:31:03.724980,touch,84.4,cube,87.03,6.56
476d77d0-7ed8-4e45-b549-d53636b38a6f,941dc368-4375-484f-838c-cdae5decbb3e,40b666ba-af1f-4453-9b47-5aaeed718588,2026-01-08 06:31:33.724980,spawn_object,86.2,asset_siren,79.55,56.48
de91bf17-e585-4715-bead-8f054b70d53f,941dc368-4375-484f-838c-cdae5decbb3e,40b666ba-af1f-4453-9b47-5aaeed718588,2026-01-08 06:31:44.724980,touch,83.4,asset_gun_01,22.6,97.57
0fe5293d-d69d-42f3-9d53-ca79b228a165,941dc368-4375-484f-838c-cdae5decbb3e,40b666ba-af1f-4453-9b47-5aaeed718588,2026-01-08 06:32:07.724980,spawn_object,79.7,asset_gun_01,2.01,51.47
9d1bae42-fcb6-4023-9955-4f714b837de8,941dc368-4375-484f-838c-cdae5decbb3e,40b666ba-af1f-4453-9b47-5aaeed718588,2026-01-08 06:32:19.724980,spawn_object,77.7,asset_siren,76.53,39.41
326bf2db-065d-4653-b8cd-c5fde4a29d80,941dc368-4375-484f-838c-cdae5decbb3e,40b666ba-af1f-4453-9b47-5aaeed718588,2026-01-08 06:32:31.724980,spawn_object,88.8,asset_siren,46.3,4.45
18e5e6d0-a471-47c1-a06d-95942b540e2e,941dc368-4375-484f-838c-cdae5decbb3e,40b666ba-af1f-4453-9b47-5aaeed718588,2026-01-08 06:32:42.724980,spawn_object,86.0,asset_gun_01,51.72,72.95
69e89f35-f1c6-4149-a639-9bcd5bfb8c04,941dc368-4375-484f-838c-cdae5decbb3e,40b666ba-af1f-4453-9b47-5aaeed718588,2026-01-08 06:33:04.724980,touch,85.3,asset_siren,92.62,74.3
6512cc29-154d-4360-af70-90019da98cd0,941dc368-4375-484f-838c-cdae5decbb3e,40b666ba-af1f-4453-9b47-5aaeed718588,2026-01-08 06:33:18.724980,idle,81.2,asset_gun_01,59.41,95.83
e24cf3f9-86f4-4b3b-b6fb-4ed37e1883d6,941dc368-4375-484f-838c-cdae5decbb3e,40b666ba-af1f-4453-9b47-5aaeed718588,2026-01-08 06:33:25.724980,spawn_object,90.0,asset_siren,97.07,99.48
c86eaecd-671a-4c82-9663-71ab831ce805,941dc368-4375-484f-838c-cdae5decbb3e,40b666ba-af1f-4453-9b47-5aaeed718588,2026-01-08 06:33:53.724980,spawn_object,81.5,asset_gun_01,52.87,53.08
a56ae5a4-95f3-4074-b519-d0a96a445994,941dc368-4375-484f-838c-cdae5decbb3e,40b666ba-af1f-4453-9b47-5aaeed718588,2026-01-08 06:34:07.724980,spawn_object,102.4,asset_siren,44.03,7.44
47731b2a-1f61-4d18-a590-2e7bb5c07694,941dc368-4375-484f-838c-cdae5decbb3e,40b666ba-af1f-4453-9b47-5aaeed718588,2026-01-08 06:34:20.724980,spawn_object,101.6,asset_siren,8.98,98.47
fee195c8-7a65-444a-8f79-17130b1cb1f4,941dc368-4375-484f-838c-cdae5decbb3e,40b666ba-af1f-4453-9b47-5aaeed718588,2026-01-08 06:34:26.724980,spawn_object,97.2,asset_gun_01,99.62,41.21
28b749d5-266e-46ad-9cba-850dd3422f21,941dc368-4375-484f-838c-cdae5decbb3e,40b666ba-af1f-4453-9b47-5aaeed718588,2026-01-08 06:34:45.724980,spawn_object,91.1,asset_gun_01,43.22,91.68
6ef8e35d-7081-4a20-b207-de992282f570,941dc368-4375-484f-838c-cdae5decbb3e,40b666ba-af1f-4453-9b47-5aaeed718588,2026-01-08 06:35:10.724980,touch,82.7,asset_gun_01,89.17,78.44
6c02b4ab-8be8-4bd8-b5e9-14d1bec9a9de,941dc368-4375-484f-838c-cdae5decbb3e,40b666ba-af1f-4453-9b47-5aaeed718588,2026-01-08 06:35:30.724980,spawn_object,74.8,asset_gun_01,35.99,62.95
312f9f05-4f3d-4205-998d-93eb2aa0ae6c,941dc368-4375-484f-838c-cdae5decbb3e,40b666ba-af1f-4453-9b47-5aaeed718588,2026-01-08 06:35:56.724980,touch,81.7,asset_siren,26.52,45.25
4a00ce6e-b269-4ac7-83eb-2bee4340dabd,941dc368-4375-484f-838c-cdae5decbb3e,40b666ba-af1f-4453-9b47-5aaeed718588,2026-01-08 06:36:06.724980,idle,77.9,asset_siren,28.41,76.35
56699d77-f347-4e42-a516-1bd0602988bc,941dc368-4375-484f-838c-cdae5decbb3e,40b666ba-af1f-4453-9b47-5aaeed718588,2026-01-08 06:36:15.724980,idle,78.6,asset_siren,23.65,50.12
4f2d0098-2dc0-4d14-9950-c164bc89c530,941dc368-4375-484f-838c-cdae5decbb3e,40b666ba-af1f-4453-9b47-5aaeed718588,2026-01-08 06:36:29.724980,spawn_object,71.8,asset_gun_01,62.41,93.04
73047c0b-b9df-46b4-acd1-c30f8834d07c,941dc368-4375-484f-838c-cdae5decbb3e,40b666ba-af1f-4453-9b47-5aaeed718588,2026-01-08 06:36:56.724980,idle,70.4,asset_siren,87.72,21.5
d6b41dd2-569c-4b1e-89fd-0f5e9c466257,941dc368-4375-484f-838c-cdae5decbb3e,40b666ba-af1f-4453-9b47-5aaeed718588,2026-01-08 06:37:16.724980,touch,81.4,asset_siren,11.61,97.24
e488f2b9-4cd2-4bb8-a8c7-e09444c2a9ca,941dc368-4375-484f-838c-cdae5decbb3e,40b666ba-af1f-4453-9b47-5aaeed718588,2026-01-08 06:37:41.724980,touch,73.5,asset_siren,63.11,73.27
f4597753-3d42-4c7d-b745-23836c97d4ac,941dc368-4375-484f-838c-cdae5decbb3e,40b666ba-af1f-4453-9b47-5aaeed718588,2026-01-08 06:37:54.724980,touch,68.2,cube,18.87,81.96
376615aa-366b-44a5-9b44-d0f734720c24,941dc368-4375-484f-838c-cdae5decbb3e,40b666ba-af1f-4453-9b47-5aaeed718588,2026-01-08 06:38:14.724980,spawn_object,77.9,asset_gun_01,47.26,88.46
6d1cb9df-22ae-4ea3-8825-998a5ea39603,941dc368-4375-484f-838c-cdae5decbb3e,40b666ba-af1f-4453-9b47-5aaeed718588,2026-01-08 06:38:42.724980,spawn_object,76.9,asset_siren,66.72,90.31
9d35caec-73d7-4231-a767-e595ddea4b2b,941dc368-4375-484f-838c-cdae5decbb3e,40b666ba-af1f-4453-9b47-5aaeed718588,2026-01-08 06:39:07.724980,spawn_object,89.0,cube,74.99,81.8
8d35e9be-e65c-4609-9568-a901ef6c95c2,941dc368-4375-484f-838c-cdae5decbb3e,40b666ba-af1f-4453-9b47-5aaeed718588,2026-01-08 06:39:35.724980,idle,94.3,asset_gun_01,57.48,6.95
c45e0583-38dc-4a84-890a-2598bbc39317,941dc368-4375-484f-838c-cdae5decbb3e,40b666ba-af1f-4453-9b47-5aaeed718588,2026-01-08 06:40:04.724980,spawn_object,98.2,asset_siren,41.11,6.33
7284096b-6763-41fa-8e65-d24f766767ea,941dc368-4375-484f-838c-cdae5decbb3e,40b666ba-af1f-4453-9b47-5aaeed718588,2026-01-08 06:40:16.724980,touch,78.8,asset_gun_01,16.39,71.95
cc07452c-9070-4194-870a-01db883e4544,941dc368-4375-484f-838c-cdae5decbb3e,40b666ba-af1f-4453-9b47-5aaeed718588,2026-01-08 06:40:42.724980,spawn_object,87.2,asset_siren,9.21,68.74
e782a9b8-70ae-4fdf-8f5f-ea6d594436a6,941dc368-4375-484f-838c-cdae5decbb3e,40b666ba-af1f-4453-9b47-5aaeed718588,2026-01-08 06:40:53.724980,spawn_object,69.8,asset_siren,36.62,78.15
241f4b7f-ce96-41b4-aea8-e06bf7c1032c,941dc368-4375-484f-838c-cdae5decbb3e,40b666ba-af1f-4453-9b47-5aaeed718588,2026-01-08 06:41:19.724980,touch,100.8,asset_gun_01,51.45,16.32
7f06d384-1b9c-4b4c-a565-dc066014f527,941dc368-4375-484f-838c-cdae5decbb3e,40b666ba-af1f-4453-9b47-5aaeed718588,2026-01-08 06:41:49.724980,touch,94.0,asset_siren,65.8,43.99
b1f9dd7f-174c-4227-a6b9-3a0859922c3d,941dc368-4375-484f-838c-cdae5decbb3e,40b666ba-af1f-4453-9b47-5aaeed718588,2026-01-08 06:42:11.724980,spawn_object,72.8,asset_siren,90.72,56.79
b9380afa-0e1f-49f9-82aa-a7fd4f8c5ec1,941dc368-4375-484f-838c-cdae5decbb3e,40b666ba-af1f-4453-9b47-5aaeed718588,2026-01-08 06:42:37.724980,spawn_object,86.8,asset_gun_01,24.1,63.39
d52108cf-eb15-453a-abf9-9557eb3c1a1f,941dc368-4375-484f-838c-cdae5decbb3e,40b666ba-af1f-4453-9b47-5aaeed718588,2026-01-08 06:43:06.724980,spawn_object,100.4,asset_gun_01,42.02,50.48
a404a9fe-3af4-4e09-91ff-03d7ad81bef0,941dc368-4375-484f-838c-cdae5decbb3e,40b666ba-af1f-4453-9b47-5aaeed718588,2026-01-08 06:43:26.724980,idle,90.2,asset_siren,91.61,92.42
156c7553-aa57-4bf9-8702-f4264f37df9e,941dc368-4375-484f-838c-cdae5decbb3e,40b666ba-af1f-4453-9b47-5aaeed718588,2026-01-08 06:43:32.724980,spawn_object,81.4,asset_gun_01,63.94,53.76
4691b5f2-7749-42f6-afe2-bac469547889,941dc368-4375-484f-838c-cdae5decbb3e,40b666ba-af1f-4453-9b47-5aaeed718588,2026-01-08 06:43:39.724980,touch,93.9,asset_siren,70.65,1.3
4e44776a-d49c-41bb-862e-77434cc8bf89,941dc368-4375-484f-838c-cdae5decbb3e,40b666ba-af1f-4453-9b47-5aaeed718588,2026-01-08 06:43:59.724980,spawn_object,81.8,asset_siren,91.43,57.93
1e89de44-ca60-4580-afe7-701f155d1c7b,941dc368-4375-484f-838c-cdae5decbb3e,40b666ba-af1f-4453-9b47-5aaeed718588,2026-01-08 06:44:19.724980,touch,88.1,asset_gun_01,29.14,34.85
e8595cec-04e7-4b9d-b12d-e7f97ad0b631,941dc368-4375-484f-838c-cdae5decbb3e,40b666ba-af1f-4453-9b47-5aaeed718588,2026-01-08 06:44:38.724980,spawn_object,86.5,asset_siren,17.7,50.15
b8c1f327-1256-40ab-8d8e-cbd37e96c1c5,941dc368-4375-484f-838c-cdae5decbb3e,40b666ba-af1f-4453-9b47-5aaeed718588,2026-01-08 06:44:52.724980,spawn_object,95.4,asset_gun_01,61.56,74.33
6952a88d-13bf-4ee9-b739-e06d7d48e291,941dc368-4375-484f-838c-cdae5decbb3e,40b666ba-af1f-4453-9b47-5aaeed718588,2026-01-08 06:45:05.724980,idle,95.1,asset_siren,23.04,87.27
84ce173c-5201-413e-a6fe-ed917e748002,941dc368-4375-484f-838c-cdae5decbb3e,40b666ba-af1f-4453-9b47-5aaeed718588,2026-01-08 06:45:26.724980,spawn_object,89.1,asset_siren,36.72,39.16
d13b1d90-784f-44e0-87f0-054a993757cf,941dc368-4375-484f-838c-cdae5decbb3e,40b666ba-af1f-4453-9b47-5aaeed718588,2026-01-08 06:45:42.724980,spawn_object,82.1,asset_gun_01,33.74,52.63
1f9f2402-4148-47c9-89a5-44b1d2aa06cd,941dc368-4375-484f-838c-cdae5decbb3e,40b666ba-af1f-4453-9b47-5aaeed718588,2026-01-08 06:46:09.724980,touch,91.4,asset_gun_01,47.19,71.37
5b7bb82b-4c8b-473d-8823-ccb907fec5a1,941dc368-4375-484f-838c-cdae5decbb3e,40b666ba-af1f-4453-9b47-5aaeed718588,2026-01-08 06:46:18.724980,idle,101.4,asset_gun_01,11.34,0.85
7d2b1338-b71f-45ed-96e4-ef405de86aa5,941dc368-4375-484f-838c-cdae5decbb3e,40b666ba-af1f-4453-9b47-5aaeed718588,2026-01-08 06:46:47.724980,idle,78.3,asset_gun_01,64.41,18.8
f60f5a59-eb0f-43c5-bfe4-2108b4f90ccc,941dc368-4375-484f-838c-cdae5decbb3e,40b666ba-af1f-4453-9b47-5aaeed718588,2026-01-08 06:47:11.724980,spawn_object,71.7,asset_gun_01,58.51,42.16
2d2c879f-9380-46e3-8724-861dff81761d,941dc368-4375-484f-838c-cdae5decbb3e,40b666ba-af1f-4453-9b47-5aaeed718588,2026-01-08 06:47:39.724980,touch,79.9,asset_siren,81.17,88.56
236c61bc-f4ff-415b-846c-a7301b061e9b,941dc368-4375-484f-838c-cdae5decbb3e,40b666ba-af1f-4453-9b47-5aaeed718588,2026-01-08 06:47:44.724980,idle,78.1,asset_gun_01,39.83,98.55
b0a27a9c-6c13-4d9a-b510-856ea28c168b,941dc368-4375-484f-838c-cdae5decbb3e,40b666ba-af1f-4453-9b47-5aaeed718588,2026-01-08 06:47:54.724980,touch,96.8,asset_siren,62.69,62.87
b96fc46c-0901-4024-b7db-071059ca7974,941dc368-4375-484f-838c-cdae5decbb3e,40b666ba-af1f-4453-9b47-5aaeed718588,2026-01-08 06:48:01.724980,idle,90.2,cube,28.44,74.98
65b2ad2d-d8ff-4540-8d13-01e5e0c27d05,941dc368-4375-484f-838c-cdae5decbb3e,40b666ba-af1f-4453-9b47-5aaeed718588,2026-01-08 06:48:09.724980,spawn_object,89.9,asset_siren,16.08,10.37
05e75230-8ed2-4158-bce2-647b99688c13,4f35efd6-c66b-450c-a11c-1289eb106aa9,16fdbbd9-6221-48e7-9765-d52abb2b442e,2026-01-08 05:43:22.724980,explore,41.4,cube,57.47,95.48
998e7027-8e6b-4eff-b813-7fd26f7c01db,4f35efd6-c66b-450c-a11c-1289eb106aa9,16fdbbd9-6221-48e7-9765-d52abb2b442e,2026-01-08 05:43:32.724980,wave,44.3,flower,32.43,17.67
b085f364-c29e-48f6-8535-7f492e182c33,4f35efd6-c66b-450c-a11c-1289eb106aa9,16fdbbd9-6221-48e7-9765-d52abb2b442e,2026-01-08 05:43:41.724980,wave,46.2,cube,95.74,56.73
c198d978-e8db-48f0-b177-5b9f0c11063f,4f35efd6-c66b-450c-a11c-1289eb106aa9,16fdbbd9-6221-48e7-9765-d52abb2b442e,2026-01-08 05:44:07.724980,explore,34.8,flower,73.25,78.16
bc03904d-2c9b-4ea8-be4a-2bf67ab7e84e,4f35efd6-c66b-450c-a11c-1289eb106aa9,16fdbbd9-6221-48e7-9765-d52abb2b442e,2026-01-08 05:44:34.724980,explore,38.0,cube,11.18,13.45
52fa81e3-27c7-4dad-834e-8a5da4cb02aa,4f35efd6-c66b-450c-a11c-1289eb106aa9,16fdbbd9-6221-48e7-9765-d52abb2b442e,2026-01-08 05:44:57.724980,spawn_object,36.4,flower,79.9,20.33
3810a5d0-eeff-4bef-9ca8-3c572c97a219,4f35efd6-c66b-450c-a11c-1289eb106aa9,16fdbbd9-6221-48e7-9765-d52abb2b442e,2026-01-08 05:45:22.724980,explore,42.4,paintbrush,64.09,60.35
cefc1215-c56b-45aa-9c79-6280f9c76e00,4f35efd6-c66b-450c-a11c-1289eb106aa9,16fdbbd9-6221-48e7-9765-d52abb2b442e,2026-01-08 05:45:50.724980,explore,35.8,flower,0.2,85.9
4501eed5-4b9b-4f21-86b1-57b76330eaff,4f35efd6-c66b-450c-a11c-1289eb106aa9,16fdbbd9-6221-48e7-9765-d52abb2b442e,2026-01-08 05:46:09.724980,wave,43.6,flower,23.31,18.47
a7f1e9dd-1a7e-46b1-b993-1e5f9b62003c,4f35efd6-c66b-450c-a11c-1289eb106aa9,16fdbbd9-6221-48e7-9765-d52abb2b442e,2026-01-08 05:46:36.724980,explore,32.7,flower,87.92,66.58
d4e2ee9a-f265-477a-8d8e-a1e67e723a55,4f35efd6-c66b-450c-a11c-1289eb106aa9,16fdbbd9-6221-48e7-9765-d52abb2b442e,2026-01-08 05:46:42.724980,spawn_object,41.1,cube,54.34,97.27
1b4d4ad6-352c-4f08-b8c6-1fc4e4722116,4f35efd6-c66b-450c-a11c-1289eb106aa9,16fdbbd9-6221-48e7-9765-d52abb2b442e,2026-01-08 05:46:51.724980,wave,42.5,flower,47.34,56.63
7b6fac9e-57af-4e95-8ae2-8b0fc4cc88ea,4f35efd6-c66b-450c-a11c-1289eb106aa9,16fdbbd9-6221-48e7-9765-d52abb2b442e,2026-01-08 05:47:10.724980,wave,39.0,cube,44.14,69.39
d29d2cd6-35ef-47c4-b6f0-1e7902d98aae,4f35efd6-c66b-450c-a11c-1289eb106aa9,16fdbbd9-6221-48e7-9765-d52abb2b442e,2026-01-08 05:47:39.724980,wave,32.7,cube,41.61,62.73
7192c3aa-b0fc-4e52-87ee-8d1d3c53afc8,691ade40-f081-4a91-9323-c3ceb79f7e27,16b73f73-3644-4328-89cd-3a25c8e91815,2026-01-08 08:25:31.724980,explore,49.0,paintbrush,2.26,47.36
c5026b19-5d20-4375-b1bf-a88ed70dfcef,691ade40-f081-4a91-9323-c3ceb79f7e27,16b73f73-3644-4328-89cd-3a25c8e91815,2026-01-08 08:25:41.724980,explore,42.3,flower,73.15,97.27
5dc1ab79-18f7-4f15-af6b-d88d8588c809,691ade40-f081-4a91-9323-c3ceb79f7e27,16b73f73-3644-4328-89cd-3a25c8e91815,2026-01-08 08:26:07.724980,wave,41.9,flower,98.1,7.7
7e302106-c58f-4659-b4c1-8ba2d4327e10,691ade40-f081-4a91-9323-c3ceb79f7e27,16b73f73-3644-4328-89cd-3a25c8e91815,2026-01-08 08:26:21.724980,explore,34.4,paintbrush,51.92,55.08
8755039c-c672-4d2b-860c-5f6f1fd8adb0,691ade40-f081-4a91-9323-c3ceb79f7e27,16b73f73-3644-4328-89cd-3a25c8e91815,2026-01-08 08:26:33.724980,explore,34.8,cube,46.64,88.4
ee784e64-f1bd-491c-b934-1affa8504d7e,691ade40-f081-4a91-9323-c3ceb79f7e27,16b73f73-3644-4328-89cd-3a25c8e91815,2026-01-08 08:26:55.724980,wave,36.8,flower,89.71,61.82
4daad62c-8217-43ba-85de-fb6b8b5f59f8,691ade40-f081-4a91-9323-c3ceb79f7e27,16b73f73-3644-4328-89cd-3a25c8e91815,2026-01-08 08:27:18.724980,explore,39.3,cube,51.2,22.98
624ef308-9255-4672-9c6e-5bd447db5121,691ade40-f081-4a91-9323-c3ceb79f7e27,16b73f73-3644-4328-89cd-3a25c8e91815,2026-01-08 08:27:40.724980,explore,34.7,cube,17.8,0.12
ec120eb6-cca0-4799-a5c4-c241605e38d6,691ade40-f081-4a91-9323-c3ceb79f7e27,16b73f73-3644-4328-89cd-3a25c8e91815,2026-01-08 08:27:48.724980,wave,44.7,flower,80.15,16.98
29374982-2219-4af6-9f37-b34683a3069a,691ade40-f081-4a91-9323-c3ceb79f7e27,16b73f73-3644-4328-89cd-3a25c8e91815,2026-01-08 08:27:58.724980,explore,39.5,cube,62.13,77.6
ae1e3fe2-8caa-4719-bdb8-cf1c3281a2bb,691ade40-f081-4a91-9323-c3ceb79f7e27,16b73f73-3644-4328-89cd-3a25c8e91815,2026-01-08 08:28:12.724980,wave,46.2,paintbrush,1.49,11.39
24cc806e-e5be-4065-bbf6-7edf795dc171,691ade40-f081-4a91-9323-c3ceb79f7e27,16b73f73-3644-4328-89cd-3a25c8e91815,2026-01-08 08:28:23.724980,explore,42.0,cube,73.2,64.72
d3fce5e1-f3e2-4ac1-95c8-cb392b157298,691ade40-f081-4a91-9323-c3ceb79f7e27,16b73f73-3644-4328-89cd-3a25c8e91815,2026-01-08 08:28:51.724980,explore,52.7,flower,40.18,46.34
e9337973-cebe-4d05-b977-3d28ddcaeb5a,691ade40-f081-4a91-9323-c3ceb79f7e27,16b73f73-3644-4328-89cd-3a25c8e91815,2026-01-08 08:29:19.724980,explore,42.0,paintbrush,83.75,9.83
b0f9f636-638d-4601-b08a-30f29d7863ff,691ade40-f081-4a91-9323-c3ceb79f7e27,16b73f73-3644-4328-89cd-3a25c8e91815,2026-01-08 08:29:49.724980,wave,32.4,cube,10.21,75.94
9eae90cc-879e-4834-b788-b60e3ad811c6,691ade40-f081-4a91-9323-c3ceb79f7e27,16b73f73-3644-4328-89cd-3a25c8e91815,2026-01-08 08:30:13.724980,wave,44.1,flower,79.09,12.26
3eab65de-8769-4da3-82fb-24f71fd296e1,691ade40-f081-4a91-9323-c3ceb79f7e27,16b73f73-3644-4328-89cd-3a25c8e91815,2026-01-08 08:30:40.724980,explore,35.4,flower,52.65,48.41
e63f7c26-60bc-47bd-9df6-2c834ef3f255,691ade40-f081-4a91-9323-c3ceb79f7e27,16b73f73-3644-4328-89cd-3a25c8e91815,2026-01-08 08:30:51.724980,spawn_object,44.1,flower,36.94,18.58
e8a80de2-0ffc-4c05-aa59-2924a48e9845,691ade40-f081-4a91-9323-c3ceb79f7e27,16b73f73-3644-4328-89cd-3a25c8e91815,2026-01-08 08:31:00.724980,explore,42.9,cube,5.39,23.04
2baf4715-1b4f-4c29-a482-b0e63e5bde68,691ade40-f081-4a91-9323-c3ceb79f7e27,16b73f73-3644-4328-89cd-3a25c8e91815,2026-01-08 08:31:28.724980,explore,53.3,flower,84.01,20.97
b7999756-2648-47a5-ae1c-e491e4a11d5b,691ade40-f081-4a91-9323-c3ceb79f7e27,16b73f73-3644-4328-89cd-3a25c8e91815,2026-01-08 08:31:45.724980,wave,30.1,paintbrush,50.92,63.06
74d4148a-21e6-4604-a1a9-5eb224f1b9bf,691ade40-f081-4a91-9323-c3ceb79f7e27,16b73f73-3644-4328-89cd-3a25c8e91815,2026-01-08 08:31:55.724980,wave,34.1,flower,6.92,90.21
aa29cc17-6be2-4b80-bafd-aa21de173576,691ade40-f081-4a91-9323-c3ceb79f7e27,16b73f73-3644-4328-89cd-3a25c8e91815,2026-01-08 08:32:17.724980,explore,49.4,paintbrush,51.87,84.5
f9434961-4367-4fdc-8ed4-47e5cc1d3fdd,691ade40-f081-4a91-9323-c3ceb79f7e27,16b73f73-3644-4328-89cd-3a25c8e91815,2026-01-08 08:32:32.724980,explore,39.5,paintbrush,93.08,72.46
ae5f0570-1794-4498-b442-ac224c44318d,691ade40-f081-4a91-9323-c3ceb79f7e27,16b73f73-3644-4328-89cd-3a25c8e91815,2026-01-08 08:32:49.724980,explore,36.4,paintbrush,55.75,35.03
932b5810-8dd2-4ddf-86c6-e42b991e63e5,691ade40-f081-4a91-9323-c3ceb79f7e27,16b73f73-3644-4328-89cd-3a25c8e91815,2026-01-08 08:32:58.724980,explore,33.2,cube,57.43,73.03
1ef7d273-dea9-44c1-85bd-8142b8068e0c,691ade40-f081-4a91-9323-c3ceb79f7e27,16b73f73-3644-4328-89cd-3a25c8e91815,2026-01-08 08:33:26.724980,explore,43.4,flower,51.79,58.25
2c627b82-db49-45c7-bf2d-bae96f106045,2fc1dca6-8544-4297-9aab-c1653112e0dd,d91c03e0-c096-4f96-a50e-c5af1eaf567e,2026-01-07 23:46:14.724980,wave,37.8,paintbrush,57.83,30.22
425a8fc9-a6ee-4a82-b571-94358c258d3f,2fc1dca6-8544-4297-9aab-c1653112e0dd,d91c03e0-c096-4f96-a50e-c5af1eaf567e,2026-01-07 23:46:34.724980,explore,45.9,flower,47.63,21.73
9bd6e94f-50d1-4a27-a68a-f7d9059bdadd,2fc1dca6-8544-4297-9aab-c1653112e0dd,d91c03e0-c096-4f96-a50e-c5af1eaf567e,2026-01-07 23:46:48.724980,explore,34.2,cube,78.26,77.03
32e53ef1-3e73-4670-88e7-36cfcab554c5,2fc1dca6-8544-4297-9aab-c1653112e0dd,d91c03e0-c096-4f96-a50e-c5af1eaf567e,2026-01-07 23:47:07.724980,explore,39.0,flower,72.89,81.23
574f203e-6075-4966-a426-27970a76d8db,2fc1dca6-8544-4297-9aab-c1653112e0dd,d91c03e0-c096-4f96-a50e-c5af1eaf567e,2026-01-07 23:47:35.724980,wave,34.4,paintbrush,71.33,73.6
bfd0d84e-c3d4-437d-97af-b8c8d49ebb2f,2fc1dca6-8544-4297-9aab-c1653112e0dd,d91c03e0-c096-4f96-a50e-c5af1eaf567e,2026-01-07 23:48:01.724980,explore,41.1,cube,83.52,79.71
e688623b-403f-400e-96a4-76807b83d02f,2fc1dca6-8544-4297-9aab-c1653112e0dd,d91c03e0-c096-4f96-a50e-c5af1eaf567e,2026-01-07 23:48:18.724980,explore,48.0,flower,40.84,53.21
1a92dc85-157b-4114-84c8-5c07103edc61,2fc1dca6-8544-4297-9aab-c1653112e0dd,d91c03e0-c096-4f96-a50e-c5af1eaf567e,2026-01-07 23:48:35.724980,spawn_object,38.9,paintbrush,52.4,74.64
f4a5377c-080c-4c45-9020-15e84c5dcb75,2fc1dca6-8544-4297-9aab-c1653112e0dd,d91c03e0-c096-4f96-a50e-c5af1eaf567e,2026-01-07 23:48:41.724980,wave,42.0,paintbrush,74.76,44.83
effade2f-caf1-45c1-9446-f1e6cbe36092,2fc1dca6-8544-4297-9aab-c1653112e0dd,d91c03e0-c096-4f96-a50e-c5af1eaf567e,2026-01-07 23:48:53.724980,explore,49.0,flower,22.35,32.08
87ba0601-2c3d-4d84-a0c6-4bb0b3e4efa5,2fc1dca6-8544-4297-9aab-c1653112e0dd,d91c03e0-c096-4f96-a50e-c5af1eaf567e,2026-01-07 23:49:05.724980,wave,35.4,flower,33.83,44.76
8457701e-f62a-4cb0-98f1-aad061403741,2fc1dca6-8544-4297-9aab-c1653112e0dd,d91c03e0-c096-4f96-a50e-c5af1eaf567e,2026-01-07 23:49:26.724980,wave,44.0,paintbrush,45.59,61.94
2f4bc745-0df3-42a5-add3-88441a388242,2fc1dca6-8544-4297-9aab-c1653112e0dd,d91c03e0-c096-4f96-a50e-c5af1eaf567e,2026-01-07 23:49:32.724980,explore,44.0,cube,52.64,63.43
c58b8fca-7cdc-4ff4-ae29-8534a09bc619,2fc1dca6-8544-4297-9aab-c1653112e0dd,d91c03e0-c096-4f96-a50e-c5af1eaf567e,2026-01-07 23:49:54.724980,explore,35.7,flower,97.84,90.37
9bea7f71-aa82-4564-9282-87714362e9c6,2fc1dca6-8544-4297-9aab-c1653112e0dd,d91c03e0-c096-4f96-a50e-c5af1eaf567e,2026-01-07 23:50:02.724980,spawn_object,34.3,paintbrush,55.7,21.01
7cfbc949-808e-44d2-bbc0-68cca2c2d0b1,2fc1dca6-8544-4297-9aab-c1653112e0dd,d91c03e0-c096-4f96-a50e-c5af1eaf567e,2026-01-07 23:50:19.724980,explore,42.7,paintbrush,40.7,80.07
f59a2518-a638-4cf7-85b1-4787365a0542,2fc1dca6-8544-4297-9aab-c1653112e0dd,d91c03e0-c096-4f96-a50e-c5af1eaf567e,2026-01-07 23:50:28.724980,wave,42.5,cube,92.01,6.62
3bedb97f-a965-45e0-8141-446437711751,2fc1dca6-8544-4297-9aab-c1653112e0dd,d91c03e0-c096-4f96-a50e-c5af1eaf567e,2026-01-07 23:50:38.724980,wave,41.7,cube,64.73,95.28
c0d8ccdf-8ac5-4f52-bdc5-1c15eba8e196,2fc1dca6-8544-4297-9aab-c1653112e0dd,d91c03e0-c096-4f96-a50e-c5af1eaf567e,2026-01-07 23:51:00.724980,wave,42.2,paintbrush,49.06,90.83
758f1e43-92cf-42af-a8ed-79fbab3ad86f,2fc1dca6-8544-4297-9aab-c1653112e0dd,d91c03e0-c096-4f96-a50e-c5af1eaf567e,2026-01-07 23:51:06.724980,wave,44.8,paintbrush,65.3,67.18
b806cd7a-3a59-4399-8dc8-05682108674d,2fc1dca6-8544-4297-9aab-c1653112e0dd,d91c03e0-c096-4f96-a50e-c5af1eaf567e,2026-01-07 23:51:30.724980,explore,36.3,flower,1.24,88.57
00958069-6781-46ed-98b4-00a9fc8ee4b3,2fc1dca6-8544-4297-9aab-c1653112e0dd,d91c03e0-c096-4f96-a50e-c5af1eaf567e,2026-01-07 23:52:00.724980,spawn_object,41.6,cube,12.07,32.14
dba8e68f-25e6-4f34-b44e-b6addda651ee,2fc1dca6-8544-4297-9aab-c1653112e0dd,d91c03e0-c096-4f96-a50e-c5af1eaf567e,2026-01-07 23:52:18.724980,explore,43.5,paintbrush,85.97,32.21
776e62a2-4710-46c8-9048-ccca3eb60953,2fc1dca6-8544-4297-9aab-c1653112e0dd,d91c03e0-c096-4f96-a50e-c5af1eaf567e,2026-01-07 23:52:47.724980,explore,45.1,cube,36.11,15.45
58b14eea-7704-4ce2-84bc-3cc530217453,2fc1dca6-8544-4297-9aab-c1653112e0dd,d91c03e0-c096-4f96-a50e-c5af1eaf567e,2026-01-07 23:53:15.724980,explore,31.6,flower,77.53,58.23
a9be7eb7-c7a2-4025-ad1b-3f2fc9e0d638,2fc1dca6-8544-4297-9aab-c1653112e0dd,d91c03e0-c096-4f96-a50e-c5af1eaf567e,2026-01-07 23:53:31.724980,explore,40.6,flower,27.31,3.93
cdbad0ad-254b-482f-a8f4-1622bb290756,2fc1dca6-8544-4297-9aab-c1653112e0dd,d91c03e0-c096-4f96-a50e-c5af1eaf567e,2026-01-07 23:53:46.724980,explore,53.3,paintbrush,39.13,76.79
75c57897-6206-45f5-a94d-df9785731872,2fc1dca6-8544-4297-9aab-c1653112e0dd,d91c03e0-c096-4f96-a50e-c5af1eaf567e,2026-01-07 23:54:03.724980,explore,33.9,flower,6.18,74.26
1665fbb7-01f9-4fb9-98d6-f534b5e6ecae,2fc1dca6-8544-4297-9aab-c1653112e0dd,d91c03e0-c096-4f96-a50e-c5af1eaf567e,2026-01-07 23:54:09.724980,explore,33.7,paintbrush,85.57,95.08
c936b4be-1bcb-412e-b26d-d1bd1513f2be,2fc1dca6-8544-4297-9aab-c1653112e0dd,d91c03e0-c096-4f96-a50e-c5af1eaf567e,2026-01-07 23:54:33.724980,explore,39.5,paintbrush,86.6,60.88
4a5835ee-fd82-4d8a-a84c-bf63dd554483,69790a92-0b0f-45be-8cc9-ce1935404801,ad44d5b6-59fc-47b6-a174-545dbefb80c5,2026-01-08 07:55:20.724980,explore,35.8,cube,50.85,43.83
6ef77158-9bf2-41ee-9845-cef3ae021e1d,69790a92-0b0f-45be-8cc9-ce1935404801,ad44d5b6-59fc-47b6-a174-545dbefb80c5,2026-01-08 07:55:35.724980,spawn_object,47.0,flower,5.4,36.83
f12ba9e4-971a-4046-a4c6-3849965afb53,69790a92-0b0f-45be-8cc9-ce1935404801,ad44d5b6-59fc-47b6-a174-545dbefb80c5,2026-01-08 07:56:05.724980,explore,36.5,flower,14.53,28.61
89203f0c-e0e8-4adb-bfa0-d5a08a3fcc44,69790a92-0b0f-45be-8cc9-ce1935404801,ad44d5b6-59fc-47b6-a174-545dbefb80c5,2026-01-08 07:56:32.724980,wave,39.7,flower,85.38,96.58
1a21a6ea-dc62-4e61-908f-f1eeca962bf3,69790a92-0b0f-45be-8cc9-ce1935404801,ad44d5b6-59fc-47b6-a174-545dbefb80c5,2026-01-08 07:56:43.724980,explore,33.8,paintbrush,79.28,57.68
307f8cb0-4555-411d-95d3-5119b2901e3d,69790a92-0b0f-45be-8cc9-ce1935404801,ad44d5b6-59fc-47b6-a174-545dbefb80c5,2026-01-08 07:56:50.724980,wave,44.0,paintbrush,2.9,80.67
c3686ab7-1a06-4281-99ec-07535bc0757e,69790a92-0b0f-45be-8cc9-ce1935404801,ad44d5b6-59fc-47b6-a174-545dbefb80c5,2026-01-08 07:57:12.724980,explore,37.0,flower,56.79,94.52
aabc0296-98c9-466c-a910-bbad491af8f6,69790a92-0b0f-45be-8cc9-ce1935404801,ad44d5b6-59fc-47b6-a174-545dbefb80c5,2026-01-08 07:57:24.724980,explore,36.0,cube,20.47,2.7
6af800c1-fab2-4b3d-9828-c793dd58eec0,69790a92-0b0f-45be-8cc9-ce1935404801,ad44d5b6-59fc-47b6-a174-545dbefb80c5,2026-01-08 07:57:54.724980,explore,44.6,cube,77.68,1.76
46204c60-2caa-43a5-84fa-26a9abfe36d9,69790a92-0b0f-45be-8cc9-ce1935404801,ad44d5b6-59fc-47b6-a174-545dbefb80c5,2026-01-08 07:58:01.724980,explore,33.5,flower,99.08,33.5
71571d92-1508-4764-b378-7a71e15b20db,69790a92-0b0f-45be-8cc9-ce1935404801,ad44d5b6-59fc-47b6-a174-545dbefb80c5,2026-01-08 07:58:22.724980,wave,39.8,flower,53.57,74.38
0992095b-d4ce-47cb-88f5-9688cf37cc83,69790a92-0b0f-45be-8cc9-ce1935404801,ad44d5b6-59fc-47b6-a174-545dbefb80c5,2026-01-08 07:58:44.724980,wave,45.1,paintbrush,78.43,30.85
35427853-297f-4011-afe7-822519e945ca,69790a92-0b0f-45be-8cc9-ce1935404801,ad44d5b6-59fc-47b6-a174-545dbefb80c5,2026-01-08 07:59:11.724980,wave,35.8,cube,20.73,57.69
a6886c00-90f6-442a-b771-403029950f15,58824fd1-b9ca-4cc1-af58-98656603b94f,5e87eca7-e9b1-45e0-9c9d-df6279495fc9,2026-01-08 06:41:21.724980,idle,95.9,asset_gun_01,1.01,81.39
5f562526-8d0e-4ffe-9477-b8ff54f1334e,58824fd1-b9ca-4cc1-af58-98656603b94f,5e87eca7-e9b1-45e0-9c9d-df6279495fc9,2026-01-08 06:41:46.724980,spawn_object,88.3,asset_gun_01,50.05,24.87
b01d115f-96fc-4476-b037-729bfe34828d,58824fd1-b9ca-4cc1-af58-98656603b94f,5e87eca7-e9b1-45e0-9c9d-df6279495fc9,2026-01-08 06:42:15.724980,spawn_object,88.6,asset_siren,3.42,15.67
f30d0aa6-247c-47c4-a204-d183c3d886cc,58824fd1-b9ca-4cc1-af58-98656603b94f,5e87eca7-e9b1-45e0-9c9d-df6279495fc9,2026-01-08 06:42:37.724980,touch,74.6,asset_gun_01,89.22,10.11
9263ea7b-ecac-4ec0-8922-62153c43c6ca,58824fd1-b9ca-4cc1-af58-98656603b94f,5e87eca7-e9b1-45e0-9c9d-df6279495fc9,2026-01-08 06:42:57.724980,idle,76.3,asset_gun_01,94.44,71.22
5df79174-ed2b-4892-b6c4-c7224f20de20,58824fd1-b9ca-4cc1-af58-98656603b94f,5e87eca7-e9b1-45e0-9c9d-df6279495fc9,2026-01-08 06:43:25.724980,touch,78.5,asset_siren,61.08,62.67
da21cc6e-3457-4ce2-9b22-c20465f321da,58824fd1-b9ca-4cc1-af58-98656603b94f,5e87eca7-e9b1-45e0-9c9d-df6279495fc9,2026-01-08 06:43:43.724980,touch,93.4,asset_gun_01,24.67,51.19
5b773b2b-e9c9-43a1-bd15-9abf87c3fec0,58824fd1-b9ca-4cc1-af58-98656603b94f,5e87eca7-e9b1-45e0-9c9d-df6279495fc9,2026-01-08 06:44:06.724980,touch,82.3,asset_gun_01,43.89,7.77
98d79672-d302-40ce-94da-dac5548664bc,58824fd1-b9ca-4cc1-af58-98656603b94f,5e87eca7-e9b1-45e0-9c9d-df6279495fc9,2026-01-08 06:44:13.724980,idle,89.4,asset_siren,59.56,20.32
4665c36b-7137-46b9-9539-58058041d128,58824fd1-b9ca-4cc1-af58-98656603b94f,5e87eca7-e9b1-45e0-9c9d-df6279495fc9,2026-01-08 06:44:31.724980,spawn_object,104.1,asset_gun_01,22.45,30.35
2c18f37e-2fa2-4f96-a3fc-c6340586f323,58824fd1-b9ca-4cc1-af58-98656603b94f,5e87eca7-e9b1-45e0-9c9d-df6279495fc9,2026-01-08 06:44:54.724980,spawn_object,84.2,asset_gun_01,11.02,12.38
bcdd289b-d9e2-4037-9cd3-675625554590,58824fd1-b9ca-4cc1-af58-98656603b94f,5e87eca7-e9b1-45e0-9c9d-df6279495fc9,2026-01-08 06:45:18.724980,spawn_object,93.1,asset_gun_01,42.35,38.81
e5e61d87-21b4-4fc6-bfad-5db92a2e407e,58824fd1-b9ca-4cc1-af58-98656603b94f,5e87eca7-e9b1-45e0-9c9d-df6279495fc9,2026-01-08 06:45:31.724980,touch,87.0,asset_gun_01,61.56,0.76
7640f8a8-772b-4077-936b-c2e39fc96321,58824fd1-b9ca-4cc1-af58-98656603b94f,5e87eca7-e9b1-45e0-9c9d-df6279495fc9,2026-01-08 06:45:45.724980,touch,65.6,asset_siren,33.83,12.37
cfc6e6ad-cb6a-45de-9ac7-f83851038605,58824fd1-b9ca-4cc1-af58-98656603b94f,5e87eca7-e9b1-45e0-9c9d-df6279495fc9,2026-01-08 06:45:53.724980,idle,75.7,asset_siren,79.95,97.47
fd75a54f-323d-4d33-a62f-1aa27e545687,58824fd1-b9ca-4cc1-af58-98656603b94f,5e87eca7-e9b1-45e0-9c9d-df6279495fc9,2026-01-08 06:46:07.724980,spawn_object,77.4,cube,0.79,45.19
695d117b-be74-4215-bb60-fd75dbabf82b,58824fd1-b9ca-4cc1-af58-98656603b94f,5e87eca7-e9b1-45e0-9c9d-df6279495fc9,2026-01-08 06:46:36.724980,idle,77.5,asset_siren,9.35,18.21
215f7afb-278f-4aca-9da3-51fac5bf55d0,58824fd1-b9ca-4cc1-af58-98656603b94f,5e87eca7-e9b1-45e0-9c9d-df6279495fc9,2026-01-08 06:46:48.724980,spawn_object,91.5,asset_gun_01,47.17,85.59
9e1ff069-2a77-4570-bedf-d069a5d221bd,58824fd1-b9ca-4cc1-af58-98656603b94f,5e87eca7-e9b1-45e0-9c9d-df6279495fc9,2026-01-08 06:47:11.724980,touch,75.5,asset_gun_01,8.86,86.08
49f77890-c71c-4b06-880a-710406749118,58824fd1-b9ca-4cc1-af58-98656603b94f,5e87eca7-e9b1-45e0-9c9d-df6279495fc9,2026-01-08 06:47:28.724980,spawn_object,88.1,asset_gun_01,65.56,84.27
2009665f-0524-4409-9f5f-55dbb1ede850,58824fd1-b9ca-4cc1-af58-98656603b94f,5e87eca7-e9b1-45e0-9c9d-df6279495fc9,2026-01-08 06:47:36.724980,touch,106.0,asset_siren,89.36,79.33
f6d0f9be-55e5-4ade-a1c8-da151b9a464a,58824fd1-b9ca-4cc1-af58-98656603b94f,5e87eca7-e9b1-45e0-9c9d-df6279495fc9,2026-01-08 06:48:03.724980,spawn_object,95.1,asset_siren,31.9,75.22
2df412a3-b845-4375-930a-2aa965de62c9,58824fd1-b9ca-4cc1-af58-98656603b94f,5e87eca7-e9b1-45e0-9c9d-df6279495fc9,2026-01-08 06:48:17.724980,touch,72.1,cube,98.59,68.77
60a8150f-f5cd-4709-b27b-2b099e45a703,58824fd1-b9ca-4cc1-af58-98656603b94f,5e87eca7-e9b1-45e0-9c9d-df6279495fc9,2026-01-08 06:48:40.724980,spawn_object,93.9,asset_gun_01,1.31,29.68
223cbece-4c41-4dc6-923c-4fccd4255310,58824fd1-b9ca-4cc1-af58-98656603b94f,5e87eca7-e9b1-45e0-9c9d-df6279495fc9,2026-01-08 06:49:00.724980,touch,95.4,asset_siren,36.97,13.69
3c6b57ad-755c-4661-a0b4-62585aa34484,58824fd1-b9ca-4cc1-af58-98656603b94f,5e87eca7-e9b1-45e0-9c9d-df6279495fc9,2026-01-08 06:49:09.724980,spawn_object,85.7,asset_gun_01,71.07,41.77
0de80f84-9308-4f39-bc42-55d605a8bb62,58824fd1-b9ca-4cc1-af58-98656603b94f,5e87eca7-e9b1-45e0-9c9d-df6279495fc9,2026-01-08 06:49:22.724980,spawn_object,85.3,asset_gun_01,44.22,27.9
a4913bd8-43a6-4673-a9d6-5249380f7f03,58824fd1-b9ca-4cc1-af58-98656603b94f,5e87eca7-e9b1-45e0-9c9d-df6279495fc9,2026-01-08 06:49:36.724980,touch,65.1,asset_siren,83.98,59.49
bbe5aa6c-3a01-4559-96c2-d78828c1c269,58824fd1-b9ca-4cc1-af58-98656603b94f,5e87eca7-e9b1-45e0-9c9d-df6279495fc9,2026-01-08 06:49:53.724980,spawn_object,68.1,asset_siren,24.63,69.02
cb656d74-7413-4de2-8211-4ec4994808ff,58824fd1-b9ca-4cc1-af58-98656603b94f,5e87eca7-e9b1-45e0-9c9d-df6279495fc9,2026-01-08 06:50:17.724980,touch,86.0,asset_siren,2.04,96.61
86f23c66-0f00-4993-a071-f134c4ddccc1,58824fd1-b9ca-4cc1-af58-98656603b94f,5e87eca7-e9b1-45e0-9c9d-df6279495fc9,2026-01-08 06:50:47.724980,spawn_object,87.8,asset_siren,47.93,5.79
31104fc7-8d40-4c4f-849e-7ad36ca1097f,58824fd1-b9ca-4cc1-af58-98656603b94f,5e87eca7-e9b1-45e0-9c9d-df6279495fc9,2026-01-08 06:51:06.724980,touch,90.9,asset_siren,58.11,89.64
fe699302-7581-40c9-bf38-17166f5e6204,58824fd1-b9ca-4cc1-af58-98656603b94f,5e87eca7-e9b1-45e0-9c9d-df6279495fc9,2026-01-08 06:51:33.724980,spawn_object,79.6,asset_siren,11.01,5.32
04f0ee8f-c4f1-4e2b-a9e7-a197111d6a97,58824fd1-b9ca-4cc1-af58-98656603b94f,5e87eca7-e9b1-45e0-9c9d-df6279495fc9,2026-01-08 06:51:47.724980,touch,94.1,asset_siren,83.69,88.77
c3996c4b-bd63-4a7f-8901-f463f9c24f35,58824fd1-b9ca-4cc1-af58-98656603b94f,5e87eca7-e9b1-45e0-9c9d-df6279495fc9,2026-01-08 06:52:12.724980,idle,98.9,asset_siren,24.08,94.9
32ee9d70-03f6-4987-9d59-56b890b2347d,15d67f4b-d9ac-41f2-93dc-cb246c2cfde8,823815ad-d495-4420-8f4c-a60f5d4b2306,2026-01-07 21:10:33.724980,explore,38.8,flower,38.47,18.12
4f15d6a9-9a76-4cc0-b1b3-8d0353c02cc4,15d67f4b-d9ac-41f2-93dc-cb246c2cfde8,823815ad-d495-4420-8f4c-a60f5d4b2306,2026-01-07 21:10:52.724980,explore,41.7,cube,31.5,59.33
fcf46397-d873-4a26-9ef4-7f4cf6f26026,15d67f4b-d9ac-41f2-93dc-cb246c2cfde8,823815ad-d495-4420-8f4c-a60f5d4b2306,2026-01-07 21:11:07.724980,explore,42.6,flower,17.82,81.91
4182f1b1-950b-4e31-85be-263f86685db6,15d67f4b-d9ac-41f2-93dc-cb246c2cfde8,823815ad-d495-4420-8f4c-a60f5d4b2306,2026-01-07 21:11:27.724980,explore,48.5,flower,59.59,21.58
2db60ef3-03c0-476b-be7d-ea1a6854ce2b,15d67f4b-d9ac-41f2-93dc-cb246c2cfde8,823815ad-d495-4420-8f4c-a60f5d4b2306,2026-01-07 21:11:55.724980,explore,39.3,flower,77.19,41.34
8a1d70c0-8172-4fc8-bbc4-30ab5b334f1f,15d67f4b-d9ac-41f2-93dc-cb246c2cfde8,823815ad-d495-4420-8f4c-a60f5d4b2306,2026-01-07 21:12:15.724980,explore,44.7,paintbrush,46.82,50.03
870f983c-5171-41af-84b5-ef7f2a98e869,15d67f4b-d9ac-41f2-93dc-cb246c2cfde8,823815ad-d495-4420-8f4c-a60f5d4b2306,2026-01-07 21:12:31.724980,explore,39.6,cube,50.99,45.43
54628f42-7a9f-4aec-addf-fcd3fd506c2a,15d67f4b-d9ac-41f2-93dc-cb246c2cfde8,823815ad-d495-4420-8f4c-a60f5d4b2306,2026-01-07 21:12:36.724980,explore,34.2,paintbrush,63.66,50.46
5df31035-ef86-41cb-b43a-5cbdfd1fa531,15d67f4b-d9ac-41f2-93dc-cb246c2cfde8,823815ad-d495-4420-8f4c-a60f5d4b2306,2026-01-07 21:13:02.724980,explore,35.0,cube,57.52,4.34
714ff780-ab6f-40cd-9d64-b1358d7ea935,15d67f4b-d9ac-41f2-93dc-cb246c2cfde8,823815ad-d495-4420-8f4c-a60f5d4b2306,2026-01-07 21:13:14.724980,explore,38.6,paintbrush,10.8,25.17
42f9614a-aceb-42cf-b3ff-4533eacfd9ea,15d67f4b-d9ac-41f2-93dc-cb246c2cfde8,823815ad-d495-4420-8f4c-a60f5d4b2306,2026-01-07 21:13:41.724980,explore,50.2,paintbrush,81.43,60.36
f8aae59b-6d21-40bb-be79-82c2fbb388c8,15d67f4b-d9ac-41f2-93dc-cb246c2cfde8,823815ad-d495-4420-8f4c-a60f5d4b2306,2026-01-07 21:14:10.724980,wave,39.4,paintbrush,47.5,92.83
a18796a7-c378-452c-808a-5687307030e0,15d67f4b-d9ac-41f2-93dc-cb246c2cfde8,823815ad-d495-4420-8f4c-a60f5d4b2306,2026-01-07 21:14:16.724980,explore,41.3,paintbrush,16.57,56.86
24e97f16-2e0e-494c-8972-8b6d114e5fcf,15d67f4b-d9ac-41f2-93dc-cb246c2cfde8,823815ad-d495-4420-8f4c-a60f5d4b2306,2026-01-07 21:14:36.724980,explore,38.2,flower,59.24,75.5
41c215be-f5c5-4530-9543-2644778fb705,15d67f4b-d9ac-41f2-93dc-cb246c2cfde8,823815ad-d495-4420-8f4c-a60f5d4b2306,2026-01-07 21:14:58.724980,explore,41.2,paintbrush,82.71,69.27
4647d544-8ef3-4ee6-9280-90a8c8689fa1,15d67f4b-d9ac-41f2-93dc-cb246c2cfde8,823815ad-d495-4420-8f4c-a60f5d4b2306,2026-01-07 21:15:13.724980,wave,43.7,cube,29.61,91.88
8f24b927-d257-40a1-a5ff-2c41aa7115c0,15d67f4b-d9ac-41f2-93dc-cb246c2cfde8,823815ad-d495-4420-8f4c-a60f5d4b2306,2026-01-07 21:15:41.724980,explore,32.6,paintbrush,36.68,28.99
384601c8-0fcd-4b42-912a-c7b81d56f00b,15d67f4b-d9ac-41f2-93dc-cb246c2cfde8,823815ad-d495-4420-8f4c-a60f5d4b2306,2026-01-07 21:15:55.724980,explore,41.7,flower,10.36,28.1
a82508e5-eaa2-4778-ac4f-5117f4dd400f,15d67f4b-d9ac-41f2-93dc-cb246c2cfde8,823815ad-d495-4420-8f4c-a60f5d4b2306,2026-01-07 21:16:08.724980,wave,48.8,cube,9.15,37.63
31b218a2-e8f1-4627-af9e-7b913e69b5bb,15d67f4b-d9ac-41f2-93dc-cb246c2cfde8,823815ad-d495-4420-8f4c-a60f5d4b2306,2026-01-07 21:16:38.724980,wave,41.4,paintbrush,20.75,65.9
9f8f56d2-9c21-4af6-bd09-2df848eed846,15d67f4b-d9ac-41f2-93dc-cb246c2cfde8,823815ad-d495-4420-8f4c-a60f5d4b2306,2026-01-07 21:17:02.724980,explore,35.6,flower,10.25,42.17
453e3f11-2819-48f1-824e-b5e6a4062ff1,15d67f4b-d9ac-41f2-93dc-cb246c2cfde8,823815ad-d495-4420-8f4c-a60f5d4b2306,2026-01-07 21:17:11.724980,wave,39.5,flower,55.61,6.01
f01aee8c-5d18-4197-9d59-4afbfe1d417f,15d67f4b-d9ac-41f2-93dc-cb246c2cfde8,823815ad-d495-4420-8f4c-a60f5d4b2306,2026-01-07 21:17:25.724980,wave,41.6,paintbrush,4.47,8.54
593c50fc-3892-48b8-ba80-a4823d31ad8f,15d67f4b-d9ac-41f2-93dc-cb246c2cfde8,823815ad-d495-4420-8f4c-a60f5d4b2306,2026-01-07 21:17:42.724980,explore,31.0,paintbrush,86.24,77.59
7a0b377b-f69b-4e24-90e5-ab29d667eb95,15d67f4b-d9ac-41f2-93dc-cb246c2cfde8,823815ad-d495-4420-8f4c-a60f5d4b2306,2026-01-07 21:18:12.724980,wave,36.2,paintbrush,69.58,6.98
34bd4618-2e52-4423-9417-7ce8ed6b39bb,15d67f4b-d9ac-41f2-93dc-cb246c2cfde8,823815ad-d495-4420-8f4c-a60f5d4b2306,2026-01-07 21:18:36.724980,wave,35.2,paintbrush,48.02,17.46
01581cae-99f4-4dfb-87c4-d33dabf83fac,15d67f4b-d9ac-41f2-93dc-cb246c2cfde8,823815ad-d495-4420-8f4c-a60f5d4b2306,2026-01-07 21:19:01.724980,explore,44.6,flower,50.13,15.35
6256b01c-495f-4de5-8f97-f573964b5d6b,15d67f4b-d9ac-41f2-93dc-cb246c2cfde8,823815ad-d495-4420-8f4c-a60f5d4b2306,2026-01-07 21:19:27.724980,explore,39.4,flower,67.86,18.6
a706c98a-149e-457d-8339-30ceff8fbece,15d67f4b-d9ac-41f2-93dc-cb246c2cfde8,823815ad-d495-4420-8f4c-a60f5d4b2306,2026-01-07 21:19:43.724980,explore,39.2,cube,93.47,41.62
fd2c857f-4552-45e5-a7bf-a3c57da69813,15d67f4b-d9ac-41f2-93dc-cb246c2cfde8,823815ad-d495-4420-8f4c-a60f5d4b2306,2026-01-07 21:20:02.724980,explore,36.2,flower,4.02,50.32
68c91043-c3f0-4d05-be4b-52cbe107f8e2,15d67f4b-d9ac-41f2-93dc-cb246c2cfde8,823815ad-d495-4420-8f4c-a60f5d4b2306,2026-01-07 21:20:13.724980,explore,41.6,cube,44.76,71.39
f40ec7d0-2f00-4b2a-a779-3a93002da57b,15d67f4b-d9ac-41f2-93dc-cb246c2cfde8,823815ad-d495-4420-8f4c-a60f5d4b2306,2026-01-07 21:20:24.724980,wave,36.8,flower,49.42,91.72
1f143a60-5afb-4076-962a-f771f11e0e02,15d67f4b-d9ac-41f2-93dc-cb246c2cfde8,823815ad-d495-4420-8f4c-a60f5d4b2306,2026-01-07 21:20:49.724980,wave,41.5,flower,53.79,77.34
f713f0f8-2f7a-428d-816a-90a227ee0537,15d67f4b-d9ac-41f2-93dc-cb246c2cfde8,823815ad-d495-4420-8f4c-a60f5d4b2306,2026-01-07 21:20:57.724980,spawn_object,34.2,paintbrush,61.2,65.99
f507b8d5-8f71-400b-8830-6fff11712965,15d67f4b-d9ac-41f2-93dc-cb246c2cfde8,823815ad-d495-4420-8f4c-a60f5d4b2306,2026-01-07 21:21:22.724980,explore,29.8,flower,89.81,49.57
227380d2-6d99-42cb-9e89-9b645a7fcee4,15d67f4b-d9ac-41f2-93dc-cb246c2cfde8,823815ad-d495-4420-8f4c-a60f5d4b2306,2026-01-07 21:21:39.724980,explore,47.3,flower,38.15,79.35
c4478d8f-0dd2-4f96-a2c8-1b9c4538fb9d,15d67f4b-d9ac-41f2-93dc-cb246c2cfde8,823815ad-d495-4420-8f4c-a60f5d4b2306,2026-01-07 21:21:51.724980,explore,46.9,flower,68.33,28.22
ec7345ec-f1b1-4d43-adaf-e68ce3ad9ab8,15d67f4b-d9ac-41f2-93dc-cb246c2cfde8,823815ad-d495-4420-8f4c-a60f5d4b2306,2026-01-07 21:22:02.724980,explore,36.2,flower,81.53,70.33
9bb41dbc-ccb4-4734-91bb-09e66b54ee9c,15d67f4b-d9ac-41f2-93dc-cb246c2cfde8,823815ad-d495-4420-8f4c-a60f5d4b2306,2026-01-07 21:22:27.724980,explore,37.4,paintbrush,84.78,41.73
ec91ca74-e790-4d10-b541-485bdf98e7cb,99dac233-39e2-4f18-a168-1e2bd42e5c22,fcc6a5ab-a928-4102-9d3b-fb8791a6c868,2026-01-07 23:12:34.724980,explore,30.9,cube,64.03,29.38
f450374b-c33b-487e-9260-4e047fc3e176,99dac233-39e2-4f18-a168-1e2bd42e5c22,fcc6a5ab-a928-4102-9d3b-fb8791a6c868,2026-01-07 23:12:44.724980,explore,40.5,flower,99.25,48.06
4819ed51-9d53-4afc-9b18-d56020fe3e76,99dac233-39e2-4f18-a168-1e2bd42e5c22,fcc6a5ab-a928-4102-9d3b-fb8791a6c868,2026-01-07 23:13:14.724980,wave,52.1,flower,91.44,80.72
c79da94e-d234-46c1-bacf-be2354cad44b,99dac233-39e2-4f18-a168-1e2bd42e5c22,fcc6a5ab-a928-4102-9d3b-fb8791a6c868,2026-01-07 23:13:31.724980,explore,39.2,flower,1.57,31.0
daedee48-8233-4569-8368-a3969b9fc46c,99dac233-39e2-4f18-a168-1e2bd42e5c22,fcc6a5ab-a928-4102-9d3b-fb8791a6c868,2026-01-07 23:13:52.724980,wave,43.0,flower,30.73,49.65
bd756052-6828-42b5-8680-2d9d72c195aa,99dac233-39e2-4f18-a168-1e2bd42e5c22,fcc6a5ab-a928-4102-9d3b-fb8791a6c868,2026-01-07 23:14:00.724980,explore,34.8,paintbrush,93.61,43.37
ad10d1a1-7fc7-4556-9859-34c2c86783cd,99dac233-39e2-4f18-a168-1e2bd42e5c22,fcc6a5ab-a928-4102-9d3b-fb8791a6c868,2026-01-07 23:14:17.724980,wave,42.9,paintbrush,83.2,25.05
58b33028-3acc-4494-bc4f-dbe417167a18,99dac233-39e2-4f18-a168-1e2bd42e5c22,fcc6a5ab-a928-4102-9d3b-fb8791a6c868,2026-01-07 23:14:34.724980,explore,28.8,flower,8.77,6.55
56cf8fd6-dce4-45f9-9472-49b705e93b2f,99dac233-39e2-4f18-a168-1e2bd42e5c22,fcc6a5ab-a928-4102-9d3b-fb8791a6c868,2026-01-07 23:14:54.724980,wave,36.4,cube,83.07,25.86
1f13ea65-a6b3-427b-986c-0b72f0ec9dd3,99dac233-39e2-4f18-a168-1e2bd42e5c22,fcc6a5ab-a928-4102-9d3b-fb8791a6c868,2026-01-07 23:15:00.724980,wave,45.5,flower,10.46,76.62
253adb77-3d78-48d0-92ce-3668193d0d73,99dac233-39e2-4f18-a168-1e2bd42e5c22,fcc6a5ab-a928-4102-9d3b-fb8791a6c868,2026-01-07 23:15:16.724980,wave,39.6,paintbrush,33.46,82.36
3a36346a-3e05-4430-a24c-819dd493abb1,99dac233-39e2-4f18-a168-1e2bd42e5c22,fcc6a5ab-a928-4102-9d3b-fb8791a6c868,2026-01-07 23:15:31.724980,wave,44.9,flower,31.07,77.59
995753d7-0843-43ca-90eb-a75999d71f0a,99dac233-39e2-4f18-a168-1e2bd42e5c22,fcc6a5ab-a928-4102-9d3b-fb8791a6c868,2026-01-07 23:16:01.724980,wave,38.6,cube,35.44,36.81
743a5e83-bad2-4836-88d5-11095c556eed,99dac233-39e2-4f18-a168-1e2bd42e5c22,fcc6a5ab-a928-4102-9d3b-fb8791a6c868,2026-01-07 23:16:21.724980,explore,42.3,flower,51.03,20.07
d8f14be8-4d78-4bac-95aa-1105486d7221,99dac233-39e2-4f18-a168-1e2bd42e5c22,fcc6a5ab-a928-4102-9d3b-fb8791a6c868,2026-01-07 23:16:36.724980,explore,33.9,flower,84.48,92.03
b8aaedfe-a57c-4990-88be-13557002579b,99dac233-39e2-4f18-a168-1e2bd42e5c22,fcc6a5ab-a928-4102-9d3b-fb8791a6c868,2026-01-07 23:17:02.724980,wave,33.8,flower,70.42,66.81
8130c5ec-b98a-4022-a071-0a3891601311,99dac233-39e2-4f18-a168-1e2bd42e5c22,fcc6a5ab-a928-4102-9d3b-fb8791a6c868,2026-01-07 23:17:30.724980,wave,42.9,cube,87.0,81.38
a20bf16e-4fb3-4cad-8054-ae400ec11dff,99dac233-39e2-4f18-a168-1e2bd42e5c22,fcc6a5ab-a928-4102-9d3b-fb8791a6c868,2026-01-07 23:17:45.724980,explore,49.8,paintbrush,46.7,47.85
b55a3674-eaee-4a92-a2ec-9fd8bb2319c7,99dac233-39e2-4f18-a168-1e2bd42e5c22,fcc6a5ab-a928-4102-9d3b-fb8791a6c868,2026-01-07 23:18:01.724980,explore,38.6,cube,81.25,32.06
dc54227e-f5f1-413b-9e7b-58258770884f,99dac233-39e2-4f18-a168-1e2bd42e5c22,fcc6a5ab-a928-4102-9d3b-fb8791a6c868,2026-01-07 23:18:15.724980,explore,35.9,paintbrush,21.36,6.07
0b0c5b90-485b-4e86-b166-102395d67514,99dac233-39e2-4f18-a168-1e2bd42e5c22,fcc6a5ab-a928-4102-9d3b-fb8791a6c868,2026-01-07 23:18:45.724980,explore,37.6,flower,66.61,15.63
8b9ae602-eb75-4ff2-9171-5aab731e6737,99dac233-39e2-4f18-a168-1e2bd42e5c22,fcc6a5ab-a928-4102-9d3b-fb8791a6c868,2026-01-07 23:19:01.724980,explore,44.5,flower,69.26,82.66
dd74db23-f44d-41d5-b46a-c018b3cc7621,99dac233-39e2-4f18-a168-1e2bd42e5c22,fcc6a5ab-a928-4102-9d3b-fb8791a6c868,2026-01-07 23:19:18.724980,wave,36.2,cube,99.24,20.42
ac904970-2a0e-49ca-96fd-249f9cbcd1b8,99dac233-39e2-4f18-a168-1e2bd42e5c22,fcc6a5ab-a928-4102-9d3b-fb8791a6c868,2026-01-07 23:19:39.724980,explore,36.4,cube,17.74,4.99
52ba7b74-8e7b-44b3-b8b0-a9a2bb5d4ae2,99dac233-39e2-4f18-a168-1e2bd42e5c22,fcc6a5ab-a928-4102-9d3b-fb8791a6c868,2026-01-07 23:19:56.724980,explore,45.1,cube,6.7,31.85
ae912416-346a-40b3-b7d4-a8f65830c77b,99dac233-39e2-4f18-a168-1e2bd42e5c22,fcc6a5ab-a928-4102-9d3b-fb8791a6c868,2026-01-07 23:20:11.724980,explore,37.8,paintbrush,93.76,48.08
c1ef4ad9-c478-408e-990f-e23249293279,99dac233-39e2-4f18-a168-1e2bd42e5c22,fcc6a5ab-a928-4102-9d3b-fb8791a6c868,2026-01-07 23:20:37.724980,wave,42.0,paintbrush,77.95,79.35
0a3d770a-31c1-40fa-b139-53ed52040587,99dac233-39e2-4f18-a168-1e2bd42e5c22,fcc6a5ab-a928-4102-9d3b-fb8791a6c868,2026-01-07 23:20:43.724980,spawn_object,36.8,paintbrush,46.76,0.25
b9583d79-35c2-49a8-aa3f-80eab319e1aa,99dac233-39e2-4f18-a168-1e2bd42e5c22,fcc6a5ab-a928-4102-9d3b-fb8791a6c868,2026-01-07 23:21:00.724980,explore,34.3,paintbrush,68.76,91.52
04df3eea-1ec2-4638-8bdd-71ca866f55c6,99dac233-39e2-4f18-a168-1e2bd42e5c22,fcc6a5ab-a928-4102-9d3b-fb8791a6c868,2026-01-07 23:21:12.724980,wave,42.3,paintbrush,19.94,27.67
b27d0c9a-d1a5-400e-8bad-0c8118b00c28,99dac233-39e2-4f18-a168-1e2bd42e5c22,fcc6a5ab-a928-4102-9d3b-fb8791a6c868,2026-01-07 23:21:34.724980,explore,31.9,flower,35.31,9.39
53d4145a-097d-4e0c-83ee-65af79a1b8d2,99dac233-39e2-4f18-a168-1e2bd42e5c22,fcc6a5ab-a928-4102-9d3b-fb8791a6c868,2026-01-07 23:21:42.724980,explore,37.0,flower,13.17,25.86
029e452e-8f8b-4a99-a03e-8ee95719e5a6,99dac233-39e2-4f18-a168-1e2bd42e5c22,fcc6a5ab-a928-4102-9d3b-fb8791a6c868,2026-01-07 23:21:52.724980,wave,37.1,paintbrush,43.36,63.27
022c5e01-f553-49af-bb3a-4bbd9bf7e045,99dac233-39e2-4f18-a168-1e2bd42e5c22,fcc6a5ab-a928-4102-9d3b-fb8791a6c868,2026-01-07 23:22:13.724980,explore,46.2,cube,88.25,9.0
37022e2b-f58a-4a0a-b3a7-a52297c4cc07,99dac233-39e2-4f18-a168-1e2bd42e5c22,fcc6a5ab-a928-4102-9d3b-fb8791a6c868,2026-01-07 23:22:34.724980,explore,43.3,flower,63.3,4.58
59b0c336-f311-448f-aace-e8a6faf6df74,99dac233-39e2-4f18-a168-1e2bd42e5c22,fcc6a5ab-a928-4102-9d3b-fb8791a6c868,2026-01-07 23:22:40.724980,explore,38.8,flower,85.09,88.18
7c81306e-3d9a-47af-81c2-c60953989593,99dac233-39e2-4f18-a168-1e2bd42e5c22,fcc6a5ab-a928-4102-9d3b-fb8791a6c868,2026-01-07 23:22:56.724980,explore,37.7,paintbrush,77.79,73.1
b18722ea-99d8-45d9-85f8-2ec238387a09,99dac233-39e2-4f18-a168-1e2bd42e5c22,fcc6a5ab-a928-4102-9d3b-fb8791a6c868,2026-01-07 23:23:16.724980,explore,37.8,paintbrush,48.49,33.31
807a41e5-948e-4841-bb5d-41225280a383,99dac233-39e2-4f18-a168-1e2bd42e5c22,fcc6a5ab-a928-4102-9d3b-fb8791a6c868,2026-01-07 23:23:38.724980,explore,36.5,cube,51.05,65.83
3bd464db-8ccb-4f36-95fa-c4a1d11e278c,99dac233-39e2-4f18-a168-1e2bd42e5c22,fcc6a5ab-a928-4102-9d3b-fb8791a6c868,2026-01-07 23:23:51.724980,spawn_object,35.6,paintbrush,69.8,83.37
1709a909-2c3b-4cd1-ac3b-b41ddd0f0530,9af7c42c-7f42-4b13-af07-e59d3c7198d3,5e6dab6f-507b-474c-bdbb-fd24e0b9eb81,2026-01-08 07:21:09.724980,wave,45.2,cube,2.15,32.03
54965626-7047-433a-b2c4-1481583a833b,9af7c42c-7f42-4b13-af07-e59d3c7198d3,5e6dab6f-507b-474c-bdbb-fd24e0b9eb81,2026-01-08 07:21:28.724980,explore,35.8,flower,65.04,66.32
5eca890c-6847-41e1-b96c-8edb0e74690d,9af7c42c-7f42-4b13-af07-e59d3c7198d3,5e6dab6f-507b-474c-bdbb-fd24e0b9eb81,2026-01-08 07:21:58.724980,wave,40.1,cube,62.78,91.43
1d992e34-a926-4352-8772-b50e1e9f336d,9af7c42c-7f42-4b13-af07-e59d3c7198d3,5e6dab6f-507b-474c-bdbb-fd24e0b9eb81,2026-01-08 07:22:05.724980,explore,36.5,paintbrush,50.26,39.05
0c3af6b8-76b0-4fcd-b4a4-56f6b0fd5273,9af7c42c-7f42-4b13-af07-e59d3c7198d3,5e6dab6f-507b-474c-bdbb-fd24e0b9eb81,2026-01-08 07:22:17.724980,explore,40.2,flower,93.81,74.82
e3f7f1d7-8928-4415-8043-cf6e5829d558,9af7c42c-7f42-4b13-af07-e59d3c7198d3,5e6dab6f-507b-474c-bdbb-fd24e0b9eb81,2026-01-08 07:22:34.724980,wave,40.2,cube,98.08,68.7
e6426dcb-0db9-4bc8-b090-d3796bf46b37,9af7c42c-7f42-4b13-af07-e59d3c7198d3,5e6dab6f-507b-474c-bdbb-fd24e0b9eb81,2026-01-08 07:22:46.724980,wave,39.0,cube,5.93,69.29
99c71cb1-c00a-4d3a-bc46-67f7d7e5d8b7,9af7c42c-7f42-4b13-af07-e59d3c7198d3,5e6dab6f-507b-474c-bdbb-fd24e0b9eb81,2026-01-08 07:22:51.724980,explore,39.8,cube,80.68,84.91
3c8b8a74-a085-4718-ba66-d5b3bffafe85,9af7c42c-7f42-4b13-af07-e59d3c7198d3,5e6dab6f-507b-474c-bdbb-fd24e0b9eb81,2026-01-08 07:23:00.724980,wave,34.3,flower,50.96,52.53
535234b3-df8a-4524-8284-03d1fddd9a7c,9af7c42c-7f42-4b13-af07-e59d3c7198d3,5e6dab6f-507b-474c-bdbb-fd24e0b9eb81,2026-01-08 07:23:23.724980,explore,39.4,flower,40.13,74.26
6d090bf7-27f7-4a73-b8ed-39b85c7914c5,9af7c42c-7f42-4b13-af07-e59d3c7198d3,5e6dab6f-507b-474c-bdbb-fd24e0b9eb81,2026-01-08 07:23:49.724980,explore,37.2,flower,57.62,21.25
e26192e4-a0b0-46a1-bfc7-515e1efd7bcc,9af7c42c-7f42-4b13-af07-e59d3c7198d3,5e6dab6f-507b-474c-bdbb-fd24e0b9eb81,2026-01-08 07:24:03.724980,wave,45.8,flower,32.93,27.16
aa4ac929-de65-447c-88ca-35510805d7a7,9af7c42c-7f42-4b13-af07-e59d3c7198d3,5e6dab6f-507b-474c-bdbb-fd24e0b9eb81,2026-01-08 07:24:31.724980,explore,34.6,paintbrush,84.91,33.2
38070177-c375-48fd-a61f-dc8b618687f9,9af7c42c-7f42-4b13-af07-e59d3c7198d3,5e6dab6f-507b-474c-bdbb-fd24e0b9eb81,2026-01-08 07:24:50.724980,spawn_object,41.5,paintbrush,5.06,85.56
72a8a8da-5a7f-4fb7-964f-db323297541d,9af7c42c-7f42-4b13-af07-e59d3c7198d3,5e6dab6f-507b-474c-bdbb-fd24e0b9eb81,2026-01-08 07:25:08.724980,wave,36.9,cube,76.16,95.2
de370990-3ba8-458d-bbed-f1536f04bc5e,9af7c42c-7f42-4b13-af07-e59d3c7198d3,5e6dab6f-507b-474c-bdbb-fd24e0b9eb81,2026-01-08 07:25:18.724980,explore,36.3,cube,82.51,83.02
94fd6450-0fc3-4f68-a62e-d61feffe0298,9af7c42c-7f42-4b13-af07-e59d3c7198d3,5e6dab6f-507b-474c-bdbb-fd24e0b9eb81,2026-01-08 07:25:43.724980,explore,35.7,flower,47.16,26.49
37896563-a185-4d07-a24f-5b9daebb9d6f,9af7c42c-7f42-4b13-af07-e59d3c7198d3,5e6dab6f-507b-474c-bdbb-fd24e0b9eb81,2026-01-08 07:25:59.724980,explore,38.7,flower,42.45,20.88
648743e8-8c04-4de3-9c02-7419b943bce8,9af7c42c-7f42-4b13-af07-e59d3c7198d3,5e6dab6f-507b-474c-bdbb-fd24e0b9eb81,2026-01-08 07:26:20.724980,explore,38.2,flower,13.06,37.16
993ed6c0-bcee-42b0-a5e4-af95b64a3075,9af7c42c-7f42-4b13-af07-e59d3c7198d3,5e6dab6f-507b-474c-bdbb-fd24e0b9eb81,2026-01-08 07:26:25.724980,explore,36.7,flower,44.43,14.28
e2b479a7-14de-4a15-8ad8-e9d9ae77ea76,9af7c42c-7f42-4b13-af07-e59d3c7198d3,5e6dab6f-507b-474c-bdbb-fd24e0b9eb81,2026-01-08 07:26:50.724980,explore,39.9,flower,45.97,41.92
22409de2-1825-4e48-ab62-b277021de342,9af7c42c-7f42-4b13-af07-e59d3c7198d3,5e6dab6f-507b-474c-bdbb-fd24e0b9eb81,2026-01-08 07:27:11.724980,explore,44.1,paintbrush,69.88,76.41
d370248f-ca3a-41ae-90f1-9c21bea099af,9af7c42c-7f42-4b13-af07-e59d3c7198d3,5e6dab6f-507b-474c-bdbb-fd24e0b9eb81,2026-01-08 07:27:27.724980,wave,36.4,cube,9.82,29.08
0398b1c7-25e8-48ad-82fa-ed1f446ad018,9af7c42c-7f42-4b13-af07-e59d3c7198d3,5e6dab6f-507b-474c-bdbb-fd24e0b9eb81,2026-01-08 07:27:53.724980,explore,30.6,flower,22.2,20.98
87555ce4-42a0-4502-8965-4977fefb99df,9af7c42c-7f42-4b13-af07-e59d3c7198d3,5e6dab6f-507b-474c-bdbb-fd24e0b9eb81,2026-01-08 07:28:13.724980,wave,42.7,flower,53.67,70.96
59fd0bce-33dc-47dd-98af-684071a84b00,9af7c42c-7f42-4b13-af07-e59d3c7198d3,5e6dab6f-507b-474c-bdbb-fd24e0b9eb81,2026-01-08 07:28:35.724980,explore,35.8,cube,85.92,77.6
2db4445d-a8d5-4c70-8592-2fc20ad084ad,9af7c42c-7f42-4b13-af07-e59d3c7198d3,5e6dab6f-507b-474c-bdbb-fd24e0b9eb81,2026-01-08 07:28:55.724980,explore,30.5,flower,36.7,27.76
9158ca2d-5e51-41f8-9e6d-6491f9643b09,9af7c42c-7f42-4b13-af07-e59d3c7198d3,5e6dab6f-507b-474c-bdbb-fd24e0b9eb81,2026-01-08 07:29:12.724980,spawn_object,45.7,paintbrush,61.96,12.3
4f4868f3-0999-47f2-9ebd-fa567b81ade5,9af7c42c-7f42-4b13-af07-e59d3c7198d3,5e6dab6f-507b-474c-bdbb-fd24e0b9eb81,2026-01-08 07:29:42.724980,wave,34.7,cube,50.19,57.39
b322cdf2-cff4-4438-9db9-505ef3018c0e,9af7c42c-7f42-4b13-af07-e59d3c7198d3,5e6dab6f-507b-474c-bdbb-fd24e0b9eb81,2026-01-08 07:30:04.724980,explore,46.7,flower,34.16,9.03
fd76d060-9de3-4223-b50c-feaecf17a8fc,9af7c42c-7f42-4b13-af07-e59d3c7198d3,5e6dab6f-507b-474c-bdbb-fd24e0b9eb81,2026-01-08 07:30:27.724980,explore,41.5,cube,87.62,63.11
b2fe8f75-24c0-448e-bde6-efce810f8333,9af7c42c-7f42-4b13-af07-e59d3c7198d3,5e6dab6f-507b-474c-bdbb-fd24e0b9eb81,2026-01-08 07:30:54.724980,explore,39.1,flower,6.98,42.57
13be0b1f-41be-4916-a88e-2501a3fd7331,9af7c42c-7f42-4b13-af07-e59d3c7198d3,5e6dab6f-507b-474c-bdbb-fd24e0b9eb81,2026-01-08 07:31:19.724980,spawn_object,47.7,paintbrush,26.25,72.32
67b72022-0463-45cf-bf52-c7859ab0403d,9af7c42c-7f42-4b13-af07-e59d3c7198d3,5e6dab6f-507b-474c-bdbb-fd24e0b9eb81,2026-01-08 07:31:44.724980,explore,39.2,flower,70.28,30.47
f9d9abed-cf5d-4d6a-b95a-cb10867123d5,9af7c42c-7f42-4b13-af07-e59d3c7198d3,5e6dab6f-507b-474c-bdbb-fd24e0b9eb81,2026-01-08 07:31:57.724980,wave,49.0,flower,73.09,82.48
1adb6996-621b-47a8-a377-6816fbcd873e,ff6098de-1521-4ae7-830f-1fb9c29adc44,cb6bdc27-80b7-4872-a4bc-9adc394c5049,2026-01-07 18:31:28.724980,explore,33.7,paintbrush,45.36,12.82
4abaa8f0-2f33-487d-a9db-d74153a80a19,ff6098de-1521-4ae7-830f-1fb9c29adc44,cb6bdc27-80b7-4872-a4bc-9adc394c5049,2026-01-07 18:31:56.724980,explore,44.6,paintbrush,67.2,15.67
2c8bf41d-9d51-4962-9a17-be3f7b2c7613,ff6098de-1521-4ae7-830f-1fb9c29adc44,cb6bdc27-80b7-4872-a4bc-9adc394c5049,2026-01-07 18:32:09.724980,wave,39.3,flower,25.02,68.25
e62f3037-e8e8-4592-b34f-b25ffcf279ab,ff6098de-1521-4ae7-830f-1fb9c29adc44,cb6bdc27-80b7-4872-a4bc-9adc394c5049,2026-01-07 18:32:38.724980,spawn_object,34.6,cube,9.27,90.55
1d7d30dd-6a5d-4a07-9188-1340e1d105a4,ff6098de-1521-4ae7-830f-1fb9c29adc44,cb6bdc27-80b7-4872-a4bc-9adc394c5049,2026-01-07 18:33:01.724980,explore,39.0,cube,48.54,94.46
4887f265-a01b-4de6-8650-5f5852cfe164,ff6098de-1521-4ae7-830f-1fb9c29adc44,cb6bdc27-80b7-4872-a4bc-9adc394c5049,2026-01-07 18:33:26.724980,explore,41.3,flower,55.09,88.7
3dfddf5a-68a4-4d5f-8663-cf21708f7c6e,ff6098de-1521-4ae7-830f-1fb9c29adc44,cb6bdc27-80b7-4872-a4bc-9adc394c5049,2026-01-07 18:33:36.724980,explore,38.4,cube,52.79,75.01
93a55c37-c0db-464e-b340-ad1222628af7,ff6098de-1521-4ae7-830f-1fb9c29adc44,cb6bdc27-80b7-4872-a4bc-9adc394c5049,2026-01-07 18:33:44.724980,explore,45.0,cube,74.56,25.42
930cbb0e-4baa-4e9c-83bc-6c91c665971b,ff6098de-1521-4ae7-830f-1fb9c29adc44,cb6bdc27-80b7-4872-a4bc-9adc394c5049,2026-01-07 18:34:01.724980,explore,52.7,flower,74.24,71.01
8ebd2168-7ef8-4de1-a806-c42419e16f53,ff6098de-1521-4ae7-830f-1fb9c29adc44,cb6bdc27-80b7-4872-a4bc-9adc394c5049,2026-01-07 18:34:31.724980,explore,34.4,flower,52.58,97.13
5968fd49-4256-4679-90aa-04fc6bc10e25,ff6098de-1521-4ae7-830f-1fb9c29adc44,cb6bdc27-80b7-4872-a4bc-9adc394c5049,2026-01-07 18:34:41.724980,wave,26.4,cube,1.69,21.35
7c50d056-7885-427c-b0c7-6aa6bf4d80f3,ff6098de-1521-4ae7-830f-1fb9c29adc44,cb6bdc27-80b7-4872-a4bc-9adc394c5049,2026-01-07 18:34:50.724980,wave,34.7,flower,52.43,0.29
2fac940c-fe70-424e-b584-3a6f4dd74cfa,ff6098de-1521-4ae7-830f-1fb9c29adc44,cb6bdc27-80b7-4872-a4bc-9adc394c5049,2026-01-07 18:35:13.724980,explore,45.7,paintbrush,42.42,53.35
189952aa-564b-4ffe-8c84-ac0d492c9dad,ff6098de-1521-4ae7-830f-1fb9c29adc44,cb6bdc27-80b7-4872-a4bc-9adc394c5049,2026-01-07 18:35:36.724980,wave,38.8,paintbrush,38.92,89.11
a3250a7b-66ab-45bb-aa43-80a02604be27,ff6098de-1521-4ae7-830f-1fb9c29adc44,cb6bdc27-80b7-4872-a4bc-9adc394c5049,2026-01-07 18:35:45.724980,wave,40.5,flower,58.95,99.99
e0ea7c04-92cc-422e-b202-6bed595a4617,ff6098de-1521-4ae7-830f-1fb9c29adc44,cb6bdc27-80b7-4872-a4bc-9adc394c5049,2026-01-07 18:36:11.724980,explore,39.2,flower,57.27,62.03
fd90a1d1-37bc-4597-a3a2-5f88e34c4054,ff6098de-1521-4ae7-830f-1fb9c29adc44,cb6bdc27-80b7-4872-a4bc-9adc394c5049,2026-01-07 18:36:22.724980,wave,38.6,flower,21.39,30.83
f17d7137-42b0-4417-bc4e-326665975364,ff6098de-1521-4ae7-830f-1fb9c29adc44,cb6bdc27-80b7-4872-a4bc-9adc394c5049,2026-01-07 18:36:42.724980,wave,49.1,flower,94.19,87.76
b80d6299-0d13-46bb-b45a-2c195d93cc37,ff6098de-1521-4ae7-830f-1fb9c29adc44,cb6bdc27-80b7-4872-a4bc-9adc394c5049,2026-01-07 18:36:48.724980,spawn_object,43.4,cube,91.32,28.7
f6315687-6fa9-4cad-ae4e-950a0bb18070,ff6098de-1521-4ae7-830f-1fb9c29adc44,cb6bdc27-80b7-4872-a4bc-9adc394c5049,2026-01-07 18:37:04.724980,explore,46.5,flower,86.92,18.13
d43575a8-9928-4447-a8d1-4cbf2ef75d8f,ff6098de-1521-4ae7-830f-1fb9c29adc44,cb6bdc27-80b7-4872-a4bc-9adc394c5049,2026-01-07 18:37:16.724980,wave,43.3,flower,35.68,28.45
e5d5b20c-689e-444b-a35e-fd4e37996434,ff6098de-1521-4ae7-830f-1fb9c29adc44,cb6bdc27-80b7-4872-a4bc-9adc394c5049,2026-01-07 18:37:27.724980,explore,38.2,flower,21.84,96.94
fcbaf48c-8997-4aae-86f6-785d58f91f6e,ff6098de-1521-4ae7-830f-1fb9c29adc44,cb6bdc27-80b7-4872-a4bc-9adc394c5049,2026-01-07 18:37:34.724980,explore,47.2,flower,15.63,12.02
706efec4-2bbf-4099-9694-0db03f038ab5,ff6098de-1521-4ae7-830f-1fb9c29adc44,cb6bdc27-80b7-4872-a4bc-9adc394c5049,2026-01-07 18:37:58.724980,explore,33.5,cube,17.86,42.94
13e5309c-bc1c-4d62-a0fb-ec0dd367261d,ff6098de-1521-4ae7-830f-1fb9c29adc44,cb6bdc27-80b7-4872-a4bc-9adc394c5049,2026-01-07 18:38:16.724980,explore,37.7,paintbrush,81.07,35.72
bc09bcc0-00e1-4d9f-a12c-32e0b17dd27f,ff6098de-1521-4ae7-830f-1fb9c29adc44,cb6bdc27-80b7-4872-a4bc-9adc394c5049,2026-01-07 18:38:22.724980,explore,36.0,flower,41.66,41.97
94d28490-ec12-4a89-8eaf-159e6c566ec3,ff6098de-1521-4ae7-830f-1fb9c29adc44,cb6bdc27-80b7-4872-a4bc-9adc394c5049,2026-01-07 18:38:42.724980,explore,35.8,flower,72.35,54.81
f95ab477-d6c3-4ea5-ac40-c4f3c74c75e0,ff6098de-1521-4ae7-830f-1fb9c29adc44,cb6bdc27-80b7-4872-a4bc-9adc394c5049,2026-01-07 18:39:10.724980,wave,44.7,flower,46.52,37.87
72e89c17-3364-45f4-828b-fcc5f26fae57,ff6098de-1521-4ae7-830f-1fb9c29adc44,cb6bdc27-80b7-4872-a4bc-9adc394c5049,2026-01-07 18:39:16.724980,explore,45.4,paintbrush,67.86,35.76
1d6f91ca-3dfc-4878-a1c8-dfd9c9a1750b,ff6098de-1521-4ae7-830f-1fb9c29adc44,cb6bdc27-80b7-4872-a4bc-9adc394c5049,2026-01-07 18:39:27.724980,explore,40.7,flower,31.76,67.11
1b02e1dd-793a-43c4-bffd-6300764de7a1,ff6098de-1521-4ae7-830f-1fb9c29adc44,cb6bdc27-80b7-4872-a4bc-9adc394c5049,2026-01-07 18:39:53.724980,wave,52.7,paintbrush,90.65,59.7
b0499b1a-5de3-46f2-a3d1-b89a69ffbe04,ff6098de-1521-4ae7-830f-1fb9c29adc44,cb6bdc27-80b7-4872-a4bc-9adc394c5049,2026-01-07 18:40:13.724980,explore,31.5,cube,35.24,4.54
512a478e-1955-4f26-9eb0-1204f05c4a4f,ff6098de-1521-4ae7-830f-1fb9c29adc44,cb6bdc27-80b7-4872-a4bc-9adc394c5049,2026-01-07 18:40:38.724980,explore,44.5,paintbrush,58.22,66.99
4ed651aa-b7e1-48ab-8d0a-983390e988a6,ff6098de-1521-4ae7-830f-1fb9c29adc44,cb6bdc27-80b7-4872-a4bc-9adc394c5049,2026-01-07 18:41:03.724980,explore,33.1,cube,3.89,46.94
9e8ce539-e415-4f03-9975-5ac0ce646e22,ff6098de-1521-4ae7-830f-1fb9c29adc44,cb6bdc27-80b7-4872-a4bc-9adc394c5049,2026-01-07 18:41:19.724980,explore,38.6,flower,50.33,73.5
21e35b32-828b-450e-94ff-5272bb9a6245,896848b5-bfe1-462e-9907-bcea40a1046e,ceaa65be-6d0c-4b18-a105-34bca521d627,2026-01-08 06:46:27.724980,explore,34.2,cube,21.37,2.99
7e64b5d5-8c2e-4adc-a0f7-6bf4f2e1a17a,896848b5-bfe1-462e-9907-bcea40a1046e,ceaa65be-6d0c-4b18-a105-34bca521d627,2026-01-08 06:46:41.724980,explore,41.9,paintbrush,51.44,30.76
0def9db4-70e4-4f65-b9ae-7b8538534f41,896848b5-bfe1-462e-9907-bcea40a1046e,ceaa65be-6d0c-4b18-a105-34bca521d627,2026-01-08 06:46:51.724980,spawn_object,33.6,flower,94.9,99.56
3bab009b-ab19-449c-9e14-2dbf15eb541c,896848b5-bfe1-462e-9907-bcea40a1046e,ceaa65be-6d0c-4b18-a105-34bca521d627,2026-01-08 06:47:20.724980,explore,38.9,cube,37.84,16.62
380a032f-8009-4587-a61a-9db57452e3b6,896848b5-bfe1-462e-9907-bcea40a1046e,ceaa65be-6d0c-4b18-a105-34bca521d627,2026-01-08 06:47:39.724980,wave,30.1,cube,26.05,31.75
6838d17b-815a-4397-a715-c486db1020ce,896848b5-bfe1-462e-9907-bcea40a1046e,ceaa65be-6d0c-4b18-a105-34bca521d627,2026-01-08 06:48:05.724980,wave,39.9,flower,51.65,30.03
aa974927-6917-40aa-81cd-cb9a1d8e926c,896848b5-bfe1-462e-9907-bcea40a1046e,ceaa65be-6d0c-4b18-a105-34bca521d627,2026-01-08 06:48:26.724980,explore,47.0,paintbrush,91.41,64.69
2460166b-e31e-4e95-9a16-88380b8a01d5,896848b5-bfe1-462e-9907-bcea40a1046e,ceaa65be-6d0c-4b18-a105-34bca521d627,2026-01-08 06:48:44.724980,wave,46.3,flower,51.06,6.05
2036e874-4181-4294-b720-0b88ab1135cd,896848b5-bfe1-462e-9907-bcea40a1046e,ceaa65be-6d0c-4b18-a105-34bca521d627,2026-01-08 06:49:05.724980,wave,40.6,flower,15.74,67.99
22adfd92-81d2-4031-951c-4cadbf450340,896848b5-bfe1-462e-9907-bcea40a1046e,ceaa65be-6d0c-4b18-a105-34bca521d627,2026-01-08 06:49:25.724980,explore,42.5,flower,74.93,78.23
376e4f53-fe8f-47e7-9e3c-6eda198b9a7e,896848b5-bfe1-462e-9907-bcea40a1046e,ceaa65be-6d0c-4b18-a105-34bca521d627,2026-01-08 06:49:46.724980,wave,39.5,cube,15.37,42.68
84753414-8d6b-497d-b6b8-764786aa7188,896848b5-bfe1-462e-9907-bcea40a1046e,ceaa65be-6d0c-4b18-a105-34bca521d627,2026-01-08 06:50:08.724980,explore,44.9,cube,44.92,64.49
9b91c5ec-a66b-4c2e-96f8-8f0d10e56b84,aab6eded-548f-49cd-80ff-2fb55ea36cdf,047f0446-8bef-46e6-9bac-48e961cfabf2,2026-01-08 04:19:25.724980,spawn_object,38.8,cube,34.03,14.09
04711445-0dc0-4931-803b-051c391b0a4b,aab6eded-548f-49cd-80ff-2fb55ea36cdf,047f0446-8bef-46e6-9bac-48e961cfabf2,2026-01-08 04:19:42.724980,wave,41.9,paintbrush,66.39,52.94
0a6e3737-8c7e-4320-959f-230b27bcc36c,aab6eded-548f-49cd-80ff-2fb55ea36cdf,047f0446-8bef-46e6-9bac-48e961cfabf2,2026-01-08 04:19:50.724980,wave,33.5,cube,70.98,54.85
08c8854b-a77e-472d-acbe-ef7d32cdd388,aab6eded-548f-49cd-80ff-2fb55ea36cdf,047f0446-8bef-46e6-9bac-48e961cfabf2,2026-01-08 04:19:59.724980,explore,37.9,flower,6.23,6.66
17bd6523-d16f-47a5-85aa-954a99736437,aab6eded-548f-49cd-80ff-2fb55ea36cdf,047f0446-8bef-46e6-9bac-48e961cfabf2,2026-01-08 04:20:06.724980,explore,42.0,paintbrush,31.85,95.22
6def9e8d-1353-4374-808d-5fe28cf5009d,aab6eded-548f-49cd-80ff-2fb55ea36cdf,047f0446-8bef-46e6-9bac-48e961cfabf2,2026-01-08 04:20:21.724980,explore,41.4,flower,97.56,80.18
96a57726-5a00-4fa3-b594-c9c1905ab96b,aab6eded-548f-49cd-80ff-2fb55ea36cdf,047f0446-8bef-46e6-9bac-48e961cfabf2,2026-01-08 04:20:48.724980,explore,37.8,paintbrush,5.89,20.5
fff4f9e8-258c-4aad-b9d5-560f6b16d895,aab6eded-548f-49cd-80ff-2fb55ea36cdf,047f0446-8bef-46e6-9bac-48e961cfabf2,2026-01-08 04:21:16.724980,explore,35.7,flower,86.46,19.04
9bba296d-a8e3-4509-8ab9-d188912451ec,aab6eded-548f-49cd-80ff-2fb55ea36cdf,047f0446-8bef-46e6-9bac-48e961cfabf2,2026-01-08 04:21:22.724980,explore,36.4,paintbrush,47.31,93.03
7f441fc4-9ef7-4ee2-a64b-67a121a7ea09,aab6eded-548f-49cd-80ff-2fb55ea36cdf,047f0446-8bef-46e6-9bac-48e961cfabf2,2026-01-08 04:21:43.724980,explore,44.4,flower,83.32,61.81
21919a43-55cf-4609-a848-c4f3b6f5c270,aab6eded-548f-49cd-80ff-2fb55ea36cdf,047f0446-8bef-46e6-9bac-48e961cfabf2,2026-01-08 04:21:56.724980,explore,41.5,flower,33.9,71.26
35195707-240a-4b10-b584-886d3fc7fe7a,aab6eded-548f-49cd-80ff-2fb55ea36cdf,047f0446-8bef-46e6-9bac-48e961cfabf2,2026-01-08 04:22:13.724980,explore,41.6,flower,65.05,18.77
a50b23b2-dcd6-48b5-a21b-ff2e21c79df3,aab6eded-548f-49cd-80ff-2fb55ea36cdf,047f0446-8bef-46e6-9bac-48e961cfabf2,2026-01-08 04:22:21.724980,explore,38.9,flower,69.16,77.03
6a697035-515e-41b6-a762-fbf74e0e0273,aab6eded-548f-49cd-80ff-2fb55ea36cdf,047f0446-8bef-46e6-9bac-48e961cfabf2,2026-01-08 04:22:47.724980,spawn_object,37.8,flower,42.68,65.46
5dd2fd94-988c-4ea2-9332-9e799b716f99,aab6eded-548f-49cd-80ff-2fb55ea36cdf,047f0446-8bef-46e6-9bac-48e961cfabf2,2026-01-08 04:23:10.724980,wave,37.4,cube,4.71,91.25
9bfff344-0c99-49ea-b5fa-3fba82634db6,aab6eded-548f-49cd-80ff-2fb55ea36cdf,047f0446-8bef-46e6-9bac-48e961cfabf2,2026-01-08 04:23:31.724980,spawn_object,36.1,flower,61.64,29.99
581ae810-4436-43c8-9b4a-7bf457b96fbb,aab6eded-548f-49cd-80ff-2fb55ea36cdf,047f0446-8bef-46e6-9bac-48e961cfabf2,2026-01-08 04:23:59.724980,explore,48.0,paintbrush,46.55,16.75
400fcd1e-4473-4ff9-8736-8883a4ab38aa,aab6eded-548f-49cd-80ff-2fb55ea36cdf,047f0446-8bef-46e6-9bac-48e961cfabf2,2026-01-08 04:24:09.724980,explore,49.9,flower,61.75,93.8
3d2fb9b5-fb7d-435d-81f5-cf8a04916130,aab6eded-548f-49cd-80ff-2fb55ea36cdf,047f0446-8bef-46e6-9bac-48e961cfabf2,2026-01-08 04:24:38.724980,wave,36.5,flower,90.33,78.6
0c5fe42e-6a70-4f40-a324-5da84ff1ef00,aab6eded-548f-49cd-80ff-2fb55ea36cdf,047f0446-8bef-46e6-9bac-48e961cfabf2,2026-01-08 04:25:07.724980,explore,45.8,flower,73.2,96.46
7dc414ec-6c01-43ba-ae66-f1a5b30e1e3a,aab6eded-548f-49cd-80ff-2fb55ea36cdf,047f0446-8bef-46e6-9bac-48e961cfabf2,2026-01-08 04:25:19.724980,explore,30.5,paintbrush,54.7,57.88
d6e31c39-9375-43ec-9067-674e56db72f8,aab6eded-548f-49cd-80ff-2fb55ea36cdf,047f0446-8bef-46e6-9bac-48e961cfabf2,2026-01-08 04:25:47.724980,explore,42.2,flower,85.25,34.25
75dded26-3102-4d8f-ba5b-96f4047573dd,aab6eded-548f-49cd-80ff-2fb55ea36cdf,047f0446-8bef-46e6-9bac-48e961cfabf2,2026-01-08 04:26:14.724980,explore,40.8,flower,43.94,51.8
d0fe1b1c-49e1-49d1-bb46-12520efc7a78,aab6eded-548f-49cd-80ff-2fb55ea36cdf,047f0446-8bef-46e6-9bac-48e961cfabf2,2026-01-08 04:26:29.724980,explore,49.3,paintbrush,69.43,63.96
24a02fb8-ae15-4ff6-8997-505f13b5a3f2,aab6eded-548f-49cd-80ff-2fb55ea36cdf,047f0446-8bef-46e6-9bac-48e961cfabf2,2026-01-08 04:26:45.724980,wave,43.5,flower,28.56,89.84
8a0c7f9d-672a-4f92-8b70-c4574fcaa6ca,aab6eded-548f-49cd-80ff-2fb55ea36cdf,047f0446-8bef-46e6-9bac-48e961cfabf2,2026-01-08 04:26:57.724980,explore,41.5,cube,60.93,5.51
16cb7a9c-1500-4c49-bc32-980534ab1bed,de2c9dd7-cad1-43e1-bd89-e69792997e07,e644f08a-6939-4163-8328-1f3c32cc3340,2026-01-08 03:50:33.724980,explore,40.2,flower,9.1,67.07
8a25b89b-19b9-4c03-82f3-922e23451a9e,de2c9dd7-cad1-43e1-bd89-e69792997e07,e644f08a-6939-4163-8328-1f3c32cc3340,2026-01-08 03:50:52.724980,explore,41.6,flower,65.91,28.58
d2b9b408-21ef-4409-812b-16b5f3e35797,de2c9dd7-cad1-43e1-bd89-e69792997e07,e644f08a-6939-4163-8328-1f3c32cc3340,2026-01-08 03:51:07.724980,explore,37.7,cube,44.05,8.52
40c96d36-e73c-4fc1-84d9-b2360b428c2a,de2c9dd7-cad1-43e1-bd89-e69792997e07,e644f08a-6939-4163-8328-1f3c32cc3340,2026-01-08 03:51:26.724980,explore,44.9,paintbrush,62.38,15.98
bca65ca3-92ba-4006-be68-49cfb98f4af7,de2c9dd7-cad1-43e1-bd89-e69792997e07,e644f08a-6939-4163-8328-1f3c32cc3340,2026-01-08 03:51:40.724980,spawn_object,41.1,cube,84.24,76.51
59167668-43f5-478d-ac81-91ad4792e957,de2c9dd7-cad1-43e1-bd89-e69792997e07,e644f08a-6939-4163-8328-1f3c32cc3340,2026-01-08 03:51:49.724980,explore,40.6,paintbrush,55.39,72.33
9ead8141-c7c4-40d9-96ad-e14f0ff9cd9c,de2c9dd7-cad1-43e1-bd89-e69792997e07,e644f08a-6939-4163-8328-1f3c32cc3340,2026-01-08 03:52:19.724980,explore,44.4,cube,35.02,46.81
c4ac876e-0961-45ff-b206-ceb7dfa412d1,de2c9dd7-cad1-43e1-bd89-e69792997e07,e644f08a-6939-4163-8328-1f3c32cc3340,2026-01-08 03:52:34.724980,explore,39.2,cube,66.03,39.74
11916c98-6af0-469b-92bf-a07abccb24de,de2c9dd7-cad1-43e1-bd89-e69792997e07,e644f08a-6939-4163-8328-1f3c32cc3340,2026-01-08 03:52:44.724980,explore,32.9,paintbrush,40.57,39.29
fe6d3a63-fd48-4908-9d55-00c4aecc94c1,de2c9dd7-cad1-43e1-bd89-e69792997e07,e644f08a-6939-4163-8328-1f3c32cc3340,2026-01-08 03:53:05.724980,explore,50.0,cube,41.54,77.59
973ba158-a8f3-4c94-b34d-0f37d71051a0,de2c9dd7-cad1-43e1-bd89-e69792997e07,e644f08a-6939-4163-8328-1f3c32cc3340,2026-01-08 03:53:19.724980,wave,42.4,cube,51.1,68.41
04b6f0e3-5fba-4419-8018-cfa24f9e78d2,de2c9dd7-cad1-43e1-bd89-e69792997e07,e644f08a-6939-4163-8328-1f3c32cc3340,2026-01-08 03:53:43.724980,explore,42.2,flower,66.69,89.33
3d92c5bf-fd5b-45e2-b747-8bbce005eb18,de2c9dd7-cad1-43e1-bd89-e69792997e07,e644f08a-6939-4163-8328-1f3c32cc3340,2026-01-08 03:54:02.724980,explore,35.7,flower,94.91,95.37
70791961-0040-4cb3-9104-b636536aaa87,de2c9dd7-cad1-43e1-bd89-e69792997e07,e644f08a-6939-4163-8328-1f3c32cc3340,2026-01-08 03:54:11.724980,explore,47.3,flower,31.66,63.02
bb28667e-d4b6-4cb1-bda7-eec8dc414da2,de2c9dd7-cad1-43e1-bd89-e69792997e07,e644f08a-6939-4163-8328-1f3c32cc3340,2026-01-08 03:54:23.724980,explore,43.0,paintbrush,72.04,0.76
c7cb1b0c-c468-4363-baa3-c10a3ab61bf4,de2c9dd7-cad1-43e1-bd89-e69792997e07,e644f08a-6939-4163-8328-1f3c32cc3340,2026-01-08 03:54:35.724980,wave,41.8,flower,26.66,77.24
66767e0a-a75d-4937-9b5b-bb37d0d93385,de2c9dd7-cad1-43e1-bd89-e69792997e07,e644f08a-6939-4163-8328-1f3c32cc3340,2026-01-08 03:54:44.724980,wave,39.4,paintbrush,99.34,6.7
7dd97516-5f36-4667-8634-e87be7cfb141,de2c9dd7-cad1-43e1-bd89-e69792997e07,e644f08a-6939-4163-8328-1f3c32cc3340,2026-01-08 03:54:54.724980,wave,39.0,cube,56.55,65.07
b5bef398-d206-45cb-a334-fc527ac92e2e,de2c9dd7-cad1-43e1-bd89-e69792997e07,e644f08a-6939-4163-8328-1f3c32cc3340,2026-01-08 03:55:19.724980,explore,39.6,flower,6.43,13.95
385b2729-d132-4e5f-96d5-e260f89c2798,de2c9dd7-cad1-43e1-bd89-e69792997e07,e644f08a-6939-4163-8328-1f3c32cc3340,2026-01-08 03:55:32.724980,explore,42.3,cube,68.0,41.67
68224d4c-2d14-4efd-a614-229d3ff796e6,de2c9dd7-cad1-43e1-bd89-e69792997e07,e644f08a-6939-4163-8328-1f3c32cc3340,2026-01-08 03:55:50.724980,explore,42.2,flower,25.06,47.36
2c625df8-ad22-45e3-9abb-186ca062e1b4,de2c9dd7-cad1-43e1-bd89-e69792997e07,e644f08a-6939-4163-8328-1f3c32cc3340,2026-01-08 03:56:19.724980,explore,38.6,flower,10.07,5.7
bd49f546-798b-4be2-9857-0478c3733e3e,de2c9dd7-cad1-43e1-bd89-e69792997e07,e644f08a-6939-4163-8328-1f3c32cc3340,2026-01-08 03:56:32.724980,explore,34.2,flower,64.78,71.62
7cf62679-6f95-45fc-9e8a-c367d01f5b55,de2c9dd7-cad1-43e1-bd89-e69792997e07,e644f08a-6939-4163-8328-1f3c32cc3340,2026-01-08 03:56:49.724980,explore,42.4,flower,24.07,30.9
e8da1a0a-d872-4ad8-b78e-7084b12356fd,de2c9dd7-cad1-43e1-bd89-e69792997e07,e644f08a-6939-4163-8328-1f3c32cc3340,2026-01-08 03:57:00.724980,wave,43.0,flower,66.83,15.75
bd85d14c-f7c2-4869-a4fe-50ec90d303dd,de2c9dd7-cad1-43e1-bd89-e69792997e07,e644f08a-6939-4163-8328-1f3c32cc3340,2026-01-08 03:57:16.724980,explore,39.5,cube,31.27,6.6
b95c70b7-42f3-45eb-9b05-205c4eff9d8c,de2c9dd7-cad1-43e1-bd89-e69792997e07,e644f08a-6939-4163-8328-1f3c32cc3340,2026-01-08 03:57:42.724980,wave,39.2,cube,12.94,84.64
cc612741-6a93-4b45-b282-94a8ff87b9b2,de2c9dd7-cad1-43e1-bd89-e69792997e07,e644f08a-6939-4163-8328-1f3c32cc3340,2026-01-08 03:58:10.724980,explore,48.7,flower,39.17,90.33
b99bdc56-5c1b-484d-bf29-5653c84c6bdb,de2c9dd7-cad1-43e1-bd89-e69792997e07,e644f08a-6939-4163-8328-1f3c32cc3340,2026-01-08 03:58:40.724980,explore,39.0,flower,96.41,70.05
a97455d3-4c2d-4b93-a249-5b236a839da9,de2c9dd7-cad1-43e1-bd89-e69792997e07,e644f08a-6939-4163-8328-1f3c32cc3340,2026-01-08 03:59:01.724980,explore,32.1,flower,38.31,59.83
ef64ba37-5746-4bf9-9017-fa16b026bdcd,de2c9dd7-cad1-43e1-bd89-e69792997e07,e644f08a-6939-4163-8328-1f3c32cc3340,2026-01-08 03:59:19.724980,explore,40.1,cube,83.14,14.19
50defe0c-f2ac-45ec-a143-90f6c127c8c9,de2c9dd7-cad1-43e1-bd89-e69792997e07,e644f08a-6939-4163-8328-1f3c32cc3340,2026-01-08 03:59:29.724980,explore,46.2,flower,50.11,93.62
3161e62f-a40d-4537-8df2-91fe3703d762,de2c9dd7-cad1-43e1-bd89-e69792997e07,e644f08a-6939-4163-8328-1f3c32cc3340,2026-01-08 03:59:46.724980,wave,40.7,flower,33.29,37.06
a3d3b194-cd3e-48d3-866e-b0f0c6299789,de2c9dd7-cad1-43e1-bd89-e69792997e07,e644f08a-6939-4163-8328-1f3c32cc3340,2026-01-08 04:00:14.724980,wave,36.8,paintbrush,89.44,99.09
e0032101-934c-45e4-b5bb-af86731a8e1d,de2c9dd7-cad1-43e1-bd89-e69792997e07,e644f08a-6939-4163-8328-1f3c32cc3340,2026-01-08 04:00:36.724980,explore,44.3,paintbrush,45.46,30.2
97c121ba-037c-4095-8db1-713d81626afb,de2c9dd7-cad1-43e1-bd89-e69792997e07,e644f08a-6939-4163-8328-1f3c32cc3340,2026-01-08 04:00:52.724980,explore,45.3,flower,30.45,1.57
aff40f19-25a1-41e0-b7c8-86f0e9cd435d,de2c9dd7-cad1-43e1-bd89-e69792997e07,e644f08a-6939-4163-8328-1f3c32cc3340,2026-01-08 04:01:03.724980,wave,38.0,paintbrush,42.97,23.24
b4c5f3c7-a741-46e1-bee7-3ea5a6d40fec,de2c9dd7-cad1-43e1-bd89-e69792997e07,e644f08a-6939-4163-8328-1f3c32cc3340,2026-01-08 04:01:28.724980,explore,50.3,paintbrush,97.51,41.79
e31873e2-dc6b-4b50-9f00-0bbc37d97cb7,de2c9dd7-cad1-43e1-bd89-e69792997e07,e644f08a-6939-4163-8328-1f3c32cc3340,2026-01-08 04:01:56.724980,wave,41.9,cube,36.82,8.11
7eb98de0-5b45-4c0d-af30-5df455e1aea1,f7fb6e1f-31be-40ec-9e4e-d25622a1f275,31e9d14f-0193-4963-9903-b4b23f5d4ddd,2026-01-08 06:53:24.724980,touch,103.6,asset_gun_01,61.72,38.21
25b861eb-824b-40a5-bc4d-352d2760d4f3,f7fb6e1f-31be-40ec-9e4e-d25622a1f275,31e9d14f-0193-4963-9903-b4b23f5d4ddd,2026-01-08 06:53:38.724980,idle,79.9,asset_siren,14.11,9.37
cb7635ef-ec0f-4d1a-8b0f-989f3fb6d97e,f7fb6e1f-31be-40ec-9e4e-d25622a1f275,31e9d14f-0193-4963-9903-b4b23f5d4ddd,2026-01-08 06:53:46.724980,touch,75.5,asset_siren,73.11,21.63
48cf1790-8604-42ec-8b35-eb119bf144c8,f7fb6e1f-31be-40ec-9e4e-d25622a1f275,31e9d14f-0193-4963-9903-b4b23f5d4ddd,2026-01-08 06:53:58.724980,idle,68.4,asset_gun_01,80.09,98.63
195cf2b4-a54e-4561-9aaa-ac0ed5679f48,f7fb6e1f-31be-40ec-9e4e-d25622a1f275,31e9d14f-0193-4963-9903-b4b23f5d4ddd,2026-01-08 06:54:14.724980,touch,89.1,asset_siren,17.48,87.13
97926cfc-eb00-4981-9197-4a5931de903d,f7fb6e1f-31be-40ec-9e4e-d25622a1f275,31e9d14f-0193-4963-9903-b4b23f5d4ddd,2026-01-08 06:54:26.724980,touch,85.3,asset_gun_01,78.36,59.2
6f20d918-a334-403c-8704-cd2a7813319b,f7fb6e1f-31be-40ec-9e4e-d25622a1f275,31e9d14f-0193-4963-9903-b4b23f5d4ddd,2026-01-08 06:54:42.724980,spawn_object,81.1,asset_siren,8.39,87.72
118c0c74-c187-400d-8466-69ff460f4d1d,f7fb6e1f-31be-40ec-9e4e-d25622a1f275,31e9d14f-0193-4963-9903-b4b23f5d4ddd,2026-01-08 06:55:05.724980,spawn_object,78.6,cube,98.3,91.35
010da2ee-a6ab-4d4a-b4cf-180533ef23f0,f7fb6e1f-31be-40ec-9e4e-d25622a1f275,31e9d14f-0193-4963-9903-b4b23f5d4ddd,2026-01-08 06:55:23.724980,spawn_object,84.8,asset_gun_01,95.98,74.76
a3e0fb59-c6ab-41a4-97b2-b4665e850989,f7fb6e1f-31be-40ec-9e4e-d25622a1f275,31e9d14f-0193-4963-9903-b4b23f5d4ddd,2026-01-08 06:55:31.724980,touch,84.4,asset_gun_01,38.16,22.75
19f4017f-76a8-4240-ab9a-de755c833a75,f7fb6e1f-31be-40ec-9e4e-d25622a1f275,31e9d14f-0193-4963-9903-b4b23f5d4ddd,2026-01-08 06:55:55.724980,touch,97.1,asset_gun_01,70.54,26.27
efcc98ce-fcdd-4cbd-afe5-b96d27fb5db0,f7fb6e1f-31be-40ec-9e4e-d25622a1f275,31e9d14f-0193-4963-9903-b4b23f5d4ddd,2026-01-08 06:56:23.724980,spawn_object,93.0,asset_gun_01,97.0,60.24
4e756241-5630-4c8c-9db8-40e6bdcf2b1b,f7fb6e1f-31be-40ec-9e4e-d25622a1f275,31e9d14f-0193-4963-9903-b4b23f5d4ddd,2026-01-08 06:56:47.724980,touch,86.5,asset_siren,97.05,90.92
d2aed295-75fa-4f87-a0eb-86a79d7436a9,f7fb6e1f-31be-40ec-9e4e-d25622a1f275,31e9d14f-0193-4963-9903-b4b23f5d4ddd,2026-01-08 06:57:15.724980,spawn_object,86.8,asset_gun_01,22.06,59.86
a48f91df-b017-457e-81e3-5efb17d087e0,f7fb6e1f-31be-40ec-9e4e-d25622a1f275,31e9d14f-0193-4963-9903-b4b23f5d4ddd,2026-01-08 06:57:29.724980,spawn_object,94.0,asset_gun_01,57.42,32.44
4cd902eb-2a4a-432e-9592-8fa32d3e0651,f7fb6e1f-31be-40ec-9e4e-d25622a1f275,31e9d14f-0193-4963-9903-b4b23f5d4ddd,2026-01-08 06:57:50.724980,touch,88.6,asset_gun_01,26.89,67.25
1f396324-9a7d-4282-9d86-563446f8315f,f7fb6e1f-31be-40ec-9e4e-d25622a1f275,31e9d14f-0193-4963-9903-b4b23f5d4ddd,2026-01-08 06:58:02.724980,touch,93.5,asset_siren,99.06,83.16
a1d77fb5-05fb-4c43-8128-9e51496887c3,f7fb6e1f-31be-40ec-9e4e-d25622a1f275,31e9d14f-0193-4963-9903-b4b23f5d4ddd,2026-01-08 06:58:18.724980,spawn_object,77.4,cube,96.77,29.41
723522af-af69-45af-b626-7463e22e23ec,f7fb6e1f-31be-40ec-9e4e-d25622a1f275,31e9d14f-0193-4963-9903-b4b23f5d4ddd,2026-01-08 06:58:45.724980,spawn_object,89.1,asset_gun_01,93.88,28.32
7cf5ea9d-6772-44b3-a0ed-37ca909b3401,f7fb6e1f-31be-40ec-9e4e-d25622a1f275,31e9d14f-0193-4963-9903-b4b23f5d4ddd,2026-01-08 06:59:04.724980,touch,97.7,asset_siren,96.01,79.7
9fc605b9-6fa8-4430-9eef-9030f4370603,f7fb6e1f-31be-40ec-9e4e-d25622a1f275,31e9d14f-0193-4963-9903-b4b23f5d4ddd,2026-01-08 06:59:12.724980,spawn_object,91.7,asset_siren,83.3,40.73
bd43a9ef-c442-4d77-b15a-062b3799228f,f7fb6e1f-31be-40ec-9e4e-d25622a1f275,31e9d14f-0193-4963-9903-b4b23f5d4ddd,2026-01-08 06:59:23.724980,spawn_object,81.9,cube,66.68,15.93
4c34f154-e3b4-4658-aa72-2ba474cb31b2,f7fb6e1f-31be-40ec-9e4e-d25622a1f275,31e9d14f-0193-4963-9903-b4b23f5d4ddd,2026-01-08 06:59:40.724980,spawn_object,80.9,asset_gun_01,9.16,64.32
2a7d29aa-adfb-49c5-8f33-9459292f58f6,f7fb6e1f-31be-40ec-9e4e-d25622a1f275,31e9d14f-0193-4963-9903-b4b23f5d4ddd,2026-01-08 06:59:54.724980,spawn_object,63.2,asset_siren,14.31,47.22
d8101a97-8a20-4f7e-b8d7-cfec6e41182e,f7fb6e1f-31be-40ec-9e4e-d25622a1f275,31e9d14f-0193-4963-9903-b4b23f5d4ddd,2026-01-08 07:00:00.724980,spawn_object,101.1,asset_siren,36.39,92.18
3a7528e1-d310-405b-b9a5-2e31d573cc52,f7fb6e1f-31be-40ec-9e4e-d25622a1f275,31e9d14f-0193-4963-9903-b4b23f5d4ddd,2026-01-08 07:00:16.724980,spawn_object,102.7,asset_siren,96.11,93.96
542b48fe-1a32-4fa9-850c-52f3c22890a8,f7fb6e1f-31be-40ec-9e4e-d25622a1f275,31e9d14f-0193-4963-9903-b4b23f5d4ddd,2026-01-08 07:00:29.724980,spawn_object,79.9,asset_gun_01,98.35,39.63
9061a6d8-de64-49bf-9e97-3c9adbd85cb6,f7fb6e1f-31be-40ec-9e4e-d25622a1f275,31e9d14f-0193-4963-9903-b4b23f5d4ddd,2026-01-08 07:00:40.724980,spawn_object,88.5,asset_gun_01,16.31,18.19
1fcf2f66-31c7-4589-ae93-6abcd7e3694d,f7fb6e1f-31be-40ec-9e4e-d25622a1f275,31e9d14f-0193-4963-9903-b4b23f5d4ddd,2026-01-08 07:00:49.724980,touch,91.7,asset_siren,85.11,52.22
de0f22d4-3404-4f6c-b3cf-8a5fa89befcf,f7fb6e1f-31be-40ec-9e4e-d25622a1f275,31e9d14f-0193-4963-9903-b4b23f5d4ddd,2026-01-08 07:01:12.724980,touch,86.4,cube,88.31,87.04
ccc2929e-a1b2-4f9f-9277-6e98621e921f,f7fb6e1f-31be-40ec-9e4e-d25622a1f275,31e9d14f-0193-4963-9903-b4b23f5d4ddd,2026-01-08 07:01:27.724980,touch,83.4,asset_siren,45.31,16.61
06ff6511-f397-4d29-9c0a-6ab90053a2f4,f7fb6e1f-31be-40ec-9e4e-d25622a1f275,31e9d14f-0193-4963-9903-b4b23f5d4ddd,2026-01-08 07:01:53.724980,spawn_object,92.9,asset_gun_01,31.06,44.63
a051463d-3b12-4de3-ab3c-24092c286620,f7fb6e1f-31be-40ec-9e4e-d25622a1f275,31e9d14f-0193-4963-9903-b4b23f5d4ddd,2026-01-08 07:02:04.724980,spawn_object,100.2,asset_siren,75.54,40.42
04976a6a-1945-427a-b2d9-c62c2cb73d06,f7fb6e1f-31be-40ec-9e4e-d25622a1f275,31e9d14f-0193-4963-9903-b4b23f5d4ddd,2026-01-08 07:02:26.724980,touch,76.3,asset_siren,27.13,22.88
952b12cc-7436-4454-9173-e8ef272b41b5,f7fb6e1f-31be-40ec-9e4e-d25622a1f275,31e9d14f-0193-4963-9903-b4b23f5d4ddd,2026-01-08 07:02:48.724980,spawn_object,69.5,cube,32.27,76.61
3bda2c94-3e14-4ae6-80f0-84aab994bd31,f7fb6e1f-31be-40ec-9e4e-d25622a1f275,31e9d14f-0193-4963-9903-b4b23f5d4ddd,2026-01-08 07:03:08.724980,touch,92.8,asset_gun_01,41.58,18.26
7827c0d7-cfeb-4978-bc83-2f0718055c6a,f7fb6e1f-31be-40ec-9e4e-d25622a1f275,31e9d14f-0193-4963-9903-b4b23f5d4ddd,2026-01-08 07:03:26.724980,spawn_object,90.3,asset_siren,59.08,24.02
13c128d0-e6d4-4ce9-870a-5fca5062770c,f7fb6e1f-31be-40ec-9e4e-d25622a1f275,31e9d14f-0193-4963-9903-b4b23f5d4ddd,2026-01-08 07:03:52.724980,spawn_object,73.7,asset_siren,40.11,88.85
371becba-a989-411a-af80-c007621a12f5,25812e1d-8ccf-4b01-b3f3-36b02e57702d,ea6b3f75-19d2-4d3d-8474-533198191ab8,2026-01-08 02:25:32.724980,explore,40.9,paintbrush,17.13,18.09
3bf9e17a-7142-4b67-bdc1-c7c830b80ffc,25812e1d-8ccf-4b01-b3f3-36b02e57702d,ea6b3f75-19d2-4d3d-8474-533198191ab8,2026-01-08 02:25:46.724980,explore,41.3,flower,77.4,28.97
44e1c93b-20eb-41b0-91f9-06d8fe170c92,25812e1d-8ccf-4b01-b3f3-36b02e57702d,ea6b3f75-19d2-4d3d-8474-533198191ab8,2026-01-08 02:25:51.724980,wave,39.1,paintbrush,69.19,50.49
b530c973-4ab8-472e-84fb-7525a5250fd4,25812e1d-8ccf-4b01-b3f3-36b02e57702d,ea6b3f75-19d2-4d3d-8474-533198191ab8,2026-01-08 02:26:06.724980,spawn_object,43.8,paintbrush,10.95,38.91
603ee86d-ef7d-42af-8317-e6f9b28a38b1,25812e1d-8ccf-4b01-b3f3-36b02e57702d,ea6b3f75-19d2-4d3d-8474-533198191ab8,2026-01-08 02:26:29.724980,wave,38.7,flower,37.96,26.87
02bbc4c6-209e-4a39-9e3e-d53c4fbbe8fe,25812e1d-8ccf-4b01-b3f3-36b02e57702d,ea6b3f75-19d2-4d3d-8474-533198191ab8,2026-01-08 02:26:44.724980,wave,44.8,flower,31.67,52.5
d4892b67-1a73-46d6-8884-51183e200fdd,25812e1d-8ccf-4b01-b3f3-36b02e57702d,ea6b3f75-19d2-4d3d-8474-533198191ab8,2026-01-08 02:27:11.724980,explore,39.7,cube,8.8,21.6
3ce54be2-8f9f-4b5d-b7f7-3605ef65c3b6,25812e1d-8ccf-4b01-b3f3-36b02e57702d,ea6b3f75-19d2-4d3d-8474-533198191ab8,2026-01-08 02:27:37.724980,explore,36.2,flower,24.43,93.85
d0d57322-7458-497c-bc55-97c1ecf39269,25812e1d-8ccf-4b01-b3f3-36b02e57702d,ea6b3f75-19d2-4d3d-8474-533198191ab8,2026-01-08 02:27:54.724980,explore,47.7,flower,91.6,23.39
f4ecdb8a-7bab-40ef-b4ab-ce7def930fc4,25812e1d-8ccf-4b01-b3f3-36b02e57702d,ea6b3f75-19d2-4d3d-8474-533198191ab8,2026-01-08 02:28:17.724980,explore,50.1,flower,57.62,53.05
7faad9ea-9000-4774-bbfe-8d6c055c6426,25812e1d-8ccf-4b01-b3f3-36b02e57702d,ea6b3f75-19d2-4d3d-8474-533198191ab8,2026-01-08 02:28:38.724980,explore,40.9,paintbrush,62.64,97.26
3eb584dd-b3be-4425-8543-b3668982892a,25812e1d-8ccf-4b01-b3f3-36b02e57702d,ea6b3f75-19d2-4d3d-8474-533198191ab8,2026-01-08 02:29:07.724980,explore,45.6,cube,56.77,69.48
4c9f4801-fc93-4241-8545-7fe9d7a8ed6e,25812e1d-8ccf-4b01-b3f3-36b02e57702d,ea6b3f75-19d2-4d3d-8474-533198191ab8,2026-01-08 02:29:30.724980,explore,40.8,paintbrush,88.82,35.03
b105177d-42c4-4137-a700-d019945786f7,25812e1d-8ccf-4b01-b3f3-36b02e57702d,ea6b3f75-19d2-4d3d-8474-533198191ab8,2026-01-08 02:29:41.724980,wave,40.6,paintbrush,7.96,66.85
a013f36f-eadf-4033-8753-ee257207c494,25812e1d-8ccf-4b01-b3f3-36b02e57702d,ea6b3f75-19d2-4d3d-8474-533198191ab8,2026-01-08 02:29:50.724980,explore,33.4,flower,62.68,84.41
4307361c-8270-49c2-b54c-af06098e0c34,25812e1d-8ccf-4b01-b3f3-36b02e57702d,ea6b3f75-19d2-4d3d-8474-533198191ab8,2026-01-08 02:30:20.724980,explore,42.3,flower,87.82,59.26
c8d1dc96-7154-4798-b5bf-8092b113feab,25812e1d-8ccf-4b01-b3f3-36b02e57702d,ea6b3f75-19d2-4d3d-8474-533198191ab8,2026-01-08 02:30:44.724980,explore,40.9,cube,70.8,5.77
4a6e75dd-5bda-4f51-9771-509ffe6a0078,25812e1d-8ccf-4b01-b3f3-36b02e57702d,ea6b3f75-19d2-4d3d-8474-533198191ab8,2026-01-08 02:31:07.724980,explore,33.7,flower,47.54,93.98
008f105a-240a-438c-9e44-c551ec8082f1,25812e1d-8ccf-4b01-b3f3-36b02e57702d,ea6b3f75-19d2-4d3d-8474-533198191ab8,2026-01-08 02:31:35.724980,spawn_object,43.5,paintbrush,28.05,65.99
9626df97-72d6-47df-a1ab-e071c4de564b,25812e1d-8ccf-4b01-b3f3-36b02e57702d,ea6b3f75-19d2-4d3d-8474-533198191ab8,2026-01-08 02:31:49.724980,spawn_object,41.3,flower,82.83,79.42
63454dc4-caf9-4442-9d84-4d2ba3ae1f25,25812e1d-8ccf-4b01-b3f3-36b02e57702d,ea6b3f75-19d2-4d3d-8474-533198191ab8,2026-01-08 02:31:58.724980,explore,39.1,paintbrush,23.6,88.37
5a6e1682-0ba7-4e4d-9697-d858e4ce5f4d,25812e1d-8ccf-4b01-b3f3-36b02e57702d,ea6b3f75-19d2-4d3d-8474-533198191ab8,2026-01-08 02:32:11.724980,explore,41.4,paintbrush,32.78,36.53
b707bc2d-f842-4dfb-91f0-3b90a7cfdf8e,25812e1d-8ccf-4b01-b3f3-36b02e57702d,ea6b3f75-19d2-4d3d-8474-533198191ab8,2026-01-08 02:32:31.724980,explore,42.1,flower,73.28,98.5
46f4edc7-21ef-4358-94e0-988203c6e6ee,25812e1d-8ccf-4b01-b3f3-36b02e57702d,ea6b3f75-19d2-4d3d-8474-533198191ab8,2026-01-08 02:32:59.724980,explore,39.3,flower,52.21,98.06
3018cf79-1175-4035-937d-e0a8ad869be8,25812e1d-8ccf-4b01-b3f3-36b02e57702d,ea6b3f75-19d2-4d3d-8474-533198191ab8,2026-01-08 02:33:18.724980,wave,41.2,cube,11.59,13.32
e852475c-d4c9-47b9-9d7a-2dd983ce4bc7,25812e1d-8ccf-4b01-b3f3-36b02e57702d,ea6b3f75-19d2-4d3d-8474-533198191ab8,2026-01-08 02:33:36.724980,explore,38.9,paintbrush,38.2,50.64
b5d5e669-a598-4255-b197-54bb6e6b935e,25812e1d-8ccf-4b01-b3f3-36b02e57702d,ea6b3f75-19d2-4d3d-8474-533198191ab8,2026-01-08 02:33:42.724980,explore,39.4,paintbrush,92.49,91.43
5e53c03a-efa1-4580-9b68-61d883aa6616,25812e1d-8ccf-4b01-b3f3-36b02e57702d,ea6b3f75-19d2-4d3d-8474-533198191ab8,2026-01-08 02:34:10.724980,explore,37.0,cube,32.46,6.88
6ad997e8-eb0d-4d21-b657-0b5c0d4aa620,25812e1d-8ccf-4b01-b3f3-36b02e57702d,ea6b3f75-19d2-4d3d-8474-533198191ab8,2026-01-08 02:34:32.724980,wave,37.4,cube,25.31,25.33
247ade49-7480-4a89-9972-c37ea2314b85,25812e1d-8ccf-4b01-b3f3-36b02e57702d,ea6b3f75-19d2-4d3d-8474-533198191ab8,2026-01-08 02:34:41.724980,wave,40.1,cube,28.07,7.71
58feaf65-24a5-417f-80f3-4bbd097750ba,25812e1d-8ccf-4b01-b3f3-36b02e57702d,ea6b3f75-19d2-4d3d-8474-533198191ab8,2026-01-08 02:35:01.724980,spawn_object,37.3,flower,65.55,60.96
de849706-22ba-4aa8-803c-405cb5679839,25812e1d-8ccf-4b01-b3f3-36b02e57702d,ea6b3f75-19d2-4d3d-8474-533198191ab8,2026-01-08 02:35:27.724980,explore,44.0,flower,70.44,40.53
36b918c2-df0a-47a8-983e-1f58075e313e,25812e1d-8ccf-4b01-b3f3-36b02e57702d,ea6b3f75-19d2-4d3d-8474-533198191ab8,2026-01-08 02:35:45.724980,explore,41.3,flower,68.67,72.76
9a92ec79-4333-48d4-af1f-f87232e69485,25812e1d-8ccf-4b01-b3f3-36b02e57702d,ea6b3f75-19d2-4d3d-8474-533198191ab8,2026-01-08 02:35:56.724980,explore,39.0,paintbrush,20.47,30.03
fc03d813-b7ab-4863-af8d-080557d8beea,25812e1d-8ccf-4b01-b3f3-36b02e57702d,ea6b3f75-19d2-4d3d-8474-533198191ab8,2026-01-08 02:36:12.724980,wave,40.1,cube,58.98,30.75
9aa5d5cf-adc3-45a6-9acc-00094a5a9072,25812e1d-8ccf-4b01-b3f3-36b02e57702d,ea6b3f75-19d2-4d3d-8474-533198191ab8,2026-01-08 02:36:30.724980,wave,50.0,paintbrush,64.38,8.89
1e8003ac-28a7-411d-8fe6-0143130f8e0c,25812e1d-8ccf-4b01-b3f3-36b02e57702d,ea6b3f75-19d2-4d3d-8474-533198191ab8,2026-01-08 02:36:58.724980,explore,45.0,flower,10.83,89.16
8e84780d-9cbb-465f-b1a9-1b15bc766ea9,056b16c2-4a36-477c-b71e-dc49bcb76e77,27372c2a-94c9-4171-8274-adf4e5eb8415,2026-01-07 17:11:29.724980,spawn_object,38.3,flower,16.4,31.17
9a18604c-57da-462d-8b69-7c99ee8eb2ea,056b16c2-4a36-477c-b71e-dc49bcb76e77,27372c2a-94c9-4171-8274-adf4e5eb8415,2026-01-07 17:11:45.724980,explore,37.3,cube,65.66,14.82
c2e10720-781a-40d8-a74a-b2fe4bb12be7,056b16c2-4a36-477c-b71e-dc49bcb76e77,27372c2a-94c9-4171-8274-adf4e5eb8415,2026-01-07 17:12:14.724980,wave,34.1,flower,43.01,69.8
09f6c1ec-8fb5-4a25-add5-c2cfd269da18,056b16c2-4a36-477c-b71e-dc49bcb76e77,27372c2a-94c9-4171-8274-adf4e5eb8415,2026-01-07 17:12:32.724980,wave,40.1,paintbrush,20.85,7.51
00c4b7cb-03e1-457d-959f-bea48861b2f6,056b16c2-4a36-477c-b71e-dc49bcb76e77,27372c2a-94c9-4171-8274-adf4e5eb8415,2026-01-07 17:13:01.724980,spawn_object,38.8,flower,54.62,10.09
d2930f4c-8309-49a9-bf62-c48f00acd495,056b16c2-4a36-477c-b71e-dc49bcb76e77,27372c2a-94c9-4171-8274-adf4e5eb8415,2026-01-07 17:13:24.724980,explore,31.9,flower,16.97,41.92
4ca47454-f0db-42b6-8119-d7941ff57a53,056b16c2-4a36-477c-b71e-dc49bcb76e77,27372c2a-94c9-4171-8274-adf4e5eb8415,2026-01-07 17:13:30.724980,explore,44.6,flower,45.06,31.15
e98b698c-547d-456c-92a2-7a93559f1804,056b16c2-4a36-477c-b71e-dc49bcb76e77,27372c2a-94c9-4171-8274-adf4e5eb8415,2026-01-07 17:13:42.724980,explore,38.7,flower,71.82,90.03
29c13270-7742-4cd0-ac65-f5edbd15a378,056b16c2-4a36-477c-b71e-dc49bcb76e77,27372c2a-94c9-4171-8274-adf4e5eb8415,2026-01-07 17:14:01.724980,wave,38.2,flower,57.72,40.29
3abb4011-4bc4-476b-b16f-e4362d3b9f7e,056b16c2-4a36-477c-b71e-dc49bcb76e77,27372c2a-94c9-4171-8274-adf4e5eb8415,2026-01-07 17:14:13.724980,spawn_object,36.3,flower,35.4,84.26
84c05f05-23cd-4cfd-bb58-dc4f3aa4a93e,056b16c2-4a36-477c-b71e-dc49bcb76e77,27372c2a-94c9-4171-8274-adf4e5eb8415,2026-01-07 17:14:37.724980,explore,29.6,flower,62.38,26.22
7cf11cb3-0b64-4b98-9487-9b2814538ef3,056b16c2-4a36-477c-b71e-dc49bcb76e77,27372c2a-94c9-4171-8274-adf4e5eb8415,2026-01-07 17:14:56.724980,explore,34.4,flower,44.08,86.26
da3e6ed8-f9c2-467f-89ba-b4966cc5c31e,056b16c2-4a36-477c-b71e-dc49bcb76e77,27372c2a-94c9-4171-8274-adf4e5eb8415,2026-01-07 17:15:07.724980,explore,40.2,flower,37.42,14.44
200434ff-1257-4ca4-9a53-7939829e1127,056b16c2-4a36-477c-b71e-dc49bcb76e77,27372c2a-94c9-4171-8274-adf4e5eb8415,2026-01-07 17:15:22.724980,explore,42.3,flower,83.57,39.65
879e78bb-c035-4abf-90ed-06a2ba3a2bc2,056b16c2-4a36-477c-b71e-dc49bcb76e77,27372c2a-94c9-4171-8274-adf4e5eb8415,2026-01-07 17:15:27.724980,explore,31.6,cube,1.03,29.44
cd236d34-a705-4f4a-b7d3-df44e452a10d,056b16c2-4a36-477c-b71e-dc49bcb76e77,27372c2a-94c9-4171-8274-adf4e5eb8415,2026-01-07 17:15:35.724980,wave,44.0,paintbrush,50.58,99.84
fb2b919a-a416-46c1-ad9c-c9646c39a0f4,056b16c2-4a36-477c-b71e-dc49bcb76e77,27372c2a-94c9-4171-8274-adf4e5eb8415,2026-01-07 17:15:57.724980,explore,35.7,paintbrush,18.76,67.42
6202e605-ea4f-4e05-b01e-0b4a8d407c80,056b16c2-4a36-477c-b71e-dc49bcb76e77,27372c2a-94c9-4171-8274-adf4e5eb8415,2026-01-07 17:16:14.724980,wave,36.6,flower,0.2,63.3
8a0529c8-06de-44a5-957c-70098397b615,056b16c2-4a36-477c-b71e-dc49bcb76e77,27372c2a-94c9-4171-8274-adf4e5eb8415,2026-01-07 17:16:44.724980,spawn_object,37.3,cube,19.7,81.85
acdd4e4b-98b8-4e62-b94f-6e9a28c236a8,056b16c2-4a36-477c-b71e-dc49bcb76e77,27372c2a-94c9-4171-8274-adf4e5eb8415,2026-01-07 17:17:11.724980,spawn_object,36.2,flower,29.55,99.6
47a9abcb-ebb4-4861-b063-12789c2dd516,f7a348c8-f571-4ff9-b099-28728a6a69c4,03e190d8-c478-45a0-ba21-f79607f186e8,2026-01-08 01:48:21.724980,explore,47.2,flower,61.18,74.33
8bb82726-cd84-419e-844e-52ab8a91fdf9,f7a348c8-f571-4ff9-b099-28728a6a69c4,03e190d8-c478-45a0-ba21-f79607f186e8,2026-01-08 01:48:28.724980,explore,36.1,cube,60.0,62.83
456b0a84-0861-4d74-8dd8-ed74d3a139dd,f7a348c8-f571-4ff9-b099-28728a6a69c4,03e190d8-c478-45a0-ba21-f79607f186e8,2026-01-08 01:48:47.724980,explore,39.6,cube,33.15,42.1
df92c29b-1fac-4574-b62a-e71f0cad9d72,f7a348c8-f571-4ff9-b099-28728a6a69c4,03e190d8-c478-45a0-ba21-f79607f186e8,2026-01-08 01:48:52.724980,explore,43.4,flower,70.35,24.05
ccea4013-a411-4520-a2e3-832edafb1962,f7a348c8-f571-4ff9-b099-28728a6a69c4,03e190d8-c478-45a0-ba21-f79607f186e8,2026-01-08 01:49:13.724980,wave,37.2,cube,94.23,29.8
02586229-141c-490f-8eb5-ee22c96b4f5a,f7a348c8-f571-4ff9-b099-28728a6a69c4,03e190d8-c478-45a0-ba21-f79607f186e8,2026-01-08 01:49:43.724980,wave,41.7,paintbrush,24.27,0.81
d40e33e0-68ce-41bb-ac8a-36f02937891d,f7a348c8-f571-4ff9-b099-28728a6a69c4,03e190d8-c478-45a0-ba21-f79607f186e8,2026-01-08 01:49:53.724980,wave,41.1,flower,83.9,41.01
2579a0e0-b2d5-408f-bd83-2a9e37bee3c4,f7a348c8-f571-4ff9-b099-28728a6a69c4,03e190d8-c478-45a0-ba21-f79607f186e8,2026-01-08 01:50:05.724980,wave,38.3,cube,91.3,88.14
5e3f8bcd-e053-4926-86a9-213ddf379ff0,f7a348c8-f571-4ff9-b099-28728a6a69c4,03e190d8-c478-45a0-ba21-f79607f186e8,2026-01-08 01:50:15.724980,wave,33.6,cube,5.97,76.79
2b4342c6-85d0-4c8d-8727-6a5ffc4dfc55,f7a348c8-f571-4ff9-b099-28728a6a69c4,03e190d8-c478-45a0-ba21-f79607f186e8,2026-01-08 01:50:22.724980,wave,32.6,cube,20.17,7.26
fdc74e62-f83a-46a5-90b7-59ab7c962006,f7a348c8-f571-4ff9-b099-28728a6a69c4,03e190d8-c478-45a0-ba21-f79607f186e8,2026-01-08 01:50:29.724980,explore,42.0,flower,95.63,51.65
0ab562cc-9822-4fc4-bebc-409c6eb4f757,f7a348c8-f571-4ff9-b099-28728a6a69c4,03e190d8-c478-45a0-ba21-f79607f186e8,2026-01-08 01:50:44.724980,explore,41.3,cube,63.98,39.63
36c6b614-d496-4668-b925-20373ab5671d,f7a348c8-f571-4ff9-b099-28728a6a69c4,03e190d8-c478-45a0-ba21-f79607f186e8,2026-01-08 01:50:59.724980,wave,43.1,paintbrush,28.45,55.45
d6203d4a-9b89-4578-ade1-fe8211918432,f7a348c8-f571-4ff9-b099-28728a6a69c4,03e190d8-c478-45a0-ba21-f79607f186e8,2026-01-08 01:51:12.724980,wave,47.1,flower,1.67,40.66
716b9d00-78f2-4219-a4b4-e7432bd4b3d9,f7a348c8-f571-4ff9-b099-28728a6a69c4,03e190d8-c478-45a0-ba21-f79607f186e8,2026-01-08 01:51:41.724980,explore,45.2,flower,66.09,30.76
6bc8ea3b-44f7-4307-9f67-5b4d2d6f3b85,f7a348c8-f571-4ff9-b099-28728a6a69c4,03e190d8-c478-45a0-ba21-f79607f186e8,2026-01-08 01:52:05.724980,wave,41.1,paintbrush,55.12,2.09
90d18bc7-6e5a-45e1-9439-9c7f3ea82490,fd58d7ed-600e-4986-ba12-3611f98b12ab,a8cdc509-1038-4a26-9205-0ab5dc559586,2026-01-07 21:50:25.724980,explore,46.9,cube,96.42,25.03
aa004fe3-b5ac-42ea-92f5-42883f321989,fd58d7ed-600e-4986-ba12-3611f98b12ab,a8cdc509-1038-4a26-9205-0ab5dc559586,2026-01-07 21:50:51.724980,explore,33.7,paintbrush,5.93,23.97
4521565c-9b33-4672-8da2-7d450d5d53e6,fd58d7ed-600e-4986-ba12-3611f98b12ab,a8cdc509-1038-4a26-9205-0ab5dc559586,2026-01-07 21:51:05.724980,wave,36.2,flower,97.85,11.41
59297f0a-ecf2-4348-b317-85d376cc6996,fd58d7ed-600e-4986-ba12-3611f98b12ab,a8cdc509-1038-4a26-9205-0ab5dc559586,2026-01-07 21:51:11.724980,explore,35.8,flower,13.04,1.73
fba3f35a-266b-4055-bbb4-de7d99a49987,fd58d7ed-600e-4986-ba12-3611f98b12ab,a8cdc509-1038-4a26-9205-0ab5dc559586,2026-01-07 21:51:22.724980,explore,31.6,flower,52.97,12.5
fba14468-3154-4abb-8782-f9fc03d747cc,fd58d7ed-600e-4986-ba12-3611f98b12ab,a8cdc509-1038-4a26-9205-0ab5dc559586,2026-01-07 21:51:46.724980,explore,48.3,cube,41.5,21.74
94989b90-cb5e-44e8-a057-c29b91323561,fd58d7ed-600e-4986-ba12-3611f98b12ab,a8cdc509-1038-4a26-9205-0ab5dc559586,2026-01-07 21:52:11.724980,wave,37.1,flower,33.56,24.62
c274e46a-03e9-4be2-8127-68eb3133701b,fd58d7ed-600e-4986-ba12-3611f98b12ab,a8cdc509-1038-4a26-9205-0ab5dc559586,2026-01-07 21:52:31.724980,wave,34.1,cube,46.66,28.87
5868d47a-740d-4451-a01b-50b48f4c1521,fd58d7ed-600e-4986-ba12-3611f98b12ab,a8cdc509-1038-4a26-9205-0ab5dc559586,2026-01-07 21:52:57.724980,wave,38.9,cube,56.09,93.06
2f319e90-6d9b-4549-b0f4-aafd216eab28,fd58d7ed-600e-4986-ba12-3611f98b12ab,a8cdc509-1038-4a26-9205-0ab5dc559586,2026-01-07 21:53:16.724980,explore,42.7,flower,56.83,45.5
08ed0e09-6c9c-4d73-b8a7-c6363e031912,fd58d7ed-600e-4986-ba12-3611f98b12ab,a8cdc509-1038-4a26-9205-0ab5dc559586,2026-01-07 21:53:23.724980,explore,30.3,flower,55.38,83.45
5ba99ac4-5f93-49e4-833f-40832bf02249,fd58d7ed-600e-4986-ba12-3611f98b12ab,a8cdc509-1038-4a26-9205-0ab5dc559586,2026-01-07 21:53:52.724980,wave,34.0,paintbrush,71.65,65.96
3bbc7818-6a61-458a-a62f-0ae5948a63a3,fd58d7ed-600e-4986-ba12-3611f98b12ab,a8cdc509-1038-4a26-9205-0ab5dc559586,2026-01-07 21:53:58.724980,explore,40.1,paintbrush,38.7,32.44
045a78e1-d647-44ac-85d3-8fc0bc6dfc18,fd58d7ed-600e-4986-ba12-3611f98b12ab,a8cdc509-1038-4a26-9205-0ab5dc559586,2026-01-07 21:54:12.724980,explore,42.2,flower,79.7,46.89
d8553cc6-0910-4950-859c-5292dfb402b1,fd58d7ed-600e-4986-ba12-3611f98b12ab,a8cdc509-1038-4a26-9205-0ab5dc559586,2026-01-07 21:54:38.724980,explore,37.4,paintbrush,14.74,95.14
ee45b1dc-7b91-44a4-a760-e4177094d1d9,546a5c55-2b4f-4450-ad36-277e71bfcac6,6a69503c-3c7c-4658-8a23-3610897a1b77,2026-01-07 18:05:15.724980,explore,33.6,flower,26.51,67.66
e94beb15-dff2-4bf2-b31b-77dfc2d6ebe0,546a5c55-2b4f-4450-ad36-277e71bfcac6,6a69503c-3c7c-4658-8a23-3610897a1b77,2026-01-07 18:05:43.724980,explore,56.8,cube,31.99,58.56
bdafcbdc-c504-4ac2-8a74-3694eacb8a11,546a5c55-2b4f-4450-ad36-277e71bfcac6,6a69503c-3c7c-4658-8a23-3610897a1b77,2026-01-07 18:06:12.724980,wave,30.2,cube,28.67,59.22
0381799f-f76b-4fa2-a633-ea4940a51709,546a5c55-2b4f-4450-ad36-277e71bfcac6,6a69503c-3c7c-4658-8a23-3610897a1b77,2026-01-07 18:06:35.724980,wave,39.9,paintbrush,52.47,58.04
8cc0449a-877a-435e-ad07-974b0596ea23,546a5c55-2b4f-4450-ad36-277e71bfcac6,6a69503c-3c7c-4658-8a23-3610897a1b77,2026-01-07 18:06:44.724980,wave,37.3,paintbrush,68.84,81.45
48dc75ce-ae22-41ba-ad49-e719df5f81c2,546a5c55-2b4f-4450-ad36-277e71bfcac6,6a69503c-3c7c-4658-8a23-3610897a1b77,2026-01-07 18:07:05.724980,explore,45.5,paintbrush,33.12,41.83
1cfe81d5-6a8a-44e2-80ac-2cc81919de9a,546a5c55-2b4f-4450-ad36-277e71bfcac6,6a69503c-3c7c-4658-8a23-3610897a1b77,2026-01-07 18:07:14.724980,explore,32.2,flower,32.23,29.57
ee515f26-47f2-4aaa-84ce-6a282180e359,546a5c55-2b4f-4450-ad36-277e71bfcac6,6a69503c-3c7c-4658-8a23-3610897a1b77,2026-01-07 18:07:44.724980,explore,45.8,cube,83.96,15.23
ce0fd62d-2fa4-450c-96ef-90efb5c98c75,546a5c55-2b4f-4450-ad36-277e71bfcac6,6a69503c-3c7c-4658-8a23-3610897a1b77,2026-01-07 18:08:01.724980,explore,29.8,paintbrush,48.16,58.17
0314990f-cc01-4e02-bfe2-421bdee53635,546a5c55-2b4f-4450-ad36-277e71bfcac6,6a69503c-3c7c-4658-8a23-3610897a1b77,2026-01-07 18:08:19.724980,wave,36.7,cube,94.39,73.95
1ae2eb9d-a5a6-4dfd-bc0a-a6c40d72a926,546a5c55-2b4f-4450-ad36-277e71bfcac6,6a69503c-3c7c-4658-8a23-3610897a1b77,2026-01-07 18:08:44.724980,explore,42.9,cube,97.11,47.82
face77b4-dc6b-4b14-bdaa-bc6abd0ae635,546a5c55-2b4f-4450-ad36-277e71bfcac6,6a69503c-3c7c-4658-8a23-3610897a1b77,2026-01-07 18:09:04.724980,spawn_object,41.0,cube,7.21,44.36
a0cbb1b7-ada1-4c65-a3fd-d40dc142de89,546a5c55-2b4f-4450-ad36-277e71bfcac6,6a69503c-3c7c-4658-8a23-3610897a1b77,2026-01-07 18:09:12.724980,wave,31.0,flower,0.69,12.86
633ecf62-29d6-4153-bda1-64d0d28addb6,546a5c55-2b4f-4450-ad36-277e71bfcac6,6a69503c-3c7c-4658-8a23-3610897a1b77,2026-01-07 18:09:38.724980,explore,43.1,cube,76.15,95.87
1b884581-1a79-492c-9a14-d3f3386b5712,546a5c55-2b4f-4450-ad36-277e71bfcac6,6a69503c-3c7c-4658-8a23-3610897a1b77,2026-01-07 18:10:05.724980,wave,34.6,paintbrush,75.7,81.75
69c644ba-2fcf-4c7b-a87e-db3e66fb8cdd,546a5c55-2b4f-4450-ad36-277e71bfcac6,6a69503c-3c7c-4658-8a23-3610897a1b77,2026-01-07 18:10:15.724980,explore,42.0,cube,50.87,33.18
2ce38a6d-9e02-4362-abb5-e0067237f539,546a5c55-2b4f-4450-ad36-277e71bfcac6,6a69503c-3c7c-4658-8a23-3610897a1b77,2026-01-07 18:10:20.724980,explore,45.0,paintbrush,36.53,27.19
7dddfe88-dbdc-4ddd-b57c-6292a21769e9,546a5c55-2b4f-4450-ad36-277e71bfcac6,6a69503c-3c7c-4658-8a23-3610897a1b77,2026-01-07 18:10:25.724980,explore,41.4,flower,47.09,63.62
1fc8e977-a7b3-4187-9354-564873428038,546a5c55-2b4f-4450-ad36-277e71bfcac6,6a69503c-3c7c-4658-8a23-3610897a1b77,2026-01-07 18:10:32.724980,explore,38.4,cube,43.94,93.82
4ff92950-155a-4ada-9d3a-18dbb842fd7f,546a5c55-2b4f-4450-ad36-277e71bfcac6,6a69503c-3c7c-4658-8a23-3610897a1b77,2026-01-07 18:10:59.724980,wave,37.1,flower,19.73,72.37
933ad17d-59f4-4e5c-b438-58f4d6a36c58,546a5c55-2b4f-4450-ad36-277e71bfcac6,6a69503c-3c7c-4658-8a23-3610897a1b77,2026-01-07 18:11:29.724980,wave,46.2,cube,11.24,34.61
768e044a-4897-43e8-8422-04b63c4331b4,546a5c55-2b4f-4450-ad36-277e71bfcac6,6a69503c-3c7c-4658-8a23-3610897a1b77,2026-01-07 18:11:47.724980,wave,39.1,cube,97.79,43.13
622d7d03-71bd-4978-a3f2-3edd8b185995,546a5c55-2b4f-4450-ad36-277e71bfcac6,6a69503c-3c7c-4658-8a23-3610897a1b77,2026-01-07 18:12:11.724980,wave,39.1,paintbrush,60.18,48.16
570780d4-c33b-4e15-ab9f-23e1477a1b0f,546a5c55-2b4f-4450-ad36-277e71bfcac6,6a69503c-3c7c-4658-8a23-3610897a1b77,2026-01-07 18:12:28.724980,explore,38.1,cube,47.41,88.02
ab2b946f-4dea-43f4-89be-db546bda6025,546a5c55-2b4f-4450-ad36-277e71bfcac6,6a69503c-3c7c-4658-8a23-3610897a1b77,2026-01-07 18:12:56.724980,wave,33.8,flower,79.92,19.48
384adf70-c8ba-49c6-844a-bf970ad0e426,546a5c55-2b4f-4450-ad36-277e71bfcac6,6a69503c-3c7c-4658-8a23-3610897a1b77,2026-01-07 18:13:22.724980,wave,32.2,cube,79.28,8.28
02f7210d-1b42-4772-b082-94465e9facf6,546a5c55-2b4f-4450-ad36-277e71bfcac6,6a69503c-3c7c-4658-8a23-3610897a1b77,2026-01-07 18:13:32.724980,wave,42.7,paintbrush,33.03,69.18
51c87673-b119-40f0-86ca-ea205310332a,546a5c55-2b4f-4450-ad36-277e71bfcac6,6a69503c-3c7c-4658-8a23-3610897a1b77,2026-01-07 18:13:59.724980,wave,45.9,paintbrush,56.9,29.87
3f410e8f-c597-4a95-9791-c904aa0147f5,546a5c55-2b4f-4450-ad36-277e71bfcac6,6a69503c-3c7c-4658-8a23-3610897a1b77,2026-01-07 18:14:27.724980,explore,50.5,cube,47.84,99.17
278ae9be-571d-4334-b3cb-9887b6080af2,546a5c55-2b4f-4450-ad36-277e71bfcac6,6a69503c-3c7c-4658-8a23-3610897a1b77,2026-01-07 18:14:40.724980,explore,43.4,cube,88.37,18.61
f3b49504-2163-43a2-8a9c-ac3c9fd99aa5,546a5c55-2b4f-4450-ad36-277e71bfcac6,6a69503c-3c7c-4658-8a23-3610897a1b77,2026-01-07 18:15:05.724980,wave,37.2,flower,91.88,36.42
f92f43da-d2f8-4758-9fb4-346b879aa01b,153cdba5-46da-4a32-966c-5b1b7eeaf23d,8f945a16-9972-4055-87cb-b91051b3b80b,2026-01-07 17:41:34.724980,explore,39.9,paintbrush,45.95,69.48
a63862e2-4dd3-47ed-9aed-ff0b25c74873,153cdba5-46da-4a32-966c-5b1b7eeaf23d,8f945a16-9972-4055-87cb-b91051b3b80b,2026-01-07 17:41:44.724980,spawn_object,40.0,paintbrush,30.82,9.38
741c9621-e3d5-4ecc-9b81-9bab705200de,153cdba5-46da-4a32-966c-5b1b7eeaf23d,8f945a16-9972-4055-87cb-b91051b3b80b,2026-01-07 17:42:06.724980,explore,37.6,cube,30.16,23.67
7e6b732e-6606-4566-986b-f701848d931d,153cdba5-46da-4a32-966c-5b1b7eeaf23d,8f945a16-9972-4055-87cb-b91051b3b80b,2026-01-07 17:42:16.724980,explore,32.4,flower,42.38,7.62
420f6263-adfa-471c-b414-eb06365480ea,153cdba5-46da-4a32-966c-5b1b7eeaf23d,8f945a16-9972-4055-87cb-b91051b3b80b,2026-01-07 17:42:25.724980,explore,39.6,flower,79.93,96.65
7869fa4f-2a7b-4a10-9672-1696af29672b,153cdba5-46da-4a32-966c-5b1b7eeaf23d,8f945a16-9972-4055-87cb-b91051b3b80b,2026-01-07 17:42:37.724980,explore,42.5,flower,82.82,38.95
96d1ed94-b381-4e3f-8f1a-ee9f74089bf8,153cdba5-46da-4a32-966c-5b1b7eeaf23d,8f945a16-9972-4055-87cb-b91051b3b80b,2026-01-07 17:42:44.724980,explore,47.3,flower,34.88,75.03
c204418b-2564-49f0-8390-89aed5b4330b,153cdba5-46da-4a32-966c-5b1b7eeaf23d,8f945a16-9972-4055-87cb-b91051b3b80b,2026-01-07 17:43:13.724980,explore,39.1,paintbrush,73.81,43.11
bcfae2b5-0469-472c-a2f8-157bd13df169,153cdba5-46da-4a32-966c-5b1b7eeaf23d,8f945a16-9972-4055-87cb-b91051b3b80b,2026-01-07 17:43:25.724980,spawn_object,44.6,cube,44.28,51.88
20e0929b-7940-4ea6-aa62-16993b6fa2ce,153cdba5-46da-4a32-966c-5b1b7eeaf23d,8f945a16-9972-4055-87cb-b91051b3b80b,2026-01-07 17:43:55.724980,wave,28.4,flower,55.33,0.73
36913e74-1704-49d5-a293-f98acd65a4f3,153cdba5-46da-4a32-966c-5b1b7eeaf23d,8f945a16-9972-4055-87cb-b91051b3b80b,2026-01-07 17:44:09.724980,wave,33.1,cube,4.27,29.24
ac880c71-1494-49f0-a3ac-d7a2af62eeba,153cdba5-46da-4a32-966c-5b1b7eeaf23d,8f945a16-9972-4055-87cb-b91051b3b80b,2026-01-07 17:44:14.724980,explore,30.3,paintbrush,71.67,14.03
42ad9589-4904-4280-9fb0-cbc5e9eea45c,153cdba5-46da-4a32-966c-5b1b7eeaf23d,8f945a16-9972-4055-87cb-b91051b3b80b,2026-01-07 17:44:23.724980,explore,45.9,flower,58.47,70.07
9c65bd94-76b0-4969-bcc8-b8d2b1f4a5bc,153cdba5-46da-4a32-966c-5b1b7eeaf23d,8f945a16-9972-4055-87cb-b91051b3b80b,2026-01-07 17:44:42.724980,wave,39.5,paintbrush,5.68,22.73
a340b0e4-838b-40d7-b36b-2df76979022b,263e4dbe-7ed1-4652-8ea9-04217671de1a,2843ce3b-caa4-4c5c-8cc5-b3126900dc77,2026-01-08 05:26:13.724980,explore,39.6,flower,10.49,82.53
a3fb3b6d-4b28-41b6-a77d-6ad3146dc9ef,263e4dbe-7ed1-4652-8ea9-04217671de1a,2843ce3b-caa4-4c5c-8cc5-b3126900dc77,2026-01-08 05:26:40.724980,spawn_object,42.5,paintbrush,34.73,86.23
760316df-2f0c-45ea-a0c0-a69a67e68d27,263e4dbe-7ed1-4652-8ea9-04217671de1a,2843ce3b-caa4-4c5c-8cc5-b3126900dc77,2026-01-08 05:26:55.724980,wave,39.0,cube,64.31,31.84
12a25085-98a3-448b-9610-519a474542ce,263e4dbe-7ed1-4652-8ea9-04217671de1a,2843ce3b-caa4-4c5c-8cc5-b3126900dc77,2026-01-08 05:27:10.724980,explore,31.5,flower,73.8,12.42
9d6fe9a6-6b3a-49bf-9749-5f2bbe7660ac,263e4dbe-7ed1-4652-8ea9-04217671de1a,2843ce3b-caa4-4c5c-8cc5-b3126900dc77,2026-01-08 05:27:19.724980,explore,42.5,flower,7.47,41.79
5230f47b-1bd7-41c2-81da-fb0074bdb537,263e4dbe-7ed1-4652-8ea9-04217671de1a,2843ce3b-caa4-4c5c-8cc5-b3126900dc77,2026-01-08 05:27:28.724980,explore,34.9,paintbrush,23.13,6.65
c438e362-d30f-4c20-a32f-898462efe989,263e4dbe-7ed1-4652-8ea9-04217671de1a,2843ce3b-caa4-4c5c-8cc5-b3126900dc77,2026-01-08 05:27:51.724980,wave,37.9,flower,32.89,66.72
64f2eb11-1cd5-483a-adc5-8aa16502c5fa,263e4dbe-7ed1-4652-8ea9-04217671de1a,2843ce3b-caa4-4c5c-8cc5-b3126900dc77,2026-01-08 05:28:01.724980,explore,41.8,cube,77.68,11.89
849c3295-d290-46cb-8415-be3203183e7d,263e4dbe-7ed1-4652-8ea9-04217671de1a,2843ce3b-caa4-4c5c-8cc5-b3126900dc77,2026-01-08 05:28:18.724980,explore,39.5,flower,97.82,46.78
613daa83-5d0a-4c5d-a2d9-dff03d13d80a,263e4dbe-7ed1-4652-8ea9-04217671de1a,2843ce3b-caa4-4c5c-8cc5-b3126900dc77,2026-01-08 05:28:29.724980,wave,41.4,flower,39.25,90.68
e3d02cdc-0e16-4ec8-bb84-db922aaafed2,263e4dbe-7ed1-4652-8ea9-04217671de1a,2843ce3b-caa4-4c5c-8cc5-b3126900dc77,2026-01-08 05:28:59.724980,explore,37.8,cube,17.77,67.96
8c71801b-0105-4545-896c-4c81b36b86a9,263e4dbe-7ed1-4652-8ea9-04217671de1a,2843ce3b-caa4-4c5c-8cc5-b3126900dc77,2026-01-08 05:29:25.724980,explore,40.0,cube,80.7,74.42
b27b513f-82b7-4b33-876f-bfe48598c9a6,263e4dbe-7ed1-4652-8ea9-04217671de1a,2843ce3b-caa4-4c5c-8cc5-b3126900dc77,2026-01-08 05:29:33.724980,explore,44.4,paintbrush,97.78,10.21
4c13232c-c121-4ce9-81d9-b2eae6024677,263e4dbe-7ed1-4652-8ea9-04217671de1a,2843ce3b-caa4-4c5c-8cc5-b3126900dc77,2026-01-08 05:29:55.724980,spawn_object,44.5,cube,60.03,12.97
134712ec-d4f3-482b-b3db-2eeca8bb18a2,263e4dbe-7ed1-4652-8ea9-04217671de1a,2843ce3b-caa4-4c5c-8cc5-b3126900dc77,2026-01-08 05:30:12.724980,explore,42.3,paintbrush,96.41,82.34
de99ddd8-193e-47d9-80d2-814ca6a15529,263e4dbe-7ed1-4652-8ea9-04217671de1a,2843ce3b-caa4-4c5c-8cc5-b3126900dc77,2026-01-08 05:30:40.724980,wave,38.2,flower,0.64,50.28
b01b0ed1-7be4-4d8c-98a1-cf460a5389ad,263e4dbe-7ed1-4652-8ea9-04217671de1a,2843ce3b-caa4-4c5c-8cc5-b3126900dc77,2026-01-08 05:30:51.724980,wave,31.3,flower,20.54,6.07
159ff1a4-e426-4baf-8924-1f5cbb13e7a1,263e4dbe-7ed1-4652-8ea9-04217671de1a,2843ce3b-caa4-4c5c-8cc5-b3126900dc77,2026-01-08 05:31:01.724980,wave,46.3,paintbrush,65.42,76.79
20f93111-9e1a-4129-9cfd-dfd206e5b7c6,263e4dbe-7ed1-4652-8ea9-04217671de1a,2843ce3b-caa4-4c5c-8cc5-b3126900dc77,2026-01-08 05:31:24.724980,explore,31.6,cube,69.9,7.69
bea640a1-b1e8-4a95-956d-400f15663f8b,263e4dbe-7ed1-4652-8ea9-04217671de1a,2843ce3b-caa4-4c5c-8cc5-b3126900dc77,2026-01-08 05:31:48.724980,spawn_object,34.5,flower,91.58,12.21
184eb8d6-1a25-4c04-aaa5-a397ae72776b,263e4dbe-7ed1-4652-8ea9-04217671de1a,2843ce3b-caa4-4c5c-8cc5-b3126900dc77,2026-01-08 05:32:08.724980,explore,39.4,flower,50.1,61.83
0c98f5d4-edf8-4a40-9400-5b2773896e37,263e4dbe-7ed1-4652-8ea9-04217671de1a,2843ce3b-caa4-4c5c-8cc5-b3126900dc77,2026-01-08 05:32:15.724980,explore,40.7,paintbrush,63.46,18.98
d51e0cbc-b6df-4568-9af5-34da5fd0187c,263e4dbe-7ed1-4652-8ea9-04217671de1a,2843ce3b-caa4-4c5c-8cc5-b3126900dc77,2026-01-08 05:32:29.724980,wave,41.4,paintbrush,75.81,31.57
f97e9d88-b039-4217-a302-402703b07e76,263e4dbe-7ed1-4652-8ea9-04217671de1a,2843ce3b-caa4-4c5c-8cc5-b3126900dc77,2026-01-08 05:32:54.724980,spawn_object,46.2,cube,51.91,2.62
8781aa8a-44ea-47fa-8311-31d3b4792b25,263e4dbe-7ed1-4652-8ea9-04217671de1a,2843ce3b-caa4-4c5c-8cc5-b3126900dc77,2026-01-08 05:33:12.724980,explore,37.1,flower,61.91,31.62
4492e137-c7a8-4224-964c-bdc557c97b08,263e4dbe-7ed1-4652-8ea9-04217671de1a,2843ce3b-caa4-4c5c-8cc5-b3126900dc77,2026-01-08 05:33:25.724980,wave,41.9,flower,45.17,36.56
4971f249-f99a-431a-aa18-ccf79d5f13c8,263e4dbe-7ed1-4652-8ea9-04217671de1a,2843ce3b-caa4-4c5c-8cc5-b3126900dc77,2026-01-08 05:33:38.724980,explore,38.6,cube,98.22,72.55
e049fbf4-545d-442a-be4e-dc955b9dcbcb,263e4dbe-7ed1-4652-8ea9-04217671de1a,2843ce3b-caa4-4c5c-8cc5-b3126900dc77,2026-01-08 05:34:04.724980,explore,38.5,paintbrush,39.02,65.77
2d465faf-00a8-4bbf-9f4d-b37839d89f37,263e4dbe-7ed1-4652-8ea9-04217671de1a,2843ce3b-caa4-4c5c-8cc5-b3126900dc77,2026-01-08 05:34:27.724980,wave,40.6,paintbrush,80.31,0.07
5da265fe-60a1-4da2-8740-e19a460a0416,263e4dbe-7ed1-4652-8ea9-04217671de1a,2843ce3b-caa4-4c5c-8cc5-b3126900dc77,2026-01-08 05:34:41.724980,explore,33.1,cube,68.07,91.63
ac35406d-0ca1-4f20-b6c3-09366f45b569,263e4dbe-7ed1-4652-8ea9-04217671de1a,2843ce3b-caa4-4c5c-8cc5-b3126900dc77,2026-01-08 05:35:11.724980,explore,34.2,cube,64.79,78.29
0d5626df-d700-459f-b7fa-cf67d27a8701,263e4dbe-7ed1-4652-8ea9-04217671de1a,2843ce3b-caa4-4c5c-8cc5-b3126900dc77,2026-01-08 05:35:39.724980,explore,43.2,paintbrush,83.28,37.68
ef898c99-2885-4089-a881-4f43009d4579,263e4dbe-7ed1-4652-8ea9-04217671de1a,2843ce3b-caa4-4c5c-8cc5-b3126900dc77,2026-01-08 05:36:01.724980,explore,44.5,paintbrush,55.62,75.38
4caabb6d-aaa0-4772-a8bf-e0ed95ffa198,263e4dbe-7ed1-4652-8ea9-04217671de1a,2843ce3b-caa4-4c5c-8cc5-b3126900dc77,2026-01-08 05:36:07.724980,wave,42.3,cube,33.31,50.2
1f601021-7c99-4297-9edc-0e9b80b9fc51,263e4dbe-7ed1-4652-8ea9-04217671de1a,2843ce3b-caa4-4c5c-8cc5-b3126900dc77,2026-01-08 05:36:29.724980,wave,44.9,paintbrush,31.3,89.55
1a2942d0-e27b-410b-b7b4-4f6036e583f3,263e4dbe-7ed1-4652-8ea9-04217671de1a,2843ce3b-caa4-4c5c-8cc5-b3126900dc77,2026-01-08 05:36:43.724980,explore,40.8,paintbrush,14.72,39.99
2fc888cc-a13e-4c61-97a4-496cf958ff9f,263e4dbe-7ed1-4652-8ea9-04217671de1a,2843ce3b-caa4-4c5c-8cc5-b3126900dc77,2026-01-08 05:37:02.724980,explore,40.5,flower,32.45,19.24
0cd3c5f5-b4e9-4342-96ec-08de0ed9d795,263e4dbe-7ed1-4652-8ea9-04217671de1a,2843ce3b-caa4-4c5c-8cc5-b3126900dc77,2026-01-08 05:37:19.724980,explore,39.3,paintbrush,22.58,49.72
afd6545d-7988-4294-91fb-6308528e2a40,263e4dbe-7ed1-4652-8ea9-04217671de1a,2843ce3b-caa4-4c5c-8cc5-b3126900dc77,2026-01-08 05:37:40.724980,wave,40.5,flower,31.79,96.46
22506a25-4713-43a7-a90d-be9670918ca8,01069f28-f3ce-4662-8ca8-7d50ba869d45,2e5acabb-effc-4483-bce1-1b9611d910bc,2026-01-08 08:01:13.724980,wave,43.2,paintbrush,71.39,9.29
231a6cd8-796b-44e2-a43f-8fc6ccf65701,01069f28-f3ce-4662-8ca8-7d50ba869d45,2e5acabb-effc-4483-bce1-1b9611d910bc,2026-01-08 08:01:29.724980,wave,41.1,flower,20.68,67.35
4e1da02e-0ec4-4edb-8249-b2a983dc572e,01069f28-f3ce-4662-8ca8-7d50ba869d45,2e5acabb-effc-4483-bce1-1b9611d910bc,2026-01-08 08:01:52.724980,explore,49.7,flower,6.68,27.31
84abbb84-6811-4bcb-9b90-b2c1462b513b,01069f28-f3ce-4662-8ca8-7d50ba869d45,2e5acabb-effc-4483-bce1-1b9611d910bc,2026-01-08 08:02:20.724980,wave,37.9,flower,44.59,72.17
b1a37135-e7f2-4516-b04e-365d6876ab99,01069f28-f3ce-4662-8ca8-7d50ba869d45,2e5acabb-effc-4483-bce1-1b9611d910bc,2026-01-08 08:02:26.724980,explore,38.5,flower,13.92,51.26
1482ea1d-94cd-415b-94af-332eba2deb63,01069f28-f3ce-4662-8ca8-7d50ba869d45,2e5acabb-effc-4483-bce1-1b9611d910bc,2026-01-08 08:02:50.724980,explore,40.9,cube,23.99,80.46
919bb149-d44e-4ea0-8445-4fced717ffb3,01069f28-f3ce-4662-8ca8-7d50ba869d45,2e5acabb-effc-4483-bce1-1b9611d910bc,2026-01-08 08:03:07.724980,explore,33.6,paintbrush,27.46,21.61
8a5f36e1-aa78-4c64-903e-4de89d9618d4,01069f28-f3ce-4662-8ca8-7d50ba869d45,2e5acabb-effc-4483-bce1-1b9611d910bc,2026-01-08 08:03:13.724980,wave,46.8,flower,92.45,58.52
939c8709-ef90-4698-9dc2-f67d9aa14811,01069f28-f3ce-4662-8ca8-7d50ba869d45,2e5acabb-effc-4483-bce1-1b9611d910bc,2026-01-08 08:03:40.724980,explore,34.0,flower,46.81,90.06
cfac9e3c-7f7c-4be0-8691-ba16e6b23d52,01069f28-f3ce-4662-8ca8-7d50ba869d45,2e5acabb-effc-4483-bce1-1b9611d910bc,2026-01-08 08:03:52.724980,spawn_object,45.4,cube,8.85,54.89
10725a05-e3d3-4f94-a8eb-0dd6ad35c2e4,01069f28-f3ce-4662-8ca8-7d50ba869d45,2e5acabb-effc-4483-bce1-1b9611d910bc,2026-01-08 08:04:01.724980,explore,48.2,flower,24.97,9.05
3f94cb3b-7ccf-471b-8768-ec899f31ba77,01069f28-f3ce-4662-8ca8-7d50ba869d45,2e5acabb-effc-4483-bce1-1b9611d910bc,2026-01-08 08:04:29.724980,explore,35.2,cube,44.49,73.73
d1371cf8-f721-46e9-93b6-342e7d008ac7,01069f28-f3ce-4662-8ca8-7d50ba869d45,2e5acabb-effc-4483-bce1-1b9611d910bc,2026-01-08 08:04:36.724980,explore,36.0,paintbrush,32.19,75.5
e9548b6c-c13b-4c51-af60-6ce941016ed5,01069f28-f3ce-4662-8ca8-7d50ba869d45,2e5acabb-effc-4483-bce1-1b9611d910bc,2026-01-08 08:04:45.724980,wave,37.4,paintbrush,73.36,72.28
2fafca9d-9b56-4e8c-8dc1-e8352ccae516,01069f28-f3ce-4662-8ca8-7d50ba869d45,2e5acabb-effc-4483-bce1-1b9611d910bc,2026-01-08 08:05:02.724980,explore,43.3,paintbrush,80.17,17.72
a6c3e36c-2b4d-4c58-833c-44ed4131bf18,01069f28-f3ce-4662-8ca8-7d50ba869d45,2e5acabb-effc-4483-bce1-1b9611d910bc,2026-01-08 08:05:30.724980,wave,40.0,cube,1.84,18.68
4568c26e-00d6-4f10-b0c1-88078f308af1,01069f28-f3ce-4662-8ca8-7d50ba869d45,2e5acabb-effc-4483-bce1-1b9611d910bc,2026-01-08 08:05:51.724980,explore,34.8,flower,88.53,94.56
b7d2c8c3-67bf-4e6d-8d75-ce28579c04b9,01069f28-f3ce-4662-8ca8-7d50ba869d45,2e5acabb-effc-4483-bce1-1b9611d910bc,2026-01-08 08:05:58.724980,spawn_object,38.2,cube,93.24,84.1
db1ba04a-b458-464e-85cc-adc1efc4ee0f,4c60a2cd-3425-4c1c-93c3-839c532208d3,2c19f43c-7b4b-41c2-bd3f-ec123b337bc3,2026-01-07 22:17:12.724980,wave,47.7,paintbrush,37.46,91.49
486b4b14-d51a-4de2-a957-fea2e7d87675,4c60a2cd-3425-4c1c-93c3-839c532208d3,2c19f43c-7b4b-41c2-bd3f-ec123b337bc3,2026-01-07 22:17:40.724980,wave,36.7,cube,90.39,95.19
b6c7c75a-8ee9-4752-b8a3-5f4a1b2d1284,4c60a2cd-3425-4c1c-93c3-839c532208d3,2c19f43c-7b4b-41c2-bd3f-ec123b337bc3,2026-01-07 22:17:48.724980,spawn_object,46.3,paintbrush,28.41,20.49
c1836c27-dc5f-448f-b127-9dbf5cfa1ac4,4c60a2cd-3425-4c1c-93c3-839c532208d3,2c19f43c-7b4b-41c2-bd3f-ec123b337bc3,2026-01-07 22:18:13.724980,explore,40.4,paintbrush,25.14,31.32
9e72b0d4-50df-4fa0-9d89-deb646509f3d,4c60a2cd-3425-4c1c-93c3-839c532208d3,2c19f43c-7b4b-41c2-bd3f-ec123b337bc3,2026-01-07 22:18:41.724980,spawn_object,39.0,cube,90.37,52.84
7a02478e-6540-40e7-b71d-42d4ab71c713,4c60a2cd-3425-4c1c-93c3-839c532208d3,2c19f43c-7b4b-41c2-bd3f-ec123b337bc3,2026-01-07 22:19:06.724980,explore,37.8,flower,52.59,91.14
1f82624e-f66e-4b72-aa45-30468694adf2,4c60a2cd-3425-4c1c-93c3-839c532208d3,2c19f43c-7b4b-41c2-bd3f-ec123b337bc3,2026-01-07 22:19:36.724980,explore,35.2,flower,40.39,18.69
9eef052f-e059-4b9a-95e3-c95b0b53724c,4c60a2cd-3425-4c1c-93c3-839c532208d3,2c19f43c-7b4b-41c2-bd3f-ec123b337bc3,2026-01-07 22:20:04.724980,explore,34.5,cube,89.29,70.4
31bf3cda-c6d7-45ac-8569-412664312966,4c60a2cd-3425-4c1c-93c3-839c532208d3,2c19f43c-7b4b-41c2-bd3f-ec123b337bc3,2026-01-07 22:20:22.724980,explore,40.3,flower,22.36,56.26
ab2d9fd7-541b-4eed-b876-05c3d9600023,4c60a2cd-3425-4c1c-93c3-839c532208d3,2c19f43c-7b4b-41c2-bd3f-ec123b337bc3,2026-01-07 22:20:47.724980,explore,27.6,flower,49.36,5.96
122820f3-96dd-4a58-98e3-3bc304ceeb93,4c60a2cd-3425-4c1c-93c3-839c532208d3,2c19f43c-7b4b-41c2-bd3f-ec123b337bc3,2026-01-07 22:21:02.724980,explore,41.7,paintbrush,49.47,33.25
323c18b2-aa68-4bf6-9eb1-ba95ff2330b8,4c60a2cd-3425-4c1c-93c3-839c532208d3,2c19f43c-7b4b-41c2-bd3f-ec123b337bc3,2026-01-07 22:21:15.724980,wave,43.1,flower,67.71,96.62
e3e4d2b8-0570-4703-aa6f-83a3f33f2243,4c60a2cd-3425-4c1c-93c3-839c532208d3,2c19f43c-7b4b-41c2-bd3f-ec123b337bc3,2026-01-07 22:21:21.724980,explore,39.8,flower,35.64,9.83
56c29742-eb0f-429b-a566-897beea2c5fd,4c60a2cd-3425-4c1c-93c3-839c532208d3,2c19f43c-7b4b-41c2-bd3f-ec123b337bc3,2026-01-07 22:21:50.724980,wave,37.8,cube,33.78,96.3
63df40be-2968-4150-874d-7c708434448a,4c60a2cd-3425-4c1c-93c3-839c532208d3,2c19f43c-7b4b-41c2-bd3f-ec123b337bc3,2026-01-07 22:22:11.724980,explore,33.4,flower,72.05,85.25
18b7ac54-8ffe-4577-884b-3a17ae8cac2a,4c60a2cd-3425-4c1c-93c3-839c532208d3,2c19f43c-7b4b-41c2-bd3f-ec123b337bc3,2026-01-07 22:22:39.724980,explore,41.0,paintbrush,91.78,4.53
5fe1c9e3-2203-49af-ada8-255cc60570e3,4c60a2cd-3425-4c1c-93c3-839c532208d3,2c19f43c-7b4b-41c2-bd3f-ec123b337bc3,2026-01-07 22:22:56.724980,explore,31.6,paintbrush,58.54,96.7
6ebd22da-19ce-4a24-98a6-cf9440b9dcc6,4c60a2cd-3425-4c1c-93c3-839c532208d3,2c19f43c-7b4b-41c2-bd3f-ec123b337bc3,2026-01-07 22:23:10.724980,explore,38.2,cube,23.4,22.18
ce719ad9-a3cd-405a-88f3-0a547dc293fc,4c60a2cd-3425-4c1c-93c3-839c532208d3,2c19f43c-7b4b-41c2-bd3f-ec123b337bc3,2026-01-07 22:23:35.724980,explore,34.0,flower,7.09,12.28
33569cef-7a3e-4067-b33f-14abc61d9ed5,4c60a2cd-3425-4c1c-93c3-839c532208d3,2c19f43c-7b4b-41c2-bd3f-ec123b337bc3,2026-01-07 22:23:46.724980,wave,35.6,flower,99.95,11.64
669a9de1-f138-461e-b0b2-64c972b9355b,4c60a2cd-3425-4c1c-93c3-839c532208d3,2c19f43c-7b4b-41c2-bd3f-ec123b337bc3,2026-01-07 22:24:06.724980,spawn_object,35.9,flower,25.53,94.7
84ef1ca5-7ff9-4186-b925-f50e7107639a,4c60a2cd-3425-4c1c-93c3-839c532208d3,2c19f43c-7b4b-41c2-bd3f-ec123b337bc3,2026-01-07 22:24:34.724980,explore,39.0,paintbrush,74.1,46.74
ee8e31c3-6d40-455f-958f-a683839db751,4c60a2cd-3425-4c1c-93c3-839c532208d3,2c19f43c-7b4b-41c2-bd3f-ec123b337bc3,2026-01-07 22:24:44.724980,explore,45.1,flower,93.81,19.88
3914857a-18bf-4185-8b34-cf200798602b,4c60a2cd-3425-4c1c-93c3-839c532208d3,2c19f43c-7b4b-41c2-bd3f-ec123b337bc3,2026-01-07 22:24:54.724980,spawn_object,41.4,flower,8.68,28.37
18eca666-97ee-4c12-9601-2c6fbf95fe1f,4c60a2cd-3425-4c1c-93c3-839c532208d3,2c19f43c-7b4b-41c2-bd3f-ec123b337bc3,2026-01-07 22:25:08.724980,wave,40.4,paintbrush,35.73,94.71
c679498e-dc36-42a3-8006-63719c2a45b3,4c60a2cd-3425-4c1c-93c3-839c532208d3,2c19f43c-7b4b-41c2-bd3f-ec123b337bc3,2026-01-07 22:25:33.724980,explore,44.5,cube,99.53,31.54
d29afc35-abe5-4ec2-b026-4f7ee580d53e,4c60a2cd-3425-4c1c-93c3-839c532208d3,2c19f43c-7b4b-41c2-bd3f-ec123b337bc3,2026-01-07 22:25:46.724980,explore,39.0,cube,53.9,82.77
8dcbdca3-f8bf-482f-9541-63918a47a4a5,4c60a2cd-3425-4c1c-93c3-839c532208d3,2c19f43c-7b4b-41c2-bd3f-ec123b337bc3,2026-01-07 22:25:52.724980,explore,37.2,paintbrush,87.15,9.7
6877429b-0458-465d-b9cf-e5a3ee6c1f63,4c60a2cd-3425-4c1c-93c3-839c532208d3,2c19f43c-7b4b-41c2-bd3f-ec123b337bc3,2026-01-07 22:26:06.724980,wave,45.1,flower,56.96,69.08
26a2e0ff-5bd3-47da-b469-c16828018d62,4c60a2cd-3425-4c1c-93c3-839c532208d3,2c19f43c-7b4b-41c2-bd3f-ec123b337bc3,2026-01-07 22:26:30.724980,wave,46.9,flower,46.73,49.18
bcfef528-25c4-469c-af09-bf75d2fd1b36,4c60a2cd-3425-4c1c-93c3-839c532208d3,2c19f43c-7b4b-41c2-bd3f-ec123b337bc3,2026-01-07 22:26:58.724980,explore,41.9,flower,90.47,18.73
e55831a6-4aef-417d-8e51-4bbb8bffd8ce,4c60a2cd-3425-4c1c-93c3-839c532208d3,2c19f43c-7b4b-41c2-bd3f-ec123b337bc3,2026-01-07 22:27:15.724980,wave,42.8,flower,82.17,41.67
16ce08a5-cc7a-42cc-8f52-bad893cfb9cc,4c60a2cd-3425-4c1c-93c3-839c532208d3,2c19f43c-7b4b-41c2-bd3f-ec123b337bc3,2026-01-07 22:27:22.724980,explore,42.0,flower,43.91,93.07
cd090897-c4e4-4c3f-8f39-3a72428df39b,4c60a2cd-3425-4c1c-93c3-839c532208d3,2c19f43c-7b4b-41c2-bd3f-ec123b337bc3,2026-01-07 22:27:46.724980,explore,35.4,paintbrush,86.1,83.16
762fb6ad-ab28-4304-99e2-69d1b3971869,4c60a2cd-3425-4c1c-93c3-839c532208d3,2c19f43c-7b4b-41c2-bd3f-ec123b337bc3,2026-01-07 22:28:14.724980,wave,38.4,flower,83.27,73.42
62c6a22b-1f1b-48c7-888e-c4deb35ee1ce,4c60a2cd-3425-4c1c-93c3-839c532208d3,2c19f43c-7b4b-41c2-bd3f-ec123b337bc3,2026-01-07 22:28:27.724980,wave,36.7,paintbrush,1.09,80.4
a9d11304-56fe-4abf-b3db-407f0e0d08db,4c60a2cd-3425-4c1c-93c3-839c532208d3,2c19f43c-7b4b-41c2-bd3f-ec123b337bc3,2026-01-07 22:28:55.724980,explore,39.9,cube,59.78,80.56
49dafd37-4b4c-43fb-b68a-29f4f01be269,4c60a2cd-3425-4c1c-93c3-839c532208d3,2c19f43c-7b4b-41c2-bd3f-ec123b337bc3,2026-01-07 22:29:03.724980,explore,37.4,paintbrush,25.37,99.43
966811e1-9ac8-4311-a8eb-ed232bd90ed8,4c60a2cd-3425-4c1c-93c3-839c532208d3,2c19f43c-7b4b-41c2-bd3f-ec123b337bc3,2026-01-07 22:29:25.724980,wave,39.9,cube,36.13,92.0
26c94174-1afa-40db-8c06-68af9de43cd6,4c60a2cd-3425-4c1c-93c3-839c532208d3,2c19f43c-7b4b-41c2-bd3f-ec123b337bc3,2026-01-07 22:29:37.724980,explore,41.2,paintbrush,59.24,48.67
67c19e62-9356-47ba-b617-1ff7a842d293,15112be5-82b1-4ecb-b16e-3d69411645a6,66df54bb-95cd-4e21-91aa-c2ead345fdfb,2026-01-08 00:28:13.724980,explore,41.8,cube,33.71,30.41
8d9de911-207b-4b70-8886-17aeb565122a,15112be5-82b1-4ecb-b16e-3d69411645a6,66df54bb-95cd-4e21-91aa-c2ead345fdfb,2026-01-08 00:28:21.724980,wave,47.4,paintbrush,34.61,76.34
239354c7-8810-4c60-accb-fa1c02e818a6,15112be5-82b1-4ecb-b16e-3d69411645a6,66df54bb-95cd-4e21-91aa-c2ead345fdfb,2026-01-08 00:28:36.724980,spawn_object,35.9,cube,41.18,74.95
c6e58196-8da7-42d2-b876-f09659491c88,15112be5-82b1-4ecb-b16e-3d69411645a6,66df54bb-95cd-4e21-91aa-c2ead345fdfb,2026-01-08 00:29:03.724980,explore,48.9,cube,51.19,14.32
f466fc69-ab14-499c-8ef4-cf70d4a5a712,15112be5-82b1-4ecb-b16e-3d69411645a6,66df54bb-95cd-4e21-91aa-c2ead345fdfb,2026-01-08 00:29:26.724980,wave,42.9,cube,88.97,71.71
54416364-565d-471e-aefe-ddad6b0550b3,15112be5-82b1-4ecb-b16e-3d69411645a6,66df54bb-95cd-4e21-91aa-c2ead345fdfb,2026-01-08 00:29:42.724980,spawn_object,46.5,cube,15.08,93.15
7b9c9ca7-b231-4a4d-9b23-11476a9e9b29,15112be5-82b1-4ecb-b16e-3d69411645a6,66df54bb-95cd-4e21-91aa-c2ead345fdfb,2026-01-08 00:29:56.724980,explore,36.2,cube,14.79,61.82
a6cbb14d-bd70-45be-baf6-d3061fb95a9d,15112be5-82b1-4ecb-b16e-3d69411645a6,66df54bb-95cd-4e21-91aa-c2ead345fdfb,2026-01-08 00:30:02.724980,explore,35.5,flower,75.31,70.77
96c08058-158e-4988-93e3-e8c9d8c5fd2a,15112be5-82b1-4ecb-b16e-3d69411645a6,66df54bb-95cd-4e21-91aa-c2ead345fdfb,2026-01-08 00:30:08.724980,spawn_object,40.0,cube,26.75,92.81
df5fdd1c-fed6-4862-840c-fe7fb1fdcdb7,15112be5-82b1-4ecb-b16e-3d69411645a6,66df54bb-95cd-4e21-91aa-c2ead345fdfb,2026-01-08 00:30:36.724980,explore,39.2,cube,95.48,56.29
2f6f6f96-95bd-499c-9752-3c53794512fc,15112be5-82b1-4ecb-b16e-3d69411645a6,66df54bb-95cd-4e21-91aa-c2ead345fdfb,2026-01-08 00:30:49.724980,wave,36.6,flower,94.89,98.64
954f8f89-302d-405b-b56e-ad81169e2279,15112be5-82b1-4ecb-b16e-3d69411645a6,66df54bb-95cd-4e21-91aa-c2ead345fdfb,2026-01-08 00:31:13.724980,spawn_object,39.3,cube,29.36,99.25
ccee6a18-0f15-4ca9-a0a5-5b6afc76980f,15112be5-82b1-4ecb-b16e-3d69411645a6,66df54bb-95cd-4e21-91aa-c2ead345fdfb,2026-01-08 00:31:31.724980,explore,44.7,paintbrush,27.6,6.59
5662dd79-6dc5-47a3-abac-cd29dbeda2f7,15112be5-82b1-4ecb-b16e-3d69411645a6,66df54bb-95cd-4e21-91aa-c2ead345fdfb,2026-01-08 00:31:57.724980,explore,35.4,cube,89.46,88.02
8466504b-04c4-4ecc-a20e-ac3d08a42737,15112be5-82b1-4ecb-b16e-3d69411645a6,66df54bb-95cd-4e21-91aa-c2ead345fdfb,2026-01-08 00:32:04.724980,explore,44.3,flower,68.6,31.4
0a32065a-6d12-4b63-a8b4-9a9d728e4e67,15112be5-82b1-4ecb-b16e-3d69411645a6,66df54bb-95cd-4e21-91aa-c2ead345fdfb,2026-01-08 00:32:30.724980,wave,46.8,cube,32.92,96.18
cef43b60-9352-42d7-b90f-7fa053a956ce,15112be5-82b1-4ecb-b16e-3d69411645a6,66df54bb-95cd-4e21-91aa-c2ead345fdfb,2026-01-08 00:32:47.724980,explore,36.0,flower,0.15,37.68
db1f8012-5067-426a-a6ec-25d26e87bf99,eb18a1c2-b5ad-49e9-8b77-a9c9b58072ca,e3a9c657-4b2e-4688-a1d3-7b4f75e5cf37,2026-01-08 00:10:26.724980,explore,44.9,cube,24.54,46.93
77441c2e-1e51-4412-9a84-93a164d3912d,eb18a1c2-b5ad-49e9-8b77-a9c9b58072ca,e3a9c657-4b2e-4688-a1d3-7b4f75e5cf37,2026-01-08 00:10:48.724980,spawn_object,41.8,paintbrush,23.1,88.98
961813dd-e490-488a-81fe-06d6393bc377,eb18a1c2-b5ad-49e9-8b77-a9c9b58072ca,e3a9c657-4b2e-4688-a1d3-7b4f75e5cf37,2026-01-08 00:10:57.724980,explore,47.3,paintbrush,88.38,34.54
07191cca-a5b2-4a3a-9d94-7cfbc9c966a9,eb18a1c2-b5ad-49e9-8b77-a9c9b58072ca,e3a9c657-4b2e-4688-a1d3-7b4f75e5cf37,2026-01-08 00:11:04.724980,explore,37.1,paintbrush,66.02,91.83
e00c30d0-2917-4216-944a-e68a59095ab0,eb18a1c2-b5ad-49e9-8b77-a9c9b58072ca,e3a9c657-4b2e-4688-a1d3-7b4f75e5cf37,2026-01-08 00:11:34.724980,wave,39.6,flower,61.8,79.09
96a7802a-4a0f-4af6-8b41-7c1629c47af0,eb18a1c2-b5ad-49e9-8b77-a9c9b58072ca,e3a9c657-4b2e-4688-a1d3-7b4f75e5cf37,2026-01-08 00:12:01.724980,wave,35.6,paintbrush,68.41,13.22
ad0eb3c9-88bf-45c8-b498-75433ab251dd,eb18a1c2-b5ad-49e9-8b77-a9c9b58072ca,e3a9c657-4b2e-4688-a1d3-7b4f75e5cf37,2026-01-08 00:12:15.724980,explore,40.8,cube,74.73,66.64
111ca218-9a22-4f37-96e9-5e7e710bb02a,eb18a1c2-b5ad-49e9-8b77-a9c9b58072ca,e3a9c657-4b2e-4688-a1d3-7b4f75e5cf37,2026-01-08 00:12:20.724980,explore,36.8,flower,93.44,89.84
525b2428-f23d-4eb5-8bd9-7ad7910a6109,eb18a1c2-b5ad-49e9-8b77-a9c9b58072ca,e3a9c657-4b2e-4688-a1d3-7b4f75e5cf37,2026-01-08 00:12:36.724980,spawn_object,40.0,cube,23.56,25.98
4141b931-dfc4-43b1-9bdd-9f87d12de91d,eb18a1c2-b5ad-49e9-8b77-a9c9b58072ca,e3a9c657-4b2e-4688-a1d3-7b4f75e5cf37,2026-01-08 00:13:04.724980,explore,39.6,paintbrush,70.78,65.02
8dc24b17-af17-4d6a-bb63-b75f41de177e,eb18a1c2-b5ad-49e9-8b77-a9c9b58072ca,e3a9c657-4b2e-4688-a1d3-7b4f75e5cf37,2026-01-08 00:13:16.724980,explore,40.7,flower,66.82,16.42
abf640ad-9f0e-48dc-b847-dda4fc1c76ef,eb18a1c2-b5ad-49e9-8b77-a9c9b58072ca,e3a9c657-4b2e-4688-a1d3-7b4f75e5cf37,2026-01-08 00:13:46.724980,wave,34.0,cube,32.35,1.85
24266da3-2c99-46c4-868c-0d6f799eb50c,eb18a1c2-b5ad-49e9-8b77-a9c9b58072ca,e3a9c657-4b2e-4688-a1d3-7b4f75e5cf37,2026-01-08 00:14:12.724980,wave,43.9,paintbrush,40.84,91.82
3e4a21a1-3fbb-40b0-a9be-13fda261058c,eb18a1c2-b5ad-49e9-8b77-a9c9b58072ca,e3a9c657-4b2e-4688-a1d3-7b4f75e5cf37,2026-01-08 00:14:32.724980,spawn_object,41.8,paintbrush,54.4,82.59
fe537a29-b62f-4f01-ba70-35bd2a6dbbf6,eb18a1c2-b5ad-49e9-8b77-a9c9b58072ca,e3a9c657-4b2e-4688-a1d3-7b4f75e5cf37,2026-01-08 00:14:42.724980,explore,38.3,cube,30.38,40.07
f5b288eb-9789-4e7b-9eb9-c814199814c0,eb18a1c2-b5ad-49e9-8b77-a9c9b58072ca,e3a9c657-4b2e-4688-a1d3-7b4f75e5cf37,2026-01-08 00:15:11.724980,wave,37.9,cube,24.88,0.84
14ea728c-5b2c-4a92-b678-f92aa1e4b51b,eb18a1c2-b5ad-49e9-8b77-a9c9b58072ca,e3a9c657-4b2e-4688-a1d3-7b4f75e5cf37,2026-01-08 00:15:36.724980,explore,36.8,flower,71.86,69.37
7a7af489-c38f-4645-af0c-691844c45b29,eb18a1c2-b5ad-49e9-8b77-a9c9b58072ca,e3a9c657-4b2e-4688-a1d3-7b4f75e5cf37,2026-01-08 00:15:56.724980,explore,37.3,flower,77.01,78.43
0a112e37-ca24-4dbd-8754-9bd329afeeb3,eb18a1c2-b5ad-49e9-8b77-a9c9b58072ca,e3a9c657-4b2e-4688-a1d3-7b4f75e5cf37,2026-01-08 00:16:18.724980,explore,36.6,cube,62.16,50.63
c40d642e-e40e-4eec-8d04-d77bacdc1873,eb18a1c2-b5ad-49e9-8b77-a9c9b58072ca,e3a9c657-4b2e-4688-a1d3-7b4f75e5cf37,2026-01-08 00:16:31.724980,wave,38.1,flower,32.93,53.09
a9a909f5-118d-4207-8b36-212fc377b1d1,eb18a1c2-b5ad-49e9-8b77-a9c9b58072ca,e3a9c657-4b2e-4688-a1d3-7b4f75e5cf37,2026-01-08 00:16:53.724980,wave,40.0,paintbrush,33.42,97.19
239dd51b-32c3-44c7-9b5f-61e6ad812b09,eb18a1c2-b5ad-49e9-8b77-a9c9b58072ca,e3a9c657-4b2e-4688-a1d3-7b4f75e5cf37,2026-01-08 00:17:07.724980,wave,40.6,cube,16.59,69.31
26890b3f-80a9-4850-a43d-3a076a236aed,eb18a1c2-b5ad-49e9-8b77-a9c9b58072ca,e3a9c657-4b2e-4688-a1d3-7b4f75e5cf37,2026-01-08 00:17:32.724980,explore,42.6,paintbrush,26.51,65.46
6e42b51b-fe48-41eb-b8f8-d799c75e0b79,06e04459-dfbb-4295-838a-4dc99b03dcbf,048fe838-a950-4704-b58c-20a69e528df2,2026-01-08 01:49:34.724980,explore,30.6,cube,93.89,17.55
403473c0-b03b-4443-9767-e1993d7fb5e6,06e04459-dfbb-4295-838a-4dc99b03dcbf,048fe838-a950-4704-b58c-20a69e528df2,2026-01-08 01:50:04.724980,wave,37.2,paintbrush,98.23,54.68
af9ae57f-9f71-429d-a909-c62f9fea436a,06e04459-dfbb-4295-838a-4dc99b03dcbf,048fe838-a950-4704-b58c-20a69e528df2,2026-01-08 01:50:31.724980,wave,52.5,paintbrush,85.83,16.11
4ba33d9c-a8d3-4670-b872-d00eabe853f2,06e04459-dfbb-4295-838a-4dc99b03dcbf,048fe838-a950-4704-b58c-20a69e528df2,2026-01-08 01:50:46.724980,explore,37.8,flower,31.15,43.25
672e2524-b44d-48a2-a572-ff8e3022b887,06e04459-dfbb-4295-838a-4dc99b03dcbf,048fe838-a950-4704-b58c-20a69e528df2,2026-01-08 01:51:09.724980,explore,45.6,paintbrush,18.19,31.23
b13e4d19-d3f0-4295-a11b-d821ee5ab14a,06e04459-dfbb-4295-838a-4dc99b03dcbf,048fe838-a950-4704-b58c-20a69e528df2,2026-01-08 01:51:22.724980,wave,38.4,cube,2.2,17.85
3f97fe5e-a97b-4ea9-8456-c5a2ac804e68,06e04459-dfbb-4295-838a-4dc99b03dcbf,048fe838-a950-4704-b58c-20a69e528df2,2026-01-08 01:51:40.724980,wave,50.4,cube,9.43,94.05
c0a4c606-768a-4e60-82a3-03e2520b3b32,06e04459-dfbb-4295-838a-4dc99b03dcbf,048fe838-a950-4704-b58c-20a69e528df2,2026-01-08 01:51:56.724980,explore,33.6,paintbrush,37.44,79.79
eff4f98c-a410-4a73-8b6e-0345b4eb40b6,06e04459-dfbb-4295-838a-4dc99b03dcbf,048fe838-a950-4704-b58c-20a69e528df2,2026-01-08 01:52:10.724980,spawn_object,38.2,flower,43.94,37.61
cc8e0e82-4c80-4c3f-bcb5-ef5fe9181a9d,06e04459-dfbb-4295-838a-4dc99b03dcbf,048fe838-a950-4704-b58c-20a69e528df2,2026-01-08 01:52:36.724980,explore,32.5,cube,24.0,75.02
d69a3a1f-f33f-43c1-9ce6-899163390107,06e04459-dfbb-4295-838a-4dc99b03dcbf,048fe838-a950-4704-b58c-20a69e528df2,2026-01-08 01:52:59.724980,explore,42.4,flower,76.16,98.74
a59b029b-cf5c-46df-a36a-949e056febf7,06e04459-dfbb-4295-838a-4dc99b03dcbf,048fe838-a950-4704-b58c-20a69e528df2,2026-01-08 01:53:06.724980,wave,40.6,flower,38.27,79.43
d957e589-3414-4de2-9f11-8c581fc96e77,06e04459-dfbb-4295-838a-4dc99b03dcbf,048fe838-a950-4704-b58c-20a69e528df2,2026-01-08 01:53:26.724980,explore,45.1,cube,68.79,54.27
2220b699-57c7-4044-a997-ca3979c5706a,06e04459-dfbb-4295-838a-4dc99b03dcbf,048fe838-a950-4704-b58c-20a69e528df2,2026-01-08 01:53:48.724980,explore,46.1,paintbrush,48.01,98.18
69689764-57eb-45d9-8a69-2c02ca50a4fb,06e04459-dfbb-4295-838a-4dc99b03dcbf,048fe838-a950-4704-b58c-20a69e528df2,2026-01-08 01:54:11.724980,explore,40.5,paintbrush,93.9,86.14
da5e1234-8de0-4efd-b444-39e1474836b6,06e04459-dfbb-4295-838a-4dc99b03dcbf,048fe838-a950-4704-b58c-20a69e528df2,2026-01-08 01:54:21.724980,explore,37.9,flower,64.65,15.46
3843153a-8351-4ac4-bbea-62df835b251f,06e04459-dfbb-4295-838a-4dc99b03dcbf,048fe838-a950-4704-b58c-20a69e528df2,2026-01-08 01:54:31.724980,explore,29.7,flower,4.45,67.67
39cd4569-4bb9-448f-9e8c-9d3829cdb370,06e04459-dfbb-4295-838a-4dc99b03dcbf,048fe838-a950-4704-b58c-20a69e528df2,2026-01-08 01:54:47.724980,wave,44.0,cube,18.8,62.87
82265e9f-7997-4782-be7c-746630927472,06e04459-dfbb-4295-838a-4dc99b03dcbf,048fe838-a950-4704-b58c-20a69e528df2,2026-01-08 01:54:54.724980,explore,45.9,paintbrush,37.64,44.4
c1a4ab16-cc6d-4ce2-bc81-100b09a1982f,06e04459-dfbb-4295-838a-4dc99b03dcbf,048fe838-a950-4704-b58c-20a69e528df2,2026-01-08 01:55:09.724980,spawn_object,41.7,paintbrush,24.13,2.92
8a06dd71-af35-41af-8f63-eb5f84f10fca,06e04459-dfbb-4295-838a-4dc99b03dcbf,048fe838-a950-4704-b58c-20a69e528df2,2026-01-08 01:55:22.724980,wave,43.4,cube,17.8,24.24
bd201f26-cde8-4a5f-a1a1-973619dcfbc0,06e04459-dfbb-4295-838a-4dc99b03dcbf,048fe838-a950-4704-b58c-20a69e528df2,2026-01-08 01:55:51.724980,explore,40.8,flower,47.91,63.82
4e551224-d5de-4015-b62a-577a315bc192,06e04459-dfbb-4295-838a-4dc99b03dcbf,048fe838-a950-4704-b58c-20a69e528df2,2026-01-08 01:56:01.724980,wave,38.5,flower,70.18,17.14
61e95a54-ef20-4a3c-bdd0-b0a5c046fe19,06e04459-dfbb-4295-838a-4dc99b03dcbf,048fe838-a950-4704-b58c-20a69e528df2,2026-01-08 01:56:10.724980,wave,41.7,cube,30.82,14.88
4159f089-7d3c-4da2-975c-e7406df1015b,06e04459-dfbb-4295-838a-4dc99b03dcbf,048fe838-a950-4704-b58c-20a69e528df2,2026-01-08 01:56:33.724980,explore,38.1,cube,80.33,12.67
1f881a9c-6b68-4300-940d-f342926ecaef,06e04459-dfbb-4295-838a-4dc99b03dcbf,048fe838-a950-4704-b58c-20a69e528df2,2026-01-08 01:56:57.724980,explore,43.5,paintbrush,57.4,12.25
e9e0ed84-337f-40ae-a5bf-5a35198db68d,06e04459-dfbb-4295-838a-4dc99b03dcbf,048fe838-a950-4704-b58c-20a69e528df2,2026-01-08 01:57:06.724980,explore,44.8,flower,38.99,64.87
d44a09ca-f6ef-43e4-a5e8-12a07e33feda,06e04459-dfbb-4295-838a-4dc99b03dcbf,048fe838-a950-4704-b58c-20a69e528df2,2026-01-08 01:57:36.724980,explore,44.2,paintbrush,84.87,93.93
87e93abd-73e1-438a-a0b9-a9f260c3702c,c8ab0919-b01a-40ea-a9bb-d2dfeacbaa5a,f7b16b3b-2921-4216-9c3a-69d55ffce0db,2026-01-08 02:49:29.724980,explore,44.8,flower,40.81,34.73
6d320e4b-ea19-4f0f-9051-508b47462c70,c8ab0919-b01a-40ea-a9bb-d2dfeacbaa5a,f7b16b3b-2921-4216-9c3a-69d55ffce0db,2026-01-08 02:49:49.724980,explore,40.1,cube,45.06,47.55
95b1d97e-b97f-44a0-8734-ae5f8790959f,c8ab0919-b01a-40ea-a9bb-d2dfeacbaa5a,f7b16b3b-2921-4216-9c3a-69d55ffce0db,2026-01-08 02:50:06.724980,explore,38.2,flower,1.52,5.79
ad117856-f5b1-493b-9566-7acbb4aeb93a,c8ab0919-b01a-40ea-a9bb-d2dfeacbaa5a,f7b16b3b-2921-4216-9c3a-69d55ffce0db,2026-01-08 02:50:14.724980,spawn_object,36.1,paintbrush,57.19,60.39
b0c8b9bb-b9ec-464a-870a-8c390aef7560,c8ab0919-b01a-40ea-a9bb-d2dfeacbaa5a,f7b16b3b-2921-4216-9c3a-69d55ffce0db,2026-01-08 02:50:33.724980,explore,44.3,flower,94.08,20.6
834de934-5d5d-44b0-acaa-1288da3860ef,c8ab0919-b01a-40ea-a9bb-d2dfeacbaa5a,f7b16b3b-2921-4216-9c3a-69d55ffce0db,2026-01-08 02:51:03.724980,explore,45.2,paintbrush,39.41,50.25
1a119f26-b7e9-4dfe-a79c-066254aae901,c8ab0919-b01a-40ea-a9bb-d2dfeacbaa5a,f7b16b3b-2921-4216-9c3a-69d55ffce0db,2026-01-08 02:51:22.724980,explore,37.4,flower,62.52,20.27
899d0d9a-9b5b-4946-b320-d4fea99f4b0b,c8ab0919-b01a-40ea-a9bb-d2dfeacbaa5a,f7b16b3b-2921-4216-9c3a-69d55ffce0db,2026-01-08 02:51:32.724980,wave,34.8,flower,79.66,25.31
deaa040b-eccb-455b-b613-e0471528649b,c8ab0919-b01a-40ea-a9bb-d2dfeacbaa5a,f7b16b3b-2921-4216-9c3a-69d55ffce0db,2026-01-08 02:51:53.724980,wave,41.0,flower,43.67,87.03
7e4b6537-980e-4f4b-8ce9-205a4f03d49a,c8ab0919-b01a-40ea-a9bb-d2dfeacbaa5a,f7b16b3b-2921-4216-9c3a-69d55ffce0db,2026-01-08 02:52:16.724980,explore,38.9,paintbrush,1.89,80.49
37fcdaa3-6eec-4ec6-8ce0-01598fe3d5ce,c8ab0919-b01a-40ea-a9bb-d2dfeacbaa5a,f7b16b3b-2921-4216-9c3a-69d55ffce0db,2026-01-08 02:52:25.724980,wave,44.0,paintbrush,38.94,65.87
451db24b-bc2c-4638-ab77-61a3e2abbf77,c8ab0919-b01a-40ea-a9bb-d2dfeacbaa5a,f7b16b3b-2921-4216-9c3a-69d55ffce0db,2026-01-08 02:52:50.724980,spawn_object,38.5,cube,48.13,66.22
6b1f1aae-da84-4a3e-936f-bb040c4b3974,c8ab0919-b01a-40ea-a9bb-d2dfeacbaa5a,f7b16b3b-2921-4216-9c3a-69d55ffce0db,2026-01-08 02:53:19.724980,spawn_object,31.3,flower,17.81,89.54
bea6f072-378b-4c9c-96b7-466722560a57,c8ab0919-b01a-40ea-a9bb-d2dfeacbaa5a,f7b16b3b-2921-4216-9c3a-69d55ffce0db,2026-01-08 02:53:34.724980,explore,31.9,flower,56.05,56.68
63653da8-3e57-428e-9622-eac6fa221ddb,c8ab0919-b01a-40ea-a9bb-d2dfeacbaa5a,f7b16b3b-2921-4216-9c3a-69d55ffce0db,2026-01-08 02:53:39.724980,explore,38.5,cube,54.76,2.27
e6fcfabe-fe96-4f9b-966b-42be084a91e4,c8ab0919-b01a-40ea-a9bb-d2dfeacbaa5a,f7b16b3b-2921-4216-9c3a-69d55ffce0db,2026-01-08 02:54:05.724980,explore,41.1,paintbrush,96.78,50.44
cb665897-6c04-481d-a077-071f612ca725,c8ab0919-b01a-40ea-a9bb-d2dfeacbaa5a,f7b16b3b-2921-4216-9c3a-69d55ffce0db,2026-01-08 02:54:30.724980,explore,27.9,cube,87.76,82.98
ee043fad-b24c-4541-92ed-ed36c55515e4,c8ab0919-b01a-40ea-a9bb-d2dfeacbaa5a,f7b16b3b-2921-4216-9c3a-69d55ffce0db,2026-01-08 02:54:46.724980,wave,42.4,paintbrush,30.03,54.52
1174ed2e-1b22-4d7b-9a99-fb9b034ec556,c8ab0919-b01a-40ea-a9bb-d2dfeacbaa5a,f7b16b3b-2921-4216-9c3a-69d55ffce0db,2026-01-08 02:54:51.724980,wave,41.2,flower,4.44,92.7
2733e82e-f457-4c6f-903b-66bd59e0fe7a,c8ab0919-b01a-40ea-a9bb-d2dfeacbaa5a,f7b16b3b-2921-4216-9c3a-69d55ffce0db,2026-01-08 02:54:58.724980,wave,40.0,flower,7.04,73.88
af2a1ed2-cfbc-47f0-b6a9-8591fad354d1,c8ab0919-b01a-40ea-a9bb-d2dfeacbaa5a,f7b16b3b-2921-4216-9c3a-69d55ffce0db,2026-01-08 02:55:07.724980,explore,44.7,cube,29.58,58.34
728aca0e-1909-43bd-b498-7f3563eae776,c8ab0919-b01a-40ea-a9bb-d2dfeacbaa5a,f7b16b3b-2921-4216-9c3a-69d55ffce0db,2026-01-08 02:55:21.724980,explore,38.4,paintbrush,9.87,6.22
a7acd5c1-1e0d-4310-895e-0e8309921159,c8ab0919-b01a-40ea-a9bb-d2dfeacbaa5a,f7b16b3b-2921-4216-9c3a-69d55ffce0db,2026-01-08 02:55:41.724980,explore,36.3,cube,54.11,15.8
81920c2f-7483-4f41-ad33-d77795fb4ec7,c8ab0919-b01a-40ea-a9bb-d2dfeacbaa5a,f7b16b3b-2921-4216-9c3a-69d55ffce0db,2026-01-08 02:56:06.724980,explore,39.3,cube,14.74,33.99
39729670-7793-4a46-81f8-a725c1307f18,c8ab0919-b01a-40ea-a9bb-d2dfeacbaa5a,f7b16b3b-2921-4216-9c3a-69d55ffce0db,2026-01-08 02:56:20.724980,wave,34.5,paintbrush,14.58,61.86
234ed977-4c5c-4aef-8cc2-1e1f6a203dc6,c8ab0919-b01a-40ea-a9bb-d2dfeacbaa5a,f7b16b3b-2921-4216-9c3a-69d55ffce0db,2026-01-08 02:56:40.724980,wave,30.5,flower,73.46,63.28
d21f5693-b40b-4885-be4a-1456c06c68c4,c8ab0919-b01a-40ea-a9bb-d2dfeacbaa5a,f7b16b3b-2921-4216-9c3a-69d55ffce0db,2026-01-08 02:56:50.724980,wave,38.2,flower,46.84,86.73
20206d32-7ae0-4aea-bb88-c37d9590a144,c8ab0919-b01a-40ea-a9bb-d2dfeacbaa5a,f7b16b3b-2921-4216-9c3a-69d55ffce0db,2026-01-08 02:57:07.724980,explore,41.1,cube,0.56,41.59
0a724224-d5a8-4ae2-b7f9-07b7c52f15d6,c8ab0919-b01a-40ea-a9bb-d2dfeacbaa5a,f7b16b3b-2921-4216-9c3a-69d55ffce0db,2026-01-08 02:57:28.724980,explore,33.8,cube,63.0,31.64
f915e8f1-f215-4244-bbb2-8ad543054f0c,c8ab0919-b01a-40ea-a9bb-d2dfeacbaa5a,f7b16b3b-2921-4216-9c3a-69d55ffce0db,2026-01-08 02:57:42.724980,wave,36.7,paintbrush,3.12,46.78
00051084-ee44-4f6d-8aa7-e67f1a57ab0f,c8ab0919-b01a-40ea-a9bb-d2dfeacbaa5a,f7b16b3b-2921-4216-9c3a-69d55ffce0db,2026-01-08 02:57:54.724980,explore,51.3,flower,70.67,57.52
23aac92f-741c-40d8-9561-8644d356921f,c8ab0919-b01a-40ea-a9bb-d2dfeacbaa5a,f7b16b3b-2921-4216-9c3a-69d55ffce0db,2026-01-08 02:58:11.724980,wave,31.3,flower,99.9,71.38
f346af23-d9df-4919-bd7d-74b17c76ab12,c8ab0919-b01a-40ea-a9bb-d2dfeacbaa5a,f7b16b3b-2921-4216-9c3a-69d55ffce0db,2026-01-08 02:58:25.724980,explore,49.3,paintbrush,91.59,53.61
20310029-8888-42b6-b799-2b6c6cde018f,c8ab0919-b01a-40ea-a9bb-d2dfeacbaa5a,f7b16b3b-2921-4216-9c3a-69d55ffce0db,2026-01-08 02:58:40.724980,wave,42.6,paintbrush,93.29,38.54
4186e2dd-dc17-4885-9fe4-efd6ae60132a,c8ab0919-b01a-40ea-a9bb-d2dfeacbaa5a,f7b16b3b-2921-4216-9c3a-69d55ffce0db,2026-01-08 02:59:05.724980,explore,47.3,cube,50.94,89.3
430efb1d-d246-404d-8182-5caaa2f109b9,c8ab0919-b01a-40ea-a9bb-d2dfeacbaa5a,f7b16b3b-2921-4216-9c3a-69d55ffce0db,2026-01-08 02:59:29.724980,wave,40.2,flower,49.58,96.99
e09ac5f1-5e59-4ed5-8d35-e233712311d8,c8ab0919-b01a-40ea-a9bb-d2dfeacbaa5a,f7b16b3b-2921-4216-9c3a-69d55ffce0db,2026-01-08 02:59:52.724980,explore,43.6,cube,60.83,39.52
e4842610-db35-42d7-9cc1-feeb29bf5d76,c8ab0919-b01a-40ea-a9bb-d2dfeacbaa5a,f7b16b3b-2921-4216-9c3a-69d55ffce0db,2026-01-08 03:00:13.724980,wave,39.3,flower,84.31,1.16
8fed12d4-f0ad-47a8-89ff-6c2bb3d07c64,053a9407-2e6e-4fbf-b4db-21d1f540cc9d,84f0c9da-075f-4a53-9b34-3929817b5d2e,2026-01-08 06:16:30.724980,spawn_object,29.2,flower,57.65,9.95
ced42486-9a8b-4b49-9b4a-f67e0d1f9701,053a9407-2e6e-4fbf-b4db-21d1f540cc9d,84f0c9da-075f-4a53-9b34-3929817b5d2e,2026-01-08 06:16:37.724980,wave,27.1,flower,78.52,92.35
be66e787-7734-488a-81c2-122e0a742950,053a9407-2e6e-4fbf-b4db-21d1f540cc9d,84f0c9da-075f-4a53-9b34-3929817b5d2e,2026-01-08 06:17:04.724980,wave,44.4,paintbrush,43.22,54.63
b1f602bc-0f2e-4499-ba40-d935752f0140,053a9407-2e6e-4fbf-b4db-21d1f540cc9d,84f0c9da-075f-4a53-9b34-3929817b5d2e,2026-01-08 06:17:29.724980,explore,50.0,flower,14.67,12.4
77f5f1e7-4f0d-4895-bad3-f77fd3cb2c9c,053a9407-2e6e-4fbf-b4db-21d1f540cc9d,84f0c9da-075f-4a53-9b34-3929817b5d2e,2026-01-08 06:17:42.724980,explore,35.0,cube,71.3,20.64
76391cb6-929e-478d-929e-a200751daabb,053a9407-2e6e-4fbf-b4db-21d1f540cc9d,84f0c9da-075f-4a53-9b34-3929817b5d2e,2026-01-08 06:17:49.724980,wave,35.5,flower,81.18,37.85
c612a7e7-c9ec-41f4-bd8c-0ba66c11a222,053a9407-2e6e-4fbf-b4db-21d1f540cc9d,84f0c9da-075f-4a53-9b34-3929817b5d2e,2026-01-08 06:18:13.724980,wave,46.6,flower,34.5,4.08
d03c1730-bc1f-4eb0-bdcc-714f9a19b90b,053a9407-2e6e-4fbf-b4db-21d1f540cc9d,84f0c9da-075f-4a53-9b34-3929817b5d2e,2026-01-08 06:18:39.724980,spawn_object,40.8,paintbrush,15.1,2.7
f64d9862-3ec3-49d8-8771-ea42a4263da9,053a9407-2e6e-4fbf-b4db-21d1f540cc9d,84f0c9da-075f-4a53-9b34-3929817b5d2e,2026-01-08 06:19:09.724980,spawn_object,49.7,cube,97.37,35.79
272565ef-1870-474d-abb7-6da6ad33c645,053a9407-2e6e-4fbf-b4db-21d1f540cc9d,84f0c9da-075f-4a53-9b34-3929817b5d2e,2026-01-08 06:19:30.724980,wave,39.1,flower,12.76,33.03
e2cf5084-9741-4178-8e8d-455116631a8a,053a9407-2e6e-4fbf-b4db-21d1f540cc9d,84f0c9da-075f-4a53-9b34-3929817b5d2e,2026-01-08 06:19:46.724980,wave,37.5,cube,20.55,89.14
d46878c5-02f6-4212-a97d-47a0ba8d1ff9,053a9407-2e6e-4fbf-b4db-21d1f540cc9d,84f0c9da-075f-4a53-9b34-3929817b5d2e,2026-01-08 06:19:57.724980,wave,41.3,paintbrush,96.39,72.51
8b06d8a1-1b7e-4e53-970e-ba389d0a6617,053a9407-2e6e-4fbf-b4db-21d1f540cc9d,84f0c9da-075f-4a53-9b34-3929817b5d2e,2026-01-08 06:20:26.724980,wave,45.1,cube,5.42,95.72
239254bb-d6b8-45ee-98af-c8f50cf5d194,053a9407-2e6e-4fbf-b4db-21d1f540cc9d,84f0c9da-075f-4a53-9b34-3929817b5d2e,2026-01-08 06:20:42.724980,explore,46.1,paintbrush,80.53,76.18
7005ce21-1dd2-473c-a019-4fe254d39e3b,d8b5d430-b42c-4172-901d-8d38a027ae99,45216487-0e93-4661-b7e8-c16e57976e3d,2026-01-07 18:45:30.724980,explore,39.5,flower,29.01,6.49
7ff356c4-d7cb-42a7-9db3-207b801ffbd8,d8b5d430-b42c-4172-901d-8d38a027ae99,45216487-0e93-4661-b7e8-c16e57976e3d,2026-01-07 18:45:49.724980,wave,34.6,flower,91.56,81.61
0a6bf293-a709-486b-a381-d3afc6fbaf56,d8b5d430-b42c-4172-901d-8d38a027ae99,45216487-0e93-4661-b7e8-c16e57976e3d,2026-01-07 18:46:19.724980,explore,32.5,paintbrush,97.5,7.6
5ee65b7c-34d8-489c-ae4f-d24a8b57fc6a,d8b5d430-b42c-4172-901d-8d38a027ae99,45216487-0e93-4661-b7e8-c16e57976e3d,2026-01-07 18:46:46.724980,wave,35.7,paintbrush,89.71,65.45
de6ed019-08bf-4cf6-8d4f-2ccc83fbbf73,d8b5d430-b42c-4172-901d-8d38a027ae99,45216487-0e93-4661-b7e8-c16e57976e3d,2026-01-07 18:47:06.724980,spawn_object,37.4,cube,43.66,3.71
545205e3-cce7-47df-afee-78bae0e800a6,d8b5d430-b42c-4172-901d-8d38a027ae99,45216487-0e93-4661-b7e8-c16e57976e3d,2026-01-07 18:47:18.724980,wave,48.6,cube,44.56,63.59
9f1438cc-b104-4630-8780-348c7fcc1d31,d8b5d430-b42c-4172-901d-8d38a027ae99,45216487-0e93-4661-b7e8-c16e57976e3d,2026-01-07 18:47:42.724980,explore,39.0,cube,41.87,51.54
bd3fbebf-c9fb-47c8-aff7-5f803e6d2e1c,d8b5d430-b42c-4172-901d-8d38a027ae99,45216487-0e93-4661-b7e8-c16e57976e3d,2026-01-07 18:47:58.724980,explore,40.3,paintbrush,53.15,45.61
aea4f816-07dd-48ca-b623-71f959b43fff,d8b5d430-b42c-4172-901d-8d38a027ae99,45216487-0e93-4661-b7e8-c16e57976e3d,2026-01-07 18:48:10.724980,wave,44.1,paintbrush,91.98,51.24
f22494fe-57ca-4bc3-a85c-ef52ce164c93,d8b5d430-b42c-4172-901d-8d38a027ae99,45216487-0e93-4661-b7e8-c16e57976e3d,2026-01-07 18:48:34.724980,explore,38.7,paintbrush,14.21,83.39
fb439507-4445-4a32-8b62-bafec9330312,d8b5d430-b42c-4172-901d-8d38a027ae99,45216487-0e93-4661-b7e8-c16e57976e3d,2026-01-07 18:48:39.724980,explore,34.0,paintbrush,33.39,45.64
03f21552-b2bb-42c9-9ebc-d8acbb8917cc,d8b5d430-b42c-4172-901d-8d38a027ae99,45216487-0e93-4661-b7e8-c16e57976e3d,2026-01-07 18:48:45.724980,explore,49.2,flower,75.87,46.15
94bf012c-690a-4329-9bcf-b7430ac557bc,d8b5d430-b42c-4172-901d-8d38a027ae99,45216487-0e93-4661-b7e8-c16e57976e3d,2026-01-07 18:48:51.724980,explore,39.8,paintbrush,17.84,3.16
67f1d736-7905-465c-887a-1a8492e7313b,d8b5d430-b42c-4172-901d-8d38a027ae99,45216487-0e93-4661-b7e8-c16e57976e3d,2026-01-07 18:49:14.724980,explore,43.4,flower,80.1,3.05
82021bd4-9f92-4fcf-871e-aa38ab8f954d,d8b5d430-b42c-4172-901d-8d38a027ae99,45216487-0e93-4661-b7e8-c16e57976e3d,2026-01-07 18:49:35.724980,explore,39.9,cube,39.39,22.28
35f9701a-cf98-4ebb-988f-a2fbab0e599c,d8b5d430-b42c-4172-901d-8d38a027ae99,45216487-0e93-4661-b7e8-c16e57976e3d,2026-01-07 18:49:49.724980,explore,32.3,cube,90.59,84.92
a5b39c30-a59b-40f3-8f0a-ba1660530da7,d8b5d430-b42c-4172-901d-8d38a027ae99,45216487-0e93-4661-b7e8-c16e57976e3d,2026-01-07 18:50:17.724980,explore,29.9,cube,62.51,27.3
4f368b28-3f7c-4979-886d-2681fc1022a5,d8b5d430-b42c-4172-901d-8d38a027ae99,45216487-0e93-4661-b7e8-c16e57976e3d,2026-01-07 18:50:29.724980,explore,43.6,cube,40.23,47.0
c870a9c7-5bc6-4389-8bf9-a059e3f30677,d8b5d430-b42c-4172-901d-8d38a027ae99,45216487-0e93-4661-b7e8-c16e57976e3d,2026-01-07 18:50:57.724980,explore,36.0,cube,82.76,31.18
dcb50d5b-7d76-40c4-bd19-cf2e4016e01a,d8b5d430-b42c-4172-901d-8d38a027ae99,45216487-0e93-4661-b7e8-c16e57976e3d,2026-01-07 18:51:10.724980,wave,43.8,cube,12.02,69.23
35ab13c9-683a-4b1b-80ee-5328a7b64f25,d8b5d430-b42c-4172-901d-8d38a027ae99,45216487-0e93-4661-b7e8-c16e57976e3d,2026-01-07 18:51:26.724980,explore,35.1,paintbrush,6.83,12.12
9444f9c3-323d-4ac2-b7ef-350b3fd8ba60,d8b5d430-b42c-4172-901d-8d38a027ae99,45216487-0e93-4661-b7e8-c16e57976e3d,2026-01-07 18:51:53.724980,wave,33.2,flower,12.37,38.03
e83816d2-1a3a-4484-ba7e-86f627d9fda8,d8b5d430-b42c-4172-901d-8d38a027ae99,45216487-0e93-4661-b7e8-c16e57976e3d,2026-01-07 18:52:04.724980,wave,44.5,flower,91.04,0.41
91512fff-d081-4d2d-98d0-d1c54dc81147,d8b5d430-b42c-4172-901d-8d38a027ae99,45216487-0e93-4661-b7e8-c16e57976e3d,2026-01-07 18:52:24.724980,wave,40.2,cube,9.96,83.18
068cf06c-9388-424f-baf4-29f4f68ec026,d8b5d430-b42c-4172-901d-8d38a027ae99,45216487-0e93-4661-b7e8-c16e57976e3d,2026-01-07 18:52:40.724980,explore,39.2,flower,95.11,22.55
88783c49-8546-47b3-a460-8cbccb3eadae,7ba4aee0-dd45-4a1e-b8c9-03809b70882d,68ef81ca-d9da-4cbb-8144-ac6031fc08b7,2026-01-08 01:37:20.724980,explore,44.3,cube,11.85,95.05
bdad757c-2eb7-4ab4-873e-4f64b54b47db,7ba4aee0-dd45-4a1e-b8c9-03809b70882d,68ef81ca-d9da-4cbb-8144-ac6031fc08b7,2026-01-08 01:37:26.724980,explore,41.6,paintbrush,75.71,92.18
0efb2962-d7fd-4a2f-96bd-f921eef425eb,7ba4aee0-dd45-4a1e-b8c9-03809b70882d,68ef81ca-d9da-4cbb-8144-ac6031fc08b7,2026-01-08 01:37:43.724980,explore,36.0,paintbrush,41.64,7.81
02bd9757-6cc5-4a2e-a46a-270e46716d48,7ba4aee0-dd45-4a1e-b8c9-03809b70882d,68ef81ca-d9da-4cbb-8144-ac6031fc08b7,2026-01-08 01:37:58.724980,wave,31.6,flower,92.7,82.1
1f09536a-aeb4-4d32-83dd-581c16a49128,7ba4aee0-dd45-4a1e-b8c9-03809b70882d,68ef81ca-d9da-4cbb-8144-ac6031fc08b7,2026-01-08 01:38:16.724980,wave,33.8,paintbrush,66.93,47.68
a1bce4be-49e2-42d0-becb-77d2719b5428,7ba4aee0-dd45-4a1e-b8c9-03809b70882d,68ef81ca-d9da-4cbb-8144-ac6031fc08b7,2026-01-08 01:38:38.724980,explore,41.8,cube,89.13,79.66
9e24dd67-e387-404b-9c77-91626366f053,7ba4aee0-dd45-4a1e-b8c9-03809b70882d,68ef81ca-d9da-4cbb-8144-ac6031fc08b7,2026-01-08 01:38:43.724980,explore,38.0,flower,2.34,17.86
620e5874-2eeb-46e6-b388-6b6176b7d1a2,7ba4aee0-dd45-4a1e-b8c9-03809b70882d,68ef81ca-d9da-4cbb-8144-ac6031fc08b7,2026-01-08 01:39:10.724980,explore,37.7,flower,69.52,14.29
592fa50f-86ea-4789-a707-b5421a68fc98,7ba4aee0-dd45-4a1e-b8c9-03809b70882d,68ef81ca-d9da-4cbb-8144-ac6031fc08b7,2026-01-08 01:39:20.724980,spawn_object,39.9,paintbrush,38.06,30.28
2b932360-9f0a-455d-b787-e856b8ad09ec,7ba4aee0-dd45-4a1e-b8c9-03809b70882d,68ef81ca-d9da-4cbb-8144-ac6031fc08b7,2026-01-08 01:39:47.724980,explore,32.6,flower,39.63,77.61
a3216519-5dbf-49bf-a830-dd3393712c83,7ba4aee0-dd45-4a1e-b8c9-03809b70882d,68ef81ca-d9da-4cbb-8144-ac6031fc08b7,2026-01-08 01:39:58.724980,wave,32.5,flower,32.35,23.64
718f2e96-a481-416c-b178-bfa2ce3f0066,7ba4aee0-dd45-4a1e-b8c9-03809b70882d,68ef81ca-d9da-4cbb-8144-ac6031fc08b7,2026-01-08 01:40:10.724980,explore,37.2,cube,47.87,93.01
34cfeb73-a13a-4c33-b997-2b0f73d1743d,7ba4aee0-dd45-4a1e-b8c9-03809b70882d,68ef81ca-d9da-4cbb-8144-ac6031fc08b7,2026-01-08 01:40:29.724980,explore,36.7,cube,78.88,17.64
0b71c34f-c5f2-4ef9-ab0f-f2da137ac3af,7ba4aee0-dd45-4a1e-b8c9-03809b70882d,68ef81ca-d9da-4cbb-8144-ac6031fc08b7,2026-01-08 01:40:54.724980,explore,30.5,flower,79.15,80.52
cb014a62-427d-4f7b-84f4-1a82650145cd,7ba4aee0-dd45-4a1e-b8c9-03809b70882d,68ef81ca-d9da-4cbb-8144-ac6031fc08b7,2026-01-08 01:41:13.724980,wave,45.8,cube,50.77,44.66
dd6f6b8e-6df3-49d0-85f4-bf2403ec9833,7ba4aee0-dd45-4a1e-b8c9-03809b70882d,68ef81ca-d9da-4cbb-8144-ac6031fc08b7,2026-01-08 01:41:42.724980,explore,35.0,paintbrush,20.79,95.66
292d8f61-8f97-4e3f-9235-1a8d649f18ea,7ba4aee0-dd45-4a1e-b8c9-03809b70882d,68ef81ca-d9da-4cbb-8144-ac6031fc08b7,2026-01-08 01:42:11.724980,explore,35.8,paintbrush,45.92,77.13
049da25b-54cf-40d2-a8ea-ae5deb27e685,7ba4aee0-dd45-4a1e-b8c9-03809b70882d,68ef81ca-d9da-4cbb-8144-ac6031fc08b7,2026-01-08 01:42:24.724980,explore,43.5,paintbrush,11.53,60.92
09d1c84f-19b5-47ee-8668-0af6b2f25bcc,7ba4aee0-dd45-4a1e-b8c9-03809b70882d,68ef81ca-d9da-4cbb-8144-ac6031fc08b7,2026-01-08 01:42:54.724980,explore,39.3,paintbrush,59.96,93.2
f2e24cf5-8e94-4ef6-8201-047b0f0ec248,7ba4aee0-dd45-4a1e-b8c9-03809b70882d,68ef81ca-d9da-4cbb-8144-ac6031fc08b7,2026-01-08 01:43:18.724980,wave,36.8,paintbrush,30.47,90.26
127cd1d5-c80b-4770-bbd5-540ae4c71777,7ba4aee0-dd45-4a1e-b8c9-03809b70882d,68ef81ca-d9da-4cbb-8144-ac6031fc08b7,2026-01-08 01:43:24.724980,wave,32.9,flower,83.71,57.79
9d2d5230-529b-4098-aac0-d64739372530,7ba4aee0-dd45-4a1e-b8c9-03809b70882d,68ef81ca-d9da-4cbb-8144-ac6031fc08b7,2026-01-08 01:43:44.724980,explore,49.4,cube,86.49,7.21
94cf45d6-f85c-4916-b69e-65456c6b9c62,7ba4aee0-dd45-4a1e-b8c9-03809b70882d,68ef81ca-d9da-4cbb-8144-ac6031fc08b7,2026-01-08 01:43:57.724980,wave,45.5,flower,95.88,43.68
ccf97f9d-35ba-4be9-b978-16b832cf5b59,7ba4aee0-dd45-4a1e-b8c9-03809b70882d,68ef81ca-d9da-4cbb-8144-ac6031fc08b7,2026-01-08 01:44:26.724980,explore,42.5,flower,15.84,4.23
6a4ab58d-63e5-44cb-9c33-4a265bbf5ba0,7ba4aee0-dd45-4a1e-b8c9-03809b70882d,68ef81ca-d9da-4cbb-8144-ac6031fc08b7,2026-01-08 01:44:47.724980,explore,41.9,paintbrush,56.61,18.4
5a5f319a-cceb-42df-a073-b4447683f4d2,ceab6514-cb4e-42e3-9f82-b5e9ccf5a697,0e37b8c0-2721-45d9-8640-ab048bfdef8d,2026-01-07 21:22:26.724980,explore,43.8,flower,60.38,9.62
bf080475-369c-4ac1-8ff5-86c3120ca82f,ceab6514-cb4e-42e3-9f82-b5e9ccf5a697,0e37b8c0-2721-45d9-8640-ab048bfdef8d,2026-01-07 21:22:55.724980,explore,34.5,cube,19.57,87.68
d6e38598-592b-427a-b32a-c9be9dba7a85,ceab6514-cb4e-42e3-9f82-b5e9ccf5a697,0e37b8c0-2721-45d9-8640-ab048bfdef8d,2026-01-07 21:23:22.724980,wave,37.7,paintbrush,71.16,29.44
6578fe3c-728c-4e2c-9c86-d5d05b3d88fc,ceab6514-cb4e-42e3-9f82-b5e9ccf5a697,0e37b8c0-2721-45d9-8640-ab048bfdef8d,2026-01-07 21:23:52.724980,explore,35.0,cube,63.82,79.65
194c3957-2b4d-4ab8-8058-e8ce282dcccb,ceab6514-cb4e-42e3-9f82-b5e9ccf5a697,0e37b8c0-2721-45d9-8640-ab048bfdef8d,2026-01-07 21:24:12.724980,wave,36.6,flower,36.18,61.41
194b53c3-2f89-4de4-a390-11d1c773d258,ceab6514-cb4e-42e3-9f82-b5e9ccf5a697,0e37b8c0-2721-45d9-8640-ab048bfdef8d,2026-01-07 21:24:33.724980,wave,40.1,flower,29.51,80.52
366d5352-c058-4a57-af37-6097add7c9e0,ceab6514-cb4e-42e3-9f82-b5e9ccf5a697,0e37b8c0-2721-45d9-8640-ab048bfdef8d,2026-01-07 21:25:01.724980,explore,49.0,flower,46.78,83.07
58048dc3-4d09-4e5c-93ca-98e75dc65361,ceab6514-cb4e-42e3-9f82-b5e9ccf5a697,0e37b8c0-2721-45d9-8640-ab048bfdef8d,2026-01-07 21:25:18.724980,spawn_object,39.2,paintbrush,44.66,52.13
f831a634-b988-4fb9-a0ef-25ab6500decf,ceab6514-cb4e-42e3-9f82-b5e9ccf5a697,0e37b8c0-2721-45d9-8640-ab048bfdef8d,2026-01-07 21:25:34.724980,spawn_object,34.8,flower,69.3,8.19
273c009f-c346-4a3d-90a1-0806768af38b,ceab6514-cb4e-42e3-9f82-b5e9ccf5a697,0e37b8c0-2721-45d9-8640-ab048bfdef8d,2026-01-07 21:25:58.724980,explore,34.1,paintbrush,75.34,68.2
f6ec51fa-d177-4c22-93ef-07ed38f768bb,ceab6514-cb4e-42e3-9f82-b5e9ccf5a697,0e37b8c0-2721-45d9-8640-ab048bfdef8d,2026-01-07 21:26:06.724980,explore,44.9,paintbrush,55.1,54.54
59be2d1d-3361-42bb-9b44-5352fc800c2a,ceab6514-cb4e-42e3-9f82-b5e9ccf5a697,0e37b8c0-2721-45d9-8640-ab048bfdef8d,2026-01-07 21:26:12.724980,explore,45.7,paintbrush,37.72,78.66
f93531c1-d88f-4f3b-963f-abf04d7815bf,ceab6514-cb4e-42e3-9f82-b5e9ccf5a697,0e37b8c0-2721-45d9-8640-ab048bfdef8d,2026-01-07 21:26:21.724980,explore,45.6,flower,1.1,8.86
ef1e3eb3-0e16-471b-b4af-8aeae6d0ec71,ceab6514-cb4e-42e3-9f82-b5e9ccf5a697,0e37b8c0-2721-45d9-8640-ab048bfdef8d,2026-01-07 21:26:33.724980,explore,39.9,flower,58.24,2.65
c595f5fc-3021-479d-8b7e-f3aa8547d759,ceab6514-cb4e-42e3-9f82-b5e9ccf5a697,0e37b8c0-2721-45d9-8640-ab048bfdef8d,2026-01-07 21:27:01.724980,spawn_object,41.1,cube,96.46,25.69
dedb95cc-2dba-44e3-a6ed-c2d497dafbe3,b3ab49a1-c440-4c39-8840-57a7aea0f4db,2236be46-7da1-44e2-9556-a7ae1a5373b7,2026-01-08 04:47:33.724980,explore,42.1,flower,80.41,59.4
e4bdcce7-a3ef-41a5-92c4-d536879b2ca9,b3ab49a1-c440-4c39-8840-57a7aea0f4db,2236be46-7da1-44e2-9556-a7ae1a5373b7,2026-01-08 04:47:51.724980,explore,45.9,flower,65.28,52.49
2f80f1a9-2ed9-4477-bbe4-443bead6d066,b3ab49a1-c440-4c39-8840-57a7aea0f4db,2236be46-7da1-44e2-9556-a7ae1a5373b7,2026-01-08 04:48:21.724980,explore,41.7,flower,69.8,82.2
1ce78faa-fc70-4f46-b495-d08a028fa240,b3ab49a1-c440-4c39-8840-57a7aea0f4db,2236be46-7da1-44e2-9556-a7ae1a5373b7,2026-01-08 04:48:26.724980,explore,37.0,cube,37.47,45.41
fe594004-59db-4f86-8425-3182b5e493f0,b3ab49a1-c440-4c39-8840-57a7aea0f4db,2236be46-7da1-44e2-9556-a7ae1a5373b7,2026-01-08 04:48:53.724980,wave,39.4,paintbrush,19.45,48.35
33de510d-82c0-479a-aff5-8feef44ab61c,b3ab49a1-c440-4c39-8840-57a7aea0f4db,2236be46-7da1-44e2-9556-a7ae1a5373b7,2026-01-08 04:49:06.724980,wave,41.7,flower,43.38,31.64
6b614c7d-ff93-4822-8646-9df6f16009f8,b3ab49a1-c440-4c39-8840-57a7aea0f4db,2236be46-7da1-44e2-9556-a7ae1a5373b7,2026-01-08 04:49:25.724980,explore,43.5,flower,24.37,34.61
b1c77a72-f293-4c0b-94b2-45322df326db,b3ab49a1-c440-4c39-8840-57a7aea0f4db,2236be46-7da1-44e2-9556-a7ae1a5373b7,2026-01-08 04:49:47.724980,explore,41.9,flower,45.18,91.8
b34ec31e-800d-4b9a-a2cf-616a3a748626,b3ab49a1-c440-4c39-8840-57a7aea0f4db,2236be46-7da1-44e2-9556-a7ae1a5373b7,2026-01-08 04:49:55.724980,explore,32.8,flower,89.86,70.93
bc896ab3-70d2-45d2-90b5-637298e13ebb,b3ab49a1-c440-4c39-8840-57a7aea0f4db,2236be46-7da1-44e2-9556-a7ae1a5373b7,2026-01-08 04:50:24.724980,explore,37.6,paintbrush,69.55,6.22
0f615a08-5f4f-44fc-816a-069a7e193f67,b3ab49a1-c440-4c39-8840-57a7aea0f4db,2236be46-7da1-44e2-9556-a7ae1a5373b7,2026-01-08 04:50:52.724980,explore,35.7,cube,82.82,95.86
ed445dcc-4134-4911-9068-3bcdce5a93c9,b3ab49a1-c440-4c39-8840-57a7aea0f4db,2236be46-7da1-44e2-9556-a7ae1a5373b7,2026-01-08 04:50:59.724980,explore,42.5,cube,15.07,6.31
83019f63-a996-4e74-a7f4-03988b7b0860,b3ab49a1-c440-4c39-8840-57a7aea0f4db,2236be46-7da1-44e2-9556-a7ae1a5373b7,2026-01-08 04:51:06.724980,wave,46.2,paintbrush,46.73,38.32
7108d2aa-23b7-41e4-add9-f238e55b3909,b3ab49a1-c440-4c39-8840-57a7aea0f4db,2236be46-7da1-44e2-9556-a7ae1a5373b7,2026-01-08 04:51:18.724980,explore,44.5,flower,54.1,99.28
3adc535d-f975-4a22-b085-1516ecfb6b92,fbf1b8a8-6b44-4ecc-a1e0-db54cd435c9a,976b4284-0788-43cb-aadb-9db578662faf,2026-01-08 07:44:22.724980,explore,37.6,cube,53.42,17.77
b8d122e0-1ddc-41eb-b1ad-7b8e1bae12cb,fbf1b8a8-6b44-4ecc-a1e0-db54cd435c9a,976b4284-0788-43cb-aadb-9db578662faf,2026-01-08 07:44:32.724980,explore,43.8,flower,54.52,62.52
4cd3a313-2732-4051-8b18-d600df8c7030,fbf1b8a8-6b44-4ecc-a1e0-db54cd435c9a,976b4284-0788-43cb-aadb-9db578662faf,2026-01-08 07:44:52.724980,wave,40.4,flower,22.98,13.63
b712b98a-6094-44e2-948a-418f06e5cf75,fbf1b8a8-6b44-4ecc-a1e0-db54cd435c9a,976b4284-0788-43cb-aadb-9db578662faf,2026-01-08 07:45:14.724980,wave,44.3,cube,78.29,56.08
a7328528-688d-4a8b-a822-090772b1df36,fbf1b8a8-6b44-4ecc-a1e0-db54cd435c9a,976b4284-0788-43cb-aadb-9db578662faf,2026-01-08 07:45:19.724980,wave,46.2,paintbrush,81.4,33.33
5d3193e3-c698-4d48-8c26-6cd90f176920,fbf1b8a8-6b44-4ecc-a1e0-db54cd435c9a,976b4284-0788-43cb-aadb-9db578662faf,2026-01-08 07:45:32.724980,wave,38.1,cube,10.62,3.15
291e24d0-47a8-4a15-9ad7-a25adc806fa6,fbf1b8a8-6b44-4ecc-a1e0-db54cd435c9a,976b4284-0788-43cb-aadb-9db578662faf,2026-01-08 07:45:38.724980,explore,41.8,paintbrush,89.21,91.45
857b686e-b72f-43c5-97c1-81f346f7ebaf,fbf1b8a8-6b44-4ecc-a1e0-db54cd435c9a,976b4284-0788-43cb-aadb-9db578662faf,2026-01-08 07:46:06.724980,explore,38.5,paintbrush,9.66,79.43
994b8506-e7cc-478f-b845-e21ea06c8051,fbf1b8a8-6b44-4ecc-a1e0-db54cd435c9a,976b4284-0788-43cb-aadb-9db578662faf,2026-01-08 07:46:25.724980,explore,45.8,paintbrush,36.77,44.35
a3be2fe2-2886-4e86-8f70-728e573f6bf7,fbf1b8a8-6b44-4ecc-a1e0-db54cd435c9a,976b4284-0788-43cb-aadb-9db578662faf,2026-01-08 07:46:51.724980,spawn_object,38.1,cube,17.14,0.03
1dbeb9f4-f992-4fe3-8dc8-d45a92d8d8e7,fbf1b8a8-6b44-4ecc-a1e0-db54cd435c9a,976b4284-0788-43cb-aadb-9db578662faf,2026-01-08 07:47:10.724980,explore,39.6,flower,74.64,68.33
7461e59d-d175-4749-976c-9ba6b6096009,fbf1b8a8-6b44-4ecc-a1e0-db54cd435c9a,976b4284-0788-43cb-aadb-9db578662faf,2026-01-08 07:47:16.724980,explore,41.5,paintbrush,3.31,53.45
95133e30-5d31-4e9e-b433-ebec5bd37a21,fbf1b8a8-6b44-4ecc-a1e0-db54cd435c9a,976b4284-0788-43cb-aadb-9db578662faf,2026-01-08 07:47:23.724980,explore,36.1,paintbrush,68.39,84.47
072aa16f-8e00-4cba-bb3b-9c753b7d3a1e,fbf1b8a8-6b44-4ecc-a1e0-db54cd435c9a,976b4284-0788-43cb-aadb-9db578662faf,2026-01-08 07:47:31.724980,explore,50.4,flower,83.95,7.79
c1627ede-9ce1-4784-93f9-14685a081518,fbf1b8a8-6b44-4ecc-a1e0-db54cd435c9a,976b4284-0788-43cb-aadb-9db578662faf,2026-01-08 07:47:43.724980,wave,42.5,flower,10.21,94.14
9f9ece25-0a7d-4495-b5c6-328fb1d2803b,fbf1b8a8-6b44-4ecc-a1e0-db54cd435c9a,976b4284-0788-43cb-aadb-9db578662faf,2026-01-08 07:48:07.724980,explore,32.7,cube,96.07,83.14
a8c4321d-279a-4e18-a7c2-63afe61c89fa,fbf1b8a8-6b44-4ecc-a1e0-db54cd435c9a,976b4284-0788-43cb-aadb-9db578662faf,2026-01-08 07:48:29.724980,spawn_object,38.9,paintbrush,73.8,93.76
d55765d8-1d88-44e5-8bfe-b0f3055d5d51,fbf1b8a8-6b44-4ecc-a1e0-db54cd435c9a,976b4284-0788-43cb-aadb-9db578662faf,2026-01-08 07:48:41.724980,wave,42.1,flower,1.63,42.57
afe7f2b6-f981-449e-b58c-2321c4bed280,fbf1b8a8-6b44-4ecc-a1e0-db54cd435c9a,976b4284-0788-43cb-aadb-9db578662faf,2026-01-08 07:48:52.724980,explore,38.1,flower,31.23,89.31
4b7d2fef-fc22-4ff5-af63-794f5697bb3b,fbf1b8a8-6b44-4ecc-a1e0-db54cd435c9a,976b4284-0788-43cb-aadb-9db578662faf,2026-01-08 07:49:13.724980,wave,48.0,flower,94.23,66.84
10940c58-6f54-4088-9431-15cbf1c6bbf3,fbf1b8a8-6b44-4ecc-a1e0-db54cd435c9a,976b4284-0788-43cb-aadb-9db578662faf,2026-01-08 07:49:43.724980,explore,36.3,flower,12.29,45.0
e00b9684-78e1-4a3a-a4dc-dc3ac6765c11,fbf1b8a8-6b44-4ecc-a1e0-db54cd435c9a,976b4284-0788-43cb-aadb-9db578662faf,2026-01-08 07:50:07.724980,explore,39.3,paintbrush,38.2,99.51
517dff89-0482-4565-9a58-5775c21f4cdd,fbf1b8a8-6b44-4ecc-a1e0-db54cd435c9a,976b4284-0788-43cb-aadb-9db578662faf,2026-01-08 07:50:20.724980,explore,35.2,flower,98.67,53.52
67b0f338-b934-4409-a1e5-a2d1ffe45e2b,fbf1b8a8-6b44-4ecc-a1e0-db54cd435c9a,976b4284-0788-43cb-aadb-9db578662faf,2026-01-08 07:50:45.724980,explore,31.0,flower,3.17,47.46
e2653b12-42b8-4ac3-b458-d1592fd04fef,fbf1b8a8-6b44-4ecc-a1e0-db54cd435c9a,976b4284-0788-43cb-aadb-9db578662faf,2026-01-08 07:51:06.724980,explore,41.7,flower,76.98,64.5
d5e55f93-f4ca-4eb1-912d-a828ec1e2a37,fbf1b8a8-6b44-4ecc-a1e0-db54cd435c9a,976b4284-0788-43cb-aadb-9db578662faf,2026-01-08 07:51:18.724980,explore,34.6,flower,57.54,95.08
683a9558-9d00-4634-abe3-3c567f1d3c62,fbf1b8a8-6b44-4ecc-a1e0-db54cd435c9a,976b4284-0788-43cb-aadb-9db578662faf,2026-01-08 07:51:42.724980,explore,40.5,paintbrush,69.67,27.7
7af1d7da-aaa0-423c-8edd-f01ca10e2a8e,fbf1b8a8-6b44-4ecc-a1e0-db54cd435c9a,976b4284-0788-43cb-aadb-9db578662faf,2026-01-08 07:51:57.724980,explore,33.7,paintbrush,96.93,99.98
34e18675-160e-42d1-9899-960eba7f4e5e,40fe0f60-0a05-420d-835f-6ae9a1fcbcdb,dbc3f8c7-513a-4a3d-aef3-0a255f32b2f4,2026-01-08 05:07:14.724980,explore,42.7,paintbrush,36.58,72.07
79af78e0-e808-4da6-a6a7-aa1455d1196f,40fe0f60-0a05-420d-835f-6ae9a1fcbcdb,dbc3f8c7-513a-4a3d-aef3-0a255f32b2f4,2026-01-08 05:07:29.724980,explore,34.7,paintbrush,56.84,73.18
6c05af30-211b-4022-8c16-aa574a28efe1,40fe0f60-0a05-420d-835f-6ae9a1fcbcdb,dbc3f8c7-513a-4a3d-aef3-0a255f32b2f4,2026-01-08 05:07:41.724980,spawn_object,39.3,cube,56.49,1.24
45ffeba1-5481-4240-8d39-b57be3b4552f,40fe0f60-0a05-420d-835f-6ae9a1fcbcdb,dbc3f8c7-513a-4a3d-aef3-0a255f32b2f4,2026-01-08 05:07:46.724980,explore,39.6,cube,28.85,48.79
ce6163a6-0dbb-4f7a-8a15-cc18a7c75622,40fe0f60-0a05-420d-835f-6ae9a1fcbcdb,dbc3f8c7-513a-4a3d-aef3-0a255f32b2f4,2026-01-08 05:07:54.724980,spawn_object,43.4,cube,47.29,68.7
09354745-c376-4326-833a-3eab4dac3a1e,40fe0f60-0a05-420d-835f-6ae9a1fcbcdb,dbc3f8c7-513a-4a3d-aef3-0a255f32b2f4,2026-01-08 05:08:21.724980,explore,40.8,cube,78.03,70.76
be3dc7af-9bb3-4d2b-9c01-c80975a7ed8e,40fe0f60-0a05-420d-835f-6ae9a1fcbcdb,dbc3f8c7-513a-4a3d-aef3-0a255f32b2f4,2026-01-08 05:08:33.724980,explore,40.8,flower,85.02,81.94
22e559a6-f228-421d-bcb3-b0347fe10e8c,40fe0f60-0a05-420d-835f-6ae9a1fcbcdb,dbc3f8c7-513a-4a3d-aef3-0a255f32b2f4,2026-01-08 05:08:49.724980,wave,40.1,flower,58.62,9.5
021060a8-ea0d-4baf-b6d9-ecdecf274543,40fe0f60-0a05-420d-835f-6ae9a1fcbcdb,dbc3f8c7-513a-4a3d-aef3-0a255f32b2f4,2026-01-08 05:08:57.724980,spawn_object,46.0,paintbrush,5.17,65.11
c75a8397-a15b-4cad-b400-91b4239d4ec7,40fe0f60-0a05-420d-835f-6ae9a1fcbcdb,dbc3f8c7-513a-4a3d-aef3-0a255f32b2f4,2026-01-08 05:09:22.724980,spawn_object,40.1,flower,87.21,93.65
7def1db5-4af0-4abd-8cfe-7263f3398956,40fe0f60-0a05-420d-835f-6ae9a1fcbcdb,dbc3f8c7-513a-4a3d-aef3-0a255f32b2f4,2026-01-08 05:09:45.724980,explore,34.9,cube,32.68,71.64
567564ce-0f13-4a5b-8ea8-2fedefa43b8c,40fe0f60-0a05-420d-835f-6ae9a1fcbcdb,dbc3f8c7-513a-4a3d-aef3-0a255f32b2f4,2026-01-08 05:09:54.724980,spawn_object,34.6,flower,72.78,69.9
ffdd9e69-8036-48a5-82a2-49e8cc13f05d,40fe0f60-0a05-420d-835f-6ae9a1fcbcdb,dbc3f8c7-513a-4a3d-aef3-0a255f32b2f4,2026-01-08 05:10:20.724980,explore,41.6,paintbrush,23.8,55.23
7788531c-a323-4e61-beb5-3aec77c6372e,40fe0f60-0a05-420d-835f-6ae9a1fcbcdb,dbc3f8c7-513a-4a3d-aef3-0a255f32b2f4,2026-01-08 05:10:30.724980,explore,33.4,cube,84.42,37.09
61d086f9-63d4-41a4-bfa6-dda79ea854fe,40fe0f60-0a05-420d-835f-6ae9a1fcbcdb,dbc3f8c7-513a-4a3d-aef3-0a255f32b2f4,2026-01-08 05:10:48.724980,wave,39.0,flower,29.29,80.45
1bba39a0-4bf4-4ce5-8eef-9ba759f28c73,40fe0f60-0a05-420d-835f-6ae9a1fcbcdb,dbc3f8c7-513a-4a3d-aef3-0a255f32b2f4,2026-01-08 05:11:03.724980,explore,38.5,cube,86.3,72.89
531c2c26-6c53-4c67-90e7-6b6031569909,40fe0f60-0a05-420d-835f-6ae9a1fcbcdb,dbc3f8c7-513a-4a3d-aef3-0a255f32b2f4,2026-01-08 05:11:23.724980,spawn_object,36.0,cube,32.16,60.41
accd0ab8-2164-4cae-9dc7-8c82f36f7ddf,40fe0f60-0a05-420d-835f-6ae9a1fcbcdb,dbc3f8c7-513a-4a3d-aef3-0a255f32b2f4,2026-01-08 05:11:48.724980,explore,45.6,cube,15.7,80.28
fd809baa-954d-4623-85ee-aa87e60e5ff5,40fe0f60-0a05-420d-835f-6ae9a1fcbcdb,dbc3f8c7-513a-4a3d-aef3-0a255f32b2f4,2026-01-08 05:12:03.724980,explore,46.1,flower,85.54,76.44
b891ee66-c6e9-4b88-b857-a6130013b1d9,40fe0f60-0a05-420d-835f-6ae9a1fcbcdb,dbc3f8c7-513a-4a3d-aef3-0a255f32b2f4,2026-01-08 05:12:15.724980,explore,36.6,flower,88.83,91.03
8af787fd-741e-4fb3-9ef9-7515684e5255,40fe0f60-0a05-420d-835f-6ae9a1fcbcdb,dbc3f8c7-513a-4a3d-aef3-0a255f32b2f4,2026-01-08 05:12:20.724980,wave,43.9,paintbrush,25.68,85.56
3bf435a5-f059-43ae-bb56-c2c0a5f8971e,5709d23d-bc5a-47eb-8a2d-b3d22ef23f56,28948e6e-b20d-4bda-8aa3-34e52c2e32ff,2026-01-07 19:37:27.724980,wave,37.9,flower,28.77,10.84
098ac3a7-bc3c-4d4b-a7b6-74d49fb91358,5709d23d-bc5a-47eb-8a2d-b3d22ef23f56,28948e6e-b20d-4bda-8aa3-34e52c2e32ff,2026-01-07 19:37:49.724980,explore,45.1,paintbrush,95.88,16.36
9966899d-baa2-4f5a-a12f-2a7b27bf83dd,5709d23d-bc5a-47eb-8a2d-b3d22ef23f56,28948e6e-b20d-4bda-8aa3-34e52c2e32ff,2026-01-07 19:38:06.724980,explore,42.1,flower,1.62,38.03
184ad83a-68e8-4843-83b4-145f2dbdb080,5709d23d-bc5a-47eb-8a2d-b3d22ef23f56,28948e6e-b20d-4bda-8aa3-34e52c2e32ff,2026-01-07 19:38:20.724980,explore,35.1,cube,56.61,38.21
06dca2e3-abfc-4856-98e3-0a8b44c62920,5709d23d-bc5a-47eb-8a2d-b3d22ef23f56,28948e6e-b20d-4bda-8aa3-34e52c2e32ff,2026-01-07 19:38:38.724980,explore,37.8,paintbrush,7.08,41.28
998bd501-3ee4-4a42-bb6f-5f262f1e942a,5709d23d-bc5a-47eb-8a2d-b3d22ef23f56,28948e6e-b20d-4bda-8aa3-34e52c2e32ff,2026-01-07 19:39:00.724980,wave,36.4,flower,93.34,6.37
7607bd73-9590-43c9-89a3-efef07337e4a,5709d23d-bc5a-47eb-8a2d-b3d22ef23f56,28948e6e-b20d-4bda-8aa3-34e52c2e32ff,2026-01-07 19:39:14.724980,explore,43.5,flower,57.88,16.56
25b23b54-0a91-4bd9-b30e-6281c9830e34,5709d23d-bc5a-47eb-8a2d-b3d22ef23f56,28948e6e-b20d-4bda-8aa3-34e52c2e32ff,2026-01-07 19:39:30.724980,explore,30.2,paintbrush,31.69,87.83
b4896110-3c31-4544-ad4f-b165ce353ba1,5709d23d-bc5a-47eb-8a2d-b3d22ef23f56,28948e6e-b20d-4bda-8aa3-34e52c2e32ff,2026-01-07 19:39:53.724980,explore,44.5,cube,20.79,74.53
00987f58-2e5d-4fa4-bd97-34f4b69bef94,5709d23d-bc5a-47eb-8a2d-b3d22ef23f56,28948e6e-b20d-4bda-8aa3-34e52c2e32ff,2026-01-07 19:39:59.724980,spawn_object,38.3,cube,23.52,6.06
cee192c0-9272-4676-9ca1-a76d7c6109b0,5709d23d-bc5a-47eb-8a2d-b3d22ef23f56,28948e6e-b20d-4bda-8aa3-34e52c2e32ff,2026-01-07 19:40:19.724980,spawn_object,38.9,paintbrush,1.09,33.44
564a0a3b-1df3-46bb-b474-88441fc437fe,5709d23d-bc5a-47eb-8a2d-b3d22ef23f56,28948e6e-b20d-4bda-8aa3-34e52c2e32ff,2026-01-07 19:40:43.724980,wave,32.3,cube,41.57,68.04
decf22fa-c0ae-48ff-965c-36532dd62f19,5709d23d-bc5a-47eb-8a2d-b3d22ef23f56,28948e6e-b20d-4bda-8aa3-34e52c2e32ff,2026-01-07 19:41:02.724980,wave,41.8,cube,95.44,33.04
e86fd3ca-33ef-4435-9a8d-277682ff28dc,5709d23d-bc5a-47eb-8a2d-b3d22ef23f56,28948e6e-b20d-4bda-8aa3-34e52c2e32ff,2026-01-07 19:41:28.724980,spawn_object,40.7,flower,23.46,60.43
0981e9a8-d74e-4451-8609-a8096df9d0be,5709d23d-bc5a-47eb-8a2d-b3d22ef23f56,28948e6e-b20d-4bda-8aa3-34e52c2e32ff,2026-01-07 19:41:34.724980,explore,40.0,cube,31.41,93.15
b4b11414-1bbb-4e25-b774-d0b548b23c53,5709d23d-bc5a-47eb-8a2d-b3d22ef23f56,28948e6e-b20d-4bda-8aa3-34e52c2e32ff,2026-01-07 19:41:41.724980,explore,41.3,flower,53.22,34.43
95bacd89-7456-4ad9-8612-5144b2679682,5709d23d-bc5a-47eb-8a2d-b3d22ef23f56,28948e6e-b20d-4bda-8aa3-34e52c2e32ff,2026-01-07 19:42:04.724980,explore,31.0,cube,88.8,8.18
da73c42e-d08c-4b9d-bd52-52cb54b4161d,5709d23d-bc5a-47eb-8a2d-b3d22ef23f56,28948e6e-b20d-4bda-8aa3-34e52c2e32ff,2026-01-07 19:42:20.724980,wave,39.4,flower,40.37,50.93
14dc1138-cf5e-4dc9-acc0-19656d3da0e1,5709d23d-bc5a-47eb-8a2d-b3d22ef23f56,28948e6e-b20d-4bda-8aa3-34e52c2e32ff,2026-01-07 19:42:49.724980,wave,44.2,flower,82.01,61.13
ac075db3-33a1-44a2-8a57-b5497fa748df,5709d23d-bc5a-47eb-8a2d-b3d22ef23f56,28948e6e-b20d-4bda-8aa3-34e52c2e32ff,2026-01-07 19:42:56.724980,explore,32.4,paintbrush,5.8,38.59
6ae1df03-e79e-4f2a-85cf-50986440ffa1,5709d23d-bc5a-47eb-8a2d-b3d22ef23f56,28948e6e-b20d-4bda-8aa3-34e52c2e32ff,2026-01-07 19:43:15.724980,explore,45.3,flower,87.15,59.99
814595b9-2e53-4d27-8842-e4f424484da5,5709d23d-bc5a-47eb-8a2d-b3d22ef23f56,28948e6e-b20d-4bda-8aa3-34e52c2e32ff,2026-01-07 19:43:39.724980,explore,25.6,paintbrush,86.58,81.9
2bffcb53-faec-4f32-a312-34ded7edd433,5709d23d-bc5a-47eb-8a2d-b3d22ef23f56,28948e6e-b20d-4bda-8aa3-34e52c2e32ff,2026-01-07 19:43:57.724980,explore,50.9,paintbrush,92.4,72.25
e538371b-d441-4654-ba08-74bcf56383ba,5709d23d-bc5a-47eb-8a2d-b3d22ef23f56,28948e6e-b20d-4bda-8aa3-34e52c2e32ff,2026-01-07 19:44:19.724980,spawn_object,40.6,cube,93.84,14.86
821d6734-4590-4314-a9dd-da187eb4525e,5709d23d-bc5a-47eb-8a2d-b3d22ef23f56,28948e6e-b20d-4bda-8aa3-34e52c2e32ff,2026-01-07 19:44:49.724980,explore,49.6,cube,28.59,38.65
23c5d66e-d81c-4ea7-89dc-261c35323981,5709d23d-bc5a-47eb-8a2d-b3d22ef23f56,28948e6e-b20d-4bda-8aa3-34e52c2e32ff,2026-01-07 19:45:15.724980,explore,45.0,paintbrush,52.5,76.38
a6ec96bc-8035-4fa6-bb62-5bc770edc7e2,5709d23d-bc5a-47eb-8a2d-b3d22ef23f56,28948e6e-b20d-4bda-8aa3-34e52c2e32ff,2026-01-07 19:45:45.724980,explore,41.9,cube,91.17,44.94
40a577ef-fd96-417a-8135-3e2fcecc8a67,5709d23d-bc5a-47eb-8a2d-b3d22ef23f56,28948e6e-b20d-4bda-8aa3-34e52c2e32ff,2026-01-07 19:45:58.724980,wave,43.2,paintbrush,95.2,7.28
bec228bc-d392-4cae-8c53-36116556b775,5709d23d-bc5a-47eb-8a2d-b3d22ef23f56,28948e6e-b20d-4bda-8aa3-34e52c2e32ff,2026-01-07 19:46:18.724980,wave,32.8,flower,8.87,29.58
62f00e9a-3f68-4bfa-a9d7-fce29dbfacfb,5709d23d-bc5a-47eb-8a2d-b3d22ef23f56,28948e6e-b20d-4bda-8aa3-34e52c2e32ff,2026-01-07 19:46:37.724980,explore,48.3,paintbrush,61.93,66.37
57d4f595-9692-4952-8cd7-e2a087f629f7,5709d23d-bc5a-47eb-8a2d-b3d22ef23f56,28948e6e-b20d-4bda-8aa3-34e52c2e32ff,2026-01-07 19:46:57.724980,explore,44.4,flower,38.67,75.69
8f5cb3ce-3aa7-41e9-9c97-b90dd3e1b257,5709d23d-bc5a-47eb-8a2d-b3d22ef23f56,28948e6e-b20d-4bda-8aa3-34e52c2e32ff,2026-01-07 19:47:12.724980,spawn_object,45.3,cube,66.45,9.12
66069d55-56a5-43c4-b224-aa01eb1e9a01,5709d23d-bc5a-47eb-8a2d-b3d22ef23f56,28948e6e-b20d-4bda-8aa3-34e52c2e32ff,2026-01-07 19:47:39.724980,explore,35.7,flower,61.8,40.77
9fbc5adb-ab1c-4e9a-8976-2342de575f46,5709d23d-bc5a-47eb-8a2d-b3d22ef23f56,28948e6e-b20d-4bda-8aa3-34e52c2e32ff,2026-01-07 19:48:02.724980,wave,39.9,flower,71.29,73.68
5714b1bd-3ffa-4210-8522-f2ec90331a7e,5709d23d-bc5a-47eb-8a2d-b3d22ef23f56,28948e6e-b20d-4bda-8aa3-34e52c2e32ff,2026-01-07 19:48:27.724980,explore,48.0,cube,4.5,64.65
8c0ad55a-d28d-4936-9f6a-ab76788b9ad0,5709d23d-bc5a-47eb-8a2d-b3d22ef23f56,28948e6e-b20d-4bda-8aa3-34e52c2e32ff,2026-01-07 19:48:36.724980,explore,39.7,flower,95.21,13.95
e3ba1be5-0b6d-4dc9-8e35-50e6c9df8680,5709d23d-bc5a-47eb-8a2d-b3d22ef23f56,28948e6e-b20d-4bda-8aa3-34e52c2e32ff,2026-01-07 19:49:03.724980,wave,39.1,flower,13.38,13.86
ea6af41e-4ce9-4678-b0f6-3982e4b907d1,286766ef-2f14-48f4-a1f7-5cb276b1d04b,030b3e95-b253-451f-b114-9520aacb5a5e,2026-01-07 17:17:13.724980,wave,40.0,flower,13.96,62.18
cc765474-6e54-4952-a7d8-d9e3dd03d968,286766ef-2f14-48f4-a1f7-5cb276b1d04b,030b3e95-b253-451f-b114-9520aacb5a5e,2026-01-07 17:17:34.724980,wave,31.2,flower,26.82,15.96
66e07e41-609e-4d76-85c8-34b7037f1cea,286766ef-2f14-48f4-a1f7-5cb276b1d04b,030b3e95-b253-451f-b114-9520aacb5a5e,2026-01-07 17:17:54.724980,wave,42.8,paintbrush,57.27,59.76
edd0c985-66a8-4cde-8642-7e2c5a4e8948,286766ef-2f14-48f4-a1f7-5cb276b1d04b,030b3e95-b253-451f-b114-9520aacb5a5e,2026-01-07 17:18:24.724980,explore,52.8,flower,63.98,97.81
bf2f6d55-3252-46db-a277-78806d1c6c6b,286766ef-2f14-48f4-a1f7-5cb276b1d04b,030b3e95-b253-451f-b114-9520aacb5a5e,2026-01-07 17:18:38.724980,explore,39.3,cube,49.19,18.93
f7dd869a-df26-4967-9946-0af4bc42a2eb,286766ef-2f14-48f4-a1f7-5cb276b1d04b,030b3e95-b253-451f-b114-9520aacb5a5e,2026-01-07 17:18:53.724980,wave,42.7,cube,18.48,81.75
fcf25c6a-f3c3-40bf-8988-485473c70d38,286766ef-2f14-48f4-a1f7-5cb276b1d04b,030b3e95-b253-451f-b114-9520aacb5a5e,2026-01-07 17:19:08.724980,wave,33.7,flower,22.62,99.13
57c0ef3e-f467-4415-bdb7-dfa552686193,286766ef-2f14-48f4-a1f7-5cb276b1d04b,030b3e95-b253-451f-b114-9520aacb5a5e,2026-01-07 17:19:23.724980,explore,38.8,paintbrush,76.9,63.67
7e3afd2a-ff25-4480-96fa-05d0e708dbfe,286766ef-2f14-48f4-a1f7-5cb276b1d04b,030b3e95-b253-451f-b114-9520aacb5a5e,2026-01-07 17:19:45.724980,spawn_object,35.5,paintbrush,51.11,91.95
98ddb140-fe78-41bd-9678-dfe47fcab556,286766ef-2f14-48f4-a1f7-5cb276b1d04b,030b3e95-b253-451f-b114-9520aacb5a5e,2026-01-07 17:19:51.724980,explore,49.3,flower,62.99,8.71
b7b3035e-90a2-4ae6-84de-d2e8b17d1870,286766ef-2f14-48f4-a1f7-5cb276b1d04b,030b3e95-b253-451f-b114-9520aacb5a5e,2026-01-07 17:20:13.724980,explore,28.9,paintbrush,23.49,3.24
22748204-36ea-44ed-9a0b-f97557aef0b1,2409aab5-5d68-4b54-87d9-3e2aa6b92250,ee70ace9-312a-4e33-8c00-eb18a8896492,2026-01-08 06:11:10.724980,explore,44.4,flower,77.73,43.92
35c5fc35-d32c-4126-9ea2-6fe885773204,2409aab5-5d68-4b54-87d9-3e2aa6b92250,ee70ace9-312a-4e33-8c00-eb18a8896492,2026-01-08 06:11:19.724980,explore,46.5,paintbrush,55.29,42.88
735e65f5-5fef-4eac-999b-4cbea70e3c37,2409aab5-5d68-4b54-87d9-3e2aa6b92250,ee70ace9-312a-4e33-8c00-eb18a8896492,2026-01-08 06:11:43.724980,explore,40.8,cube,0.22,57.9
62733cd1-5f8f-4c28-abc3-97a7472db88a,2409aab5-5d68-4b54-87d9-3e2aa6b92250,ee70ace9-312a-4e33-8c00-eb18a8896492,2026-01-08 06:11:51.724980,explore,47.9,flower,76.35,40.97
553f8965-42bb-473f-a93c-10af108eb520,2409aab5-5d68-4b54-87d9-3e2aa6b92250,ee70ace9-312a-4e33-8c00-eb18a8896492,2026-01-08 06:12:18.724980,wave,35.9,cube,53.35,63.48
8c80f925-9564-4d3a-9609-b64a2cc60c02,2409aab5-5d68-4b54-87d9-3e2aa6b92250,ee70ace9-312a-4e33-8c00-eb18a8896492,2026-01-08 06:12:39.724980,explore,36.4,paintbrush,29.21,31.84
56f36c35-45dd-4285-a3be-c6244448c5b9,2409aab5-5d68-4b54-87d9-3e2aa6b92250,ee70ace9-312a-4e33-8c00-eb18a8896492,2026-01-08 06:12:55.724980,spawn_object,44.3,flower,82.85,65.82
c437343c-aea2-469b-b96c-4e776fa8cad7,2409aab5-5d68-4b54-87d9-3e2aa6b92250,ee70ace9-312a-4e33-8c00-eb18a8896492,2026-01-08 06:13:00.724980,explore,38.6,flower,77.23,65.25
d05a7f64-2f8b-4c1e-bd2c-8ccac2442518,2409aab5-5d68-4b54-87d9-3e2aa6b92250,ee70ace9-312a-4e33-8c00-eb18a8896492,2026-01-08 06:13:25.724980,explore,40.6,paintbrush,63.87,39.28
46f1614c-3f1f-4aca-9dfd-0dece7a6296b,2409aab5-5d68-4b54-87d9-3e2aa6b92250,ee70ace9-312a-4e33-8c00-eb18a8896492,2026-01-08 06:13:50.724980,explore,36.3,cube,3.07,13.31
71ae7de6-9251-4979-9ab4-713c856f6b4f,2409aab5-5d68-4b54-87d9-3e2aa6b92250,ee70ace9-312a-4e33-8c00-eb18a8896492,2026-01-08 06:14:09.724980,explore,43.1,flower,65.84,60.59
14fd0ac5-4cef-47fc-aefb-e656bf6febf6,2409aab5-5d68-4b54-87d9-3e2aa6b92250,ee70ace9-312a-4e33-8c00-eb18a8896492,2026-01-08 06:14:24.724980,explore,39.7,flower,31.5,29.04
9f995e31-ab67-4d5b-809c-38332b7e71df,2409aab5-5d68-4b54-87d9-3e2aa6b92250,ee70ace9-312a-4e33-8c00-eb18a8896492,2026-01-08 06:14:49.724980,explore,54.9,paintbrush,66.5,19.19
f7e9a528-6d95-4d91-ae30-c12c9c4fb0ab,2409aab5-5d68-4b54-87d9-3e2aa6b92250,ee70ace9-312a-4e33-8c00-eb18a8896492,2026-01-08 06:14:57.724980,spawn_object,34.8,paintbrush,56.77,13.94
18356363-8ccd-4e53-a598-c072345d1f1b,2409aab5-5d68-4b54-87d9-3e2aa6b92250,ee70ace9-312a-4e33-8c00-eb18a8896492,2026-01-08 06:15:18.724980,explore,32.2,paintbrush,42.92,46.51
3ab9a431-3061-4111-ac45-0cea2c482db6,2409aab5-5d68-4b54-87d9-3e2aa6b92250,ee70ace9-312a-4e33-8c00-eb18a8896492,2026-01-08 06:15:40.724980,spawn_object,36.6,paintbrush,93.21,74.74
a2c0420a-ef45-4836-9318-a4f208d409e1,2409aab5-5d68-4b54-87d9-3e2aa6b92250,ee70ace9-312a-4e33-8c00-eb18a8896492,2026-01-08 06:15:50.724980,explore,37.7,cube,64.47,85.32
80b082f7-d49e-42f2-8257-f02eee9022a0,2409aab5-5d68-4b54-87d9-3e2aa6b92250,ee70ace9-312a-4e33-8c00-eb18a8896492,2026-01-08 06:16:09.724980,explore,46.0,cube,46.59,10.72
da2e839a-7aba-4358-8464-68fd3174d2c9,2409aab5-5d68-4b54-87d9-3e2aa6b92250,ee70ace9-312a-4e33-8c00-eb18a8896492,2026-01-08 06:16:37.724980,wave,39.6,flower,96.6,41.82
94f4e782-c12b-4d22-8513-e6cf91c49f50,2409aab5-5d68-4b54-87d9-3e2aa6b92250,ee70ace9-312a-4e33-8c00-eb18a8896492,2026-01-08 06:16:53.724980,explore,38.2,flower,46.98,44.32
6802d96d-5b13-4c1e-93d0-bc25c71dbb43,2409aab5-5d68-4b54-87d9-3e2aa6b92250,ee70ace9-312a-4e33-8c00-eb18a8896492,2026-01-08 06:17:14.724980,explore,35.6,cube,51.47,69.19
d6e66338-9db1-4caa-b70a-47bdeb93c12c,2409aab5-5d68-4b54-87d9-3e2aa6b92250,ee70ace9-312a-4e33-8c00-eb18a8896492,2026-01-08 06:17:36.724980,explore,33.6,flower,46.17,95.18
6796acab-b5ec-440c-8fd5-0acad6309d21,2409aab5-5d68-4b54-87d9-3e2aa6b92250,ee70ace9-312a-4e33-8c00-eb18a8896492,2026-01-08 06:18:00.724980,spawn_object,39.5,flower,36.48,87.45
8b386cc5-68d0-41a3-90da-12d5ea40ea55,2409aab5-5d68-4b54-87d9-3e2aa6b92250,ee70ace9-312a-4e33-8c00-eb18a8896492,2026-01-08 06:18:21.724980,explore,42.0,cube,23.77,10.25
925e22c2-32a0-459c-9eeb-8a9a7a1701b1,2409aab5-5d68-4b54-87d9-3e2aa6b92250,ee70ace9-312a-4e33-8c00-eb18a8896492,2026-01-08 06:18:34.724980,wave,36.7,flower,27.65,68.63
965ab379-1fdd-4204-b9d8-ecbd5a27b093,2409aab5-5d68-4b54-87d9-3e2aa6b92250,ee70ace9-312a-4e33-8c00-eb18a8896492,2026-01-08 06:18:44.724980,wave,39.7,flower,65.64,92.06
65099aff-eda2-4da2-a2e0-418ce60d2405,2409aab5-5d68-4b54-87d9-3e2aa6b92250,ee70ace9-312a-4e33-8c00-eb18a8896492,2026-01-08 06:18:52.724980,explore,32.1,cube,72.18,25.32
f635184e-3ca4-4b66-b4d9-86455e621d8f,2409aab5-5d68-4b54-87d9-3e2aa6b92250,ee70ace9-312a-4e33-8c00-eb18a8896492,2026-01-08 06:19:02.724980,wave,41.5,flower,21.93,19.89
207b9576-997f-45d7-a2c8-6f52d4d6fe1c,2409aab5-5d68-4b54-87d9-3e2aa6b92250,ee70ace9-312a-4e33-8c00-eb18a8896492,2026-01-08 06:19:30.724980,wave,42.4,flower,90.87,20.7
aca8d86b-2822-41db-9af4-3423f3b2cb45,2409aab5-5d68-4b54-87d9-3e2aa6b92250,ee70ace9-312a-4e33-8c00-eb18a8896492,2026-01-08 06:19:36.724980,explore,39.2,flower,92.65,56.81
5f3af789-7f13-4607-b2fd-1e862cc6ffbf,2409aab5-5d68-4b54-87d9-3e2aa6b92250,ee70ace9-312a-4e33-8c00-eb18a8896492,2026-01-08 06:19:41.724980,wave,34.6,paintbrush,8.92,5.1
f5d00b01-eb47-4275-ada9-cb95dcf6c8b5,2409aab5-5d68-4b54-87d9-3e2aa6b92250,ee70ace9-312a-4e33-8c00-eb18a8896492,2026-01-08 06:19:55.724980,wave,32.8,flower,94.3,62.23
9002be52-0269-4572-a769-28c980c481ad,2409aab5-5d68-4b54-87d9-3e2aa6b92250,ee70ace9-312a-4e33-8c00-eb18a8896492,2026-01-08 06:20:13.724980,explore,42.5,paintbrush,74.55,54.66
e78a28d7-f440-4235-af29-8ab20eb4744e,2409aab5-5d68-4b54-87d9-3e2aa6b92250,ee70ace9-312a-4e33-8c00-eb18a8896492,2026-01-08 06:20:30.724980,wave,43.2,flower,61.84,25.04
6e4f014d-3d13-4c4c-8c39-e2f9b39e5a7a,2409aab5-5d68-4b54-87d9-3e2aa6b92250,ee70ace9-312a-4e33-8c00-eb18a8896492,2026-01-08 06:20:46.724980,explore,38.7,paintbrush,55.44,0.07
f9ddf439-cb03-4f43-b9df-bbe1f17aa2a1,2409aab5-5d68-4b54-87d9-3e2aa6b92250,ee70ace9-312a-4e33-8c00-eb18a8896492,2026-01-08 06:20:56.724980,explore,33.5,cube,13.0,57.97
1e96aa96-5df1-447f-b8a8-bbf5f5e8f7eb,2409aab5-5d68-4b54-87d9-3e2aa6b92250,ee70ace9-312a-4e33-8c00-eb18a8896492,2026-01-08 06:21:08.724980,wave,43.5,flower,53.18,32.65
2d80eedb-0710-479f-9611-d0e0c2c84ba2,2409aab5-5d68-4b54-87d9-3e2aa6b92250,ee70ace9-312a-4e33-8c00-eb18a8896492,2026-01-08 06:21:27.724980,wave,41.2,paintbrush,19.94,84.34
1ef63a10-2074-4d2b-9608-19ab4e64f37d,2409aab5-5d68-4b54-87d9-3e2aa6b92250,ee70ace9-312a-4e33-8c00-eb18a8896492,2026-01-08 06:21:39.724980,explore,46.3,flower,15.94,95.1
d5a739ae-5748-419c-af06-5400ca615ebf,2409aab5-5d68-4b54-87d9-3e2aa6b92250,ee70ace9-312a-4e33-8c00-eb18a8896492,2026-01-08 06:22:02.724980,spawn_object,47.3,paintbrush,65.44,27.42
8dbf9c60-91e6-4b34-8984-aef5c87b0573,f4ef4b80-ec6b-42f6-8a51-5a18ba64c814,ed343063-51d4-4c4c-ac35-ae6f86a48b9b,2026-01-07 16:53:16.724980,explore,44.0,paintbrush,97.57,19.31
2ac26878-703b-4731-a8f8-4f1af56d2daf,f4ef4b80-ec6b-42f6-8a51-5a18ba64c814,ed343063-51d4-4c4c-ac35-ae6f86a48b9b,2026-01-07 16:53:39.724980,spawn_object,42.7,flower,41.85,47.94
2acb578c-ef84-4ed1-af50-f936592da924,f4ef4b80-ec6b-42f6-8a51-5a18ba64c814,ed343063-51d4-4c4c-ac35-ae6f86a48b9b,2026-01-07 16:53:53.724980,explore,39.3,flower,35.25,52.22
134cac99-2e36-4311-bd1c-efafaadbd7bf,f4ef4b80-ec6b-42f6-8a51-5a18ba64c814,ed343063-51d4-4c4c-ac35-ae6f86a48b9b,2026-01-07 16:54:00.724980,spawn_object,43.4,flower,11.81,15.73
59424b08-a38f-4d6a-8cc0-35cbcd94b5b7,f4ef4b80-ec6b-42f6-8a51-5a18ba64c814,ed343063-51d4-4c4c-ac35-ae6f86a48b9b,2026-01-07 16:54:25.724980,wave,39.5,cube,89.84,4.43
100b21d6-94e2-44db-abdb-f1bb0c7896ef,f4ef4b80-ec6b-42f6-8a51-5a18ba64c814,ed343063-51d4-4c4c-ac35-ae6f86a48b9b,2026-01-07 16:54:52.724980,wave,40.9,flower,30.04,65.77
81cb8c45-df81-405d-b05d-d7af9bbe434b,f4ef4b80-ec6b-42f6-8a51-5a18ba64c814,ed343063-51d4-4c4c-ac35-ae6f86a48b9b,2026-01-07 16:55:16.724980,explore,34.3,flower,30.39,1.81
2627e623-3fdf-4d33-b65b-2cfc41c1b064,f4ef4b80-ec6b-42f6-8a51-5a18ba64c814,ed343063-51d4-4c4c-ac35-ae6f86a48b9b,2026-01-07 16:55:35.724980,explore,43.1,cube,31.6,47.6
b10bbbcc-45ad-4332-91a8-10c74320a127,f4ef4b80-ec6b-42f6-8a51-5a18ba64c814,ed343063-51d4-4c4c-ac35-ae6f86a48b9b,2026-01-07 16:55:41.724980,wave,36.4,flower,98.24,99.79
31f7eeb7-1345-4bed-8410-e19baa386393,f4ef4b80-ec6b-42f6-8a51-5a18ba64c814,ed343063-51d4-4c4c-ac35-ae6f86a48b9b,2026-01-07 16:56:04.724980,wave,45.9,flower,29.85,83.4
dd5ef2ea-97b5-4581-a9b7-115394efe4cb,f4ef4b80-ec6b-42f6-8a51-5a18ba64c814,ed343063-51d4-4c4c-ac35-ae6f86a48b9b,2026-01-07 16:56:27.724980,explore,30.9,paintbrush,22.8,79.17
a27fb298-00f1-435d-8ac5-295621dfb9c5,f4ef4b80-ec6b-42f6-8a51-5a18ba64c814,ed343063-51d4-4c4c-ac35-ae6f86a48b9b,2026-01-07 16:56:52.724980,explore,40.5,cube,66.43,56.59
71f1c6ab-8fb3-4eac-843f-2dd09f777ccc,f4ef4b80-ec6b-42f6-8a51-5a18ba64c814,ed343063-51d4-4c4c-ac35-ae6f86a48b9b,2026-01-07 16:57:11.724980,wave,32.3,paintbrush,43.89,8.87
07fbdcfd-431a-4eba-a16c-04bca0b096c1,f4ef4b80-ec6b-42f6-8a51-5a18ba64c814,ed343063-51d4-4c4c-ac35-ae6f86a48b9b,2026-01-07 16:57:34.724980,wave,40.1,flower,90.94,95.83
63435ea5-53ea-42f0-ac33-0e6a9b9e5b67,f4ef4b80-ec6b-42f6-8a51-5a18ba64c814,ed343063-51d4-4c4c-ac35-ae6f86a48b9b,2026-01-07 16:57:55.724980,explore,37.2,paintbrush,82.08,77.95
6cc94aff-c38c-41c9-bb1d-4bc0237b8514,f4ef4b80-ec6b-42f6-8a51-5a18ba64c814,ed343063-51d4-4c4c-ac35-ae6f86a48b9b,2026-01-07 16:58:25.724980,explore,35.4,flower,28.77,33.13
56f3689b-31c9-4600-ae66-58c3833b71e7,f4ef4b80-ec6b-42f6-8a51-5a18ba64c814,ed343063-51d4-4c4c-ac35-ae6f86a48b9b,2026-01-07 16:58:55.724980,wave,41.2,paintbrush,70.4,11.97
4a886942-f164-4ff5-8873-312ac1921693,f4ef4b80-ec6b-42f6-8a51-5a18ba64c814,ed343063-51d4-4c4c-ac35-ae6f86a48b9b,2026-01-07 16:59:23.724980,explore,46.0,paintbrush,99.58,68.51
0a7e137d-0393-4abc-a996-68aae3946cc5,f4ef4b80-ec6b-42f6-8a51-5a18ba64c814,ed343063-51d4-4c4c-ac35-ae6f86a48b9b,2026-01-07 16:59:35.724980,explore,46.1,flower,39.19,87.32
a3d0db4f-ea06-46ef-ad2f-bfd87244e2b6,f4ef4b80-ec6b-42f6-8a51-5a18ba64c814,ed343063-51d4-4c4c-ac35-ae6f86a48b9b,2026-01-07 17:00:04.724980,explore,32.1,cube,61.26,61.62
6bcb4fff-5d19-4b7a-b2ed-b086424d4a73,f4ef4b80-ec6b-42f6-8a51-5a18ba64c814,ed343063-51d4-4c4c-ac35-ae6f86a48b9b,2026-01-07 17:00:29.724980,explore,39.2,cube,91.66,83.92
4874fcf9-dd82-4a97-8a2c-7a58d59fb865,f4ef4b80-ec6b-42f6-8a51-5a18ba64c814,ed343063-51d4-4c4c-ac35-ae6f86a48b9b,2026-01-07 17:00:37.724980,explore,35.9,flower,80.96,63.39
bfcae7be-1fad-4c83-b76a-83f31eceafc2,f4ef4b80-ec6b-42f6-8a51-5a18ba64c814,ed343063-51d4-4c4c-ac35-ae6f86a48b9b,2026-01-07 17:01:02.724980,explore,36.6,flower,56.47,87.9
01085b40-798d-4ab3-b67f-f3bb58baefe6,c93e22aa-1c08-49c8-b5e8-b7d9c744225b,8ad90c35-c6bc-4f2b-86d8-c7aed353c3d6,2026-01-07 20:44:24.724980,wave,37.4,flower,40.75,25.98
0430f336-dee3-42ab-b07e-8dcaa52fd78e,c93e22aa-1c08-49c8-b5e8-b7d9c744225b,8ad90c35-c6bc-4f2b-86d8-c7aed353c3d6,2026-01-07 20:44:33.724980,explore,42.5,paintbrush,90.01,15.79
8d451d0d-a7ed-4a9f-a3dd-04fd63df291d,c93e22aa-1c08-49c8-b5e8-b7d9c744225b,8ad90c35-c6bc-4f2b-86d8-c7aed353c3d6,2026-01-07 20:44:57.724980,spawn_object,44.9,cube,92.71,7.82
5f436fd9-d96d-4f76-924a-a5725f1afb74,c93e22aa-1c08-49c8-b5e8-b7d9c744225b,8ad90c35-c6bc-4f2b-86d8-c7aed353c3d6,2026-01-07 20:45:20.724980,explore,40.2,flower,40.24,63.39
1a149e77-773e-4963-ac79-50b8f060fba6,c93e22aa-1c08-49c8-b5e8-b7d9c744225b,8ad90c35-c6bc-4f2b-86d8-c7aed353c3d6,2026-01-07 20:45:49.724980,wave,42.4,flower,22.64,93.41
5acf0609-581c-43ea-99cb-7e343f3c284a,c93e22aa-1c08-49c8-b5e8-b7d9c744225b,8ad90c35-c6bc-4f2b-86d8-c7aed353c3d6,2026-01-07 20:45:57.724980,wave,36.1,flower,39.54,75.91
4a823d3a-8067-4ef0-8a99-7f64216992a8,c93e22aa-1c08-49c8-b5e8-b7d9c744225b,8ad90c35-c6bc-4f2b-86d8-c7aed353c3d6,2026-01-07 20:46:15.724980,spawn_object,39.8,paintbrush,6.21,2.76
4474d236-d65e-453a-aaf1-55c492669847,c93e22aa-1c08-49c8-b5e8-b7d9c744225b,8ad90c35-c6bc-4f2b-86d8-c7aed353c3d6,2026-01-07 20:46:41.724980,explore,38.0,paintbrush,72.75,19.74
ec029245-8143-45e1-9974-240e5e110d42,c93e22aa-1c08-49c8-b5e8-b7d9c744225b,8ad90c35-c6bc-4f2b-86d8-c7aed353c3d6,2026-01-07 20:47:07.724980,wave,43.3,paintbrush,23.27,7.65
80fa8962-8474-4ae0-ad17-4d45428ee6f7,c93e22aa-1c08-49c8-b5e8-b7d9c744225b,8ad90c35-c6bc-4f2b-86d8-c7aed353c3d6,2026-01-07 20:47:25.724980,wave,46.3,flower,35.97,68.53
f25f3ab3-0303-4630-912b-5e8600a4ec68,c93e22aa-1c08-49c8-b5e8-b7d9c744225b,8ad90c35-c6bc-4f2b-86d8-c7aed353c3d6,2026-01-07 20:47:51.724980,explore,43.4,flower,21.88,55.69
18addd99-2ed8-4827-a13e-bcbd651c1325,c93e22aa-1c08-49c8-b5e8-b7d9c744225b,8ad90c35-c6bc-4f2b-86d8-c7aed353c3d6,2026-01-07 20:47:58.724980,wave,45.3,flower,97.32,9.38
c72f27d7-b191-43e1-a201-85cfa37c9f92,c93e22aa-1c08-49c8-b5e8-b7d9c744225b,8ad90c35-c6bc-4f2b-86d8-c7aed353c3d6,2026-01-07 20:48:25.724980,explore,38.2,cube,32.11,83.42
56f1d77a-9271-4c89-86d2-b40ebc4e644a,c93e22aa-1c08-49c8-b5e8-b7d9c744225b,8ad90c35-c6bc-4f2b-86d8-c7aed353c3d6,2026-01-07 20:48:46.724980,explore,34.6,flower,47.25,45.2
e6d59deb-27c1-4b4c-9ab7-d15ac6d669a5,c93e22aa-1c08-49c8-b5e8-b7d9c744225b,8ad90c35-c6bc-4f2b-86d8-c7aed353c3d6,2026-01-07 20:48:56.724980,explore,32.0,flower,94.17,21.95
f64c3b9b-51d2-4add-be09-4be68daaa8fb,331c054c-ceb6-4837-8e05-e86e1bf8a796,1334cf5c-8e7f-4ed3-9711-5972566665bc,2026-01-08 08:42:31.724980,spawn_object,90.4,cube,24.54,35.71
f2dbcc65-271e-4bbd-8692-821e8b7385ff,331c054c-ceb6-4837-8e05-e86e1bf8a796,1334cf5c-8e7f-4ed3-9711-5972566665bc,2026-01-08 08:42:40.724980,spawn_object,102.2,asset_siren,40.82,14.33
522ac34d-81bc-41e3-b78c-ae1da91198ed,331c054c-ceb6-4837-8e05-e86e1bf8a796,1334cf5c-8e7f-4ed3-9711-5972566665bc,2026-01-08 08:43:04.724980,spawn_object,82.0,asset_gun_01,98.67,67.19
86761ff0-de8d-4e6b-a0b8-0d2839d7ece7,331c054c-ceb6-4837-8e05-e86e1bf8a796,1334cf5c-8e7f-4ed3-9711-5972566665bc,2026-01-08 08:43:29.724980,spawn_object,83.5,asset_siren,29.19,27.34
a1fe8ec1-8588-4475-a59c-86c6b4c5d839,331c054c-ceb6-4837-8e05-e86e1bf8a796,1334cf5c-8e7f-4ed3-9711-5972566665bc,2026-01-08 08:43:58.724980,spawn_object,81.2,asset_siren,66.7,15.61
bcabaed7-5304-44b6-bf36-c2efd0979327,331c054c-ceb6-4837-8e05-e86e1bf8a796,1334cf5c-8e7f-4ed3-9711-5972566665bc,2026-01-08 08:44:06.724980,spawn_object,78.2,asset_siren,19.76,59.05
d1684405-29d9-4ddb-a9a8-5a6403f6e80d,331c054c-ceb6-4837-8e05-e86e1bf8a796,1334cf5c-8e7f-4ed3-9711-5972566665bc,2026-01-08 08:44:29.724980,touch,84.1,asset_gun_01,39.13,26.11
cc5c0e9b-9022-479f-8da0-eff8cdc4c3d1,331c054c-ceb6-4837-8e05-e86e1bf8a796,1334cf5c-8e7f-4ed3-9711-5972566665bc,2026-01-08 08:44:40.724980,spawn_object,91.0,cube,53.04,98.9
827404c7-cabc-4650-8264-5a3220ca6d8b,331c054c-ceb6-4837-8e05-e86e1bf8a796,1334cf5c-8e7f-4ed3-9711-5972566665bc,2026-01-08 08:44:57.724980,touch,93.5,asset_gun_01,34.96,54.99
7cdc2b0d-555f-4940-bbbb-ac59a053d569,331c054c-ceb6-4837-8e05-e86e1bf8a796,1334cf5c-8e7f-4ed3-9711-5972566665bc,2026-01-08 08:45:11.724980,spawn_object,95.5,asset_siren,43.09,84.07
d08243fa-dd46-485b-a7ad-5e8c10e64e9e,331c054c-ceb6-4837-8e05-e86e1bf8a796,1334cf5c-8e7f-4ed3-9711-5972566665bc,2026-01-08 08:45:41.724980,spawn_object,95.4,asset_siren,46.95,21.71
b97a7504-fbd3-4471-8e4d-5e2f6e387274,331c054c-ceb6-4837-8e05-e86e1bf8a796,1334cf5c-8e7f-4ed3-9711-5972566665bc,2026-01-08 08:46:04.724980,idle,109.6,asset_gun_01,10.07,58.15
4512f7ce-2e6e-410c-ace6-3123b09a0fc2,331c054c-ceb6-4837-8e05-e86e1bf8a796,1334cf5c-8e7f-4ed3-9711-5972566665bc,2026-01-08 08:46:15.724980,touch,103.2,asset_gun_01,9.24,41.89
9d2435db-174e-494d-a60d-0dfd568e90b9,331c054c-ceb6-4837-8e05-e86e1bf8a796,1334cf5c-8e7f-4ed3-9711-5972566665bc,2026-01-08 08:46:41.724980,spawn_object,96.3,asset_gun_01,55.1,26.18
6869c19d-9a0e-43ca-afdd-b102d271de65,331c054c-ceb6-4837-8e05-e86e1bf8a796,1334cf5c-8e7f-4ed3-9711-5972566665bc,2026-01-08 08:46:53.724980,touch,93.4,asset_gun_01,31.7,8.8
e45b7ebe-c423-48df-b284-af2567faf66d,331c054c-ceb6-4837-8e05-e86e1bf8a796,1334cf5c-8e7f-4ed3-9711-5972566665bc,2026-01-08 08:47:09.724980,spawn_object,82.1,asset_gun_01,86.67,80.49
eeeecece-629e-48ab-9585-cba992b85b13,331c054c-ceb6-4837-8e05-e86e1bf8a796,1334cf5c-8e7f-4ed3-9711-5972566665bc,2026-01-08 08:47:14.724980,touch,94.0,asset_gun_01,44.5,90.82
41bdbce3-cece-41d8-a34b-f0f4d16f3244,331c054c-ceb6-4837-8e05-e86e1bf8a796,1334cf5c-8e7f-4ed3-9711-5972566665bc,2026-01-08 08:47:22.724980,idle,91.3,asset_gun_01,17.97,64.79
6e55ecc0-6e21-4e1d-987e-e694dd9cb493,331c054c-ceb6-4837-8e05-e86e1bf8a796,1334cf5c-8e7f-4ed3-9711-5972566665bc,2026-01-08 08:47:30.724980,touch,80.8,asset_siren,74.17,75.71
32ebe365-5af6-4ac5-b922-7e3b2cd00433,331c054c-ceb6-4837-8e05-e86e1bf8a796,1334cf5c-8e7f-4ed3-9711-5972566665bc,2026-01-08 08:47:45.724980,spawn_object,77.5,asset_siren,30.8,55.67
7d5a16a7-3cca-4f38-89d8-e6f585cad545,331c054c-ceb6-4837-8e05-e86e1bf8a796,1334cf5c-8e7f-4ed3-9711-5972566665bc,2026-01-08 08:47:57.724980,spawn_object,89.8,asset_siren,9.81,37.38
ae49bcbe-479a-454e-a5f0-a4e10b165516,331c054c-ceb6-4837-8e05-e86e1bf8a796,1334cf5c-8e7f-4ed3-9711-5972566665bc,2026-01-08 08:48:14.724980,spawn_object,100.0,asset_siren,29.81,54.33
29862afd-d9a6-4884-ac7a-3b2637ce47b5,331c054c-ceb6-4837-8e05-e86e1bf8a796,1334cf5c-8e7f-4ed3-9711-5972566665bc,2026-01-08 08:48:26.724980,spawn_object,99.6,asset_gun_01,50.83,97.41
e425d003-8a6b-4b55-8634-1f4cd361e177,331c054c-ceb6-4837-8e05-e86e1bf8a796,1334cf5c-8e7f-4ed3-9711-5972566665bc,2026-01-08 08:48:36.724980,spawn_object,91.3,asset_siren,90.4,4.76
11a4f0b5-2231-4995-8b0f-7c9113502f7f,331c054c-ceb6-4837-8e05-e86e1bf8a796,1334cf5c-8e7f-4ed3-9711-5972566665bc,2026-01-08 08:49:06.724980,spawn_object,60.3,asset_siren,86.91,92.57
20e77a15-028d-41c3-8073-8d8e8f78317d,331c054c-ceb6-4837-8e05-e86e1bf8a796,1334cf5c-8e7f-4ed3-9711-5972566665bc,2026-01-08 08:49:32.724980,touch,90.1,asset_gun_01,22.41,45.81
204150c9-3622-48e8-b431-693762157d13,331c054c-ceb6-4837-8e05-e86e1bf8a796,1334cf5c-8e7f-4ed3-9711-5972566665bc,2026-01-08 08:49:50.724980,spawn_object,72.4,asset_gun_01,10.96,56.3
cb079188-d076-43e0-a0c4-edd29b341339,331c054c-ceb6-4837-8e05-e86e1bf8a796,1334cf5c-8e7f-4ed3-9711-5972566665bc,2026-01-08 08:50:04.724980,touch,88.6,asset_siren,76.08,95.52
506f0bd3-77a0-44cf-a182-179067d018c9,331c054c-ceb6-4837-8e05-e86e1bf8a796,1334cf5c-8e7f-4ed3-9711-5972566665bc,2026-01-08 08:50:25.724980,spawn_object,106.5,asset_gun_01,83.78,43.82
c5cf5b45-d2db-4719-8e6e-8c2b70ae1b90,331c054c-ceb6-4837-8e05-e86e1bf8a796,1334cf5c-8e7f-4ed3-9711-5972566665bc,2026-01-08 08:50:48.724980,idle,81.6,asset_siren,24.0,70.3
ee416b52-f968-4517-84d3-de680a8cb8cc,331c054c-ceb6-4837-8e05-e86e1bf8a796,1334cf5c-8e7f-4ed3-9711-5972566665bc,2026-01-08 08:51:06.724980,touch,81.0,asset_siren,19.21,60.38
f8dbb7b3-a28d-4a57-94a0-df6189658368,331c054c-ceb6-4837-8e05-e86e1bf8a796,1334cf5c-8e7f-4ed3-9711-5972566665bc,2026-01-08 08:51:12.724980,spawn_object,78.9,asset_gun_01,68.79,68.6
90c8c6bd-a3a1-4ab3-b6a0-838c8d761641,331c054c-ceb6-4837-8e05-e86e1bf8a796,1334cf5c-8e7f-4ed3-9711-5972566665bc,2026-01-08 08:51:30.724980,touch,70.8,asset_gun_01,47.47,37.77
e458aa4a-c50d-4c86-b5f9-ebe60a27e0c2,331c054c-ceb6-4837-8e05-e86e1bf8a796,1334cf5c-8e7f-4ed3-9711-5972566665bc,2026-01-08 08:51:46.724980,spawn_object,95.7,asset_gun_01,77.22,46.38
7a6eebd6-3bad-4e34-bbf7-86aae6a13304,331c054c-ceb6-4837-8e05-e86e1bf8a796,1334cf5c-8e7f-4ed3-9711-5972566665bc,2026-01-08 08:52:07.724980,touch,89.2,cube,82.71,70.61
ce1f923b-4f60-4ce7-abbd-f2c0c77cb4b9,331c054c-ceb6-4837-8e05-e86e1bf8a796,1334cf5c-8e7f-4ed3-9711-5972566665bc,2026-01-08 08:52:32.724980,spawn_object,98.5,asset_siren,97.45,43.89
c9882bb7-fe3d-42fa-8336-edb8e8a500a3,28c7a9fc-7dd0-4871-be4a-4fdd67354f60,41000319-a775-4730-ab36-91febc5d84e5,2026-01-07 18:26:15.724980,explore,38.3,paintbrush,59.11,74.45
8ea9b675-c598-4438-9837-4e4df9235c8e,28c7a9fc-7dd0-4871-be4a-4fdd67354f60,41000319-a775-4730-ab36-91febc5d84e5,2026-01-07 18:26:33.724980,explore,44.4,cube,4.08,13.12
ea6d5e93-7b31-4f77-b596-b760e4e08b8b,28c7a9fc-7dd0-4871-be4a-4fdd67354f60,41000319-a775-4730-ab36-91febc5d84e5,2026-01-07 18:26:46.724980,wave,35.6,cube,1.19,8.43
52727b7c-92c5-453b-b486-9ea3832a699a,28c7a9fc-7dd0-4871-be4a-4fdd67354f60,41000319-a775-4730-ab36-91febc5d84e5,2026-01-07 18:27:10.724980,wave,47.5,flower,23.82,73.58
f0f5c37f-f9e6-433c-9a5b-0980ac171e63,28c7a9fc-7dd0-4871-be4a-4fdd67354f60,41000319-a775-4730-ab36-91febc5d84e5,2026-01-07 18:27:31.724980,explore,40.3,paintbrush,54.86,67.64
0b0b35b3-1be8-4e6d-9f0d-3b67b24e971b,28c7a9fc-7dd0-4871-be4a-4fdd67354f60,41000319-a775-4730-ab36-91febc5d84e5,2026-01-07 18:27:56.724980,explore,40.7,flower,7.07,45.26
487bb837-7955-492e-859e-d6a3e402bf91,28c7a9fc-7dd0-4871-be4a-4fdd67354f60,41000319-a775-4730-ab36-91febc5d84e5,2026-01-07 18:28:03.724980,wave,28.9,flower,26.53,49.16
f2f0bbdd-ffb3-4512-8bb0-55ed867a5e5a,28c7a9fc-7dd0-4871-be4a-4fdd67354f60,41000319-a775-4730-ab36-91febc5d84e5,2026-01-07 18:28:31.724980,wave,41.8,cube,5.94,94.26
dab23e72-e57c-4846-aab1-85fd51c1d432,28c7a9fc-7dd0-4871-be4a-4fdd67354f60,41000319-a775-4730-ab36-91febc5d84e5,2026-01-07 18:28:43.724980,wave,46.4,paintbrush,98.71,67.76
89faed82-5d56-4c92-b870-8d26c0a7cf1d,28c7a9fc-7dd0-4871-be4a-4fdd67354f60,41000319-a775-4730-ab36-91febc5d84e5,2026-01-07 18:29:07.724980,wave,39.3,paintbrush,47.89,21.76
13e374ac-d30e-457f-876f-9104e1952b4a,28c7a9fc-7dd0-4871-be4a-4fdd67354f60,41000319-a775-4730-ab36-91febc5d84e5,2026-01-07 18:29:12.724980,spawn_object,42.1,flower,46.38,53.19
19e3e7e2-aa00-4a5e-a9e0-15ecb76b37aa,69863dcd-5d90-4c8b-80b4-d6cd2e1f0f2c,dfd7b75c-d96b-42ab-91fe-0f557d6afbe6,2026-01-08 00:13:22.724980,explore,35.4,cube,28.44,1.4
db5abcd1-6ea2-454e-9119-a7c7cf873b81,69863dcd-5d90-4c8b-80b4-d6cd2e1f0f2c,dfd7b75c-d96b-42ab-91fe-0f557d6afbe6,2026-01-08 00:13:28.724980,explore,36.0,flower,13.15,63.11
0842f18f-01c2-4895-9ac4-d272378da152,69863dcd-5d90-4c8b-80b4-d6cd2e1f0f2c,dfd7b75c-d96b-42ab-91fe-0f557d6afbe6,2026-01-08 00:13:48.724980,wave,33.8,cube,84.97,15.73
009cae19-4844-44c5-845d-e187403d9173,69863dcd-5d90-4c8b-80b4-d6cd2e1f0f2c,dfd7b75c-d96b-42ab-91fe-0f557d6afbe6,2026-01-08 00:14:07.724980,explore,31.3,cube,87.41,62.13
7d04b902-8ca4-42c2-b9a5-729dc749c0f6,69863dcd-5d90-4c8b-80b4-d6cd2e1f0f2c,dfd7b75c-d96b-42ab-91fe-0f557d6afbe6,2026-01-08 00:14:14.724980,explore,39.3,cube,64.3,31.41
bae147cd-6760-4c0b-8458-f3ab908f1f52,69863dcd-5d90-4c8b-80b4-d6cd2e1f0f2c,dfd7b75c-d96b-42ab-91fe-0f557d6afbe6,2026-01-08 00:14:36.724980,wave,43.3,paintbrush,26.49,35.78
27e8c0c2-394f-43e4-a07d-83568cf3a64b,69863dcd-5d90-4c8b-80b4-d6cd2e1f0f2c,dfd7b75c-d96b-42ab-91fe-0f557d6afbe6,2026-01-08 00:15:02.724980,explore,40.5,cube,28.49,35.73
23adaeb3-f06d-4e67-a9f8-142aeb4b27e8,69863dcd-5d90-4c8b-80b4-d6cd2e1f0f2c,dfd7b75c-d96b-42ab-91fe-0f557d6afbe6,2026-01-08 00:15:32.724980,explore,35.2,paintbrush,10.79,49.42
7a5846d7-be92-40c2-b70a-43caa13706f3,69863dcd-5d90-4c8b-80b4-d6cd2e1f0f2c,dfd7b75c-d96b-42ab-91fe-0f557d6afbe6,2026-01-08 00:16:02.724980,explore,31.0,flower,98.67,51.28
911d12a0-5d14-4b8b-9562-14ce7f4c3a76,69863dcd-5d90-4c8b-80b4-d6cd2e1f0f2c,dfd7b75c-d96b-42ab-91fe-0f557d6afbe6,2026-01-08 00:16:32.724980,explore,38.3,paintbrush,53.48,29.89
46609995-0bcd-4ba0-b6f0-a81791b13d5c,69863dcd-5d90-4c8b-80b4-d6cd2e1f0f2c,dfd7b75c-d96b-42ab-91fe-0f557d6afbe6,2026-01-08 00:17:00.724980,explore,49.7,flower,35.82,27.65
fd54021c-738b-4330-afff-143fbc656b10,69863dcd-5d90-4c8b-80b4-d6cd2e1f0f2c,dfd7b75c-d96b-42ab-91fe-0f557d6afbe6,2026-01-08 00:17:14.724980,wave,39.4,paintbrush,21.83,13.83
0bb23fab-2822-4cbd-9835-3a94a7945ef5,69863dcd-5d90-4c8b-80b4-d6cd2e1f0f2c,dfd7b75c-d96b-42ab-91fe-0f557d6afbe6,2026-01-08 00:17:38.724980,wave,45.6,flower,66.25,22.06
ad8a5e74-bef0-47c1-b720-381529f4e08c,69863dcd-5d90-4c8b-80b4-d6cd2e1f0f2c,dfd7b75c-d96b-42ab-91fe-0f557d6afbe6,2026-01-08 00:17:56.724980,explore,46.6,paintbrush,81.68,0.12
b5f4ecaa-d333-47ca-b3f2-f476d64cf5b5,69863dcd-5d90-4c8b-80b4-d6cd2e1f0f2c,dfd7b75c-d96b-42ab-91fe-0f557d6afbe6,2026-01-08 00:18:16.724980,wave,40.6,paintbrush,52.91,71.58
c9afc349-0ce1-4d0e-b6e5-476af72bfb0f,69863dcd-5d90-4c8b-80b4-d6cd2e1f0f2c,dfd7b75c-d96b-42ab-91fe-0f557d6afbe6,2026-01-08 00:18:30.724980,spawn_object,44.3,flower,71.6,45.08
2e6a2d76-cc96-41f4-a496-f231c04d9e4f,69863dcd-5d90-4c8b-80b4-d6cd2e1f0f2c,dfd7b75c-d96b-42ab-91fe-0f557d6afbe6,2026-01-08 00:18:47.724980,wave,36.4,flower,31.65,14.59
a4276fa4-5e25-46e3-8e52-c23794c817d6,69863dcd-5d90-4c8b-80b4-d6cd2e1f0f2c,dfd7b75c-d96b-42ab-91fe-0f557d6afbe6,2026-01-08 00:19:13.724980,explore,35.1,paintbrush,41.41,56.64
193285dd-1a6b-4342-92aa-9fd6c3789a30,69863dcd-5d90-4c8b-80b4-d6cd2e1f0f2c,dfd7b75c-d96b-42ab-91fe-0f557d6afbe6,2026-01-08 00:19:25.724980,wave,40.9,flower,44.4,8.98
47a204ca-dacf-44f8-aeec-53d111720f40,69863dcd-5d90-4c8b-80b4-d6cd2e1f0f2c,dfd7b75c-d96b-42ab-91fe-0f557d6afbe6,2026-01-08 00:19:42.724980,explore,36.0,paintbrush,34.63,74.82
f2121cb6-396b-42cd-b759-08c24ed4ecd7,69863dcd-5d90-4c8b-80b4-d6cd2e1f0f2c,dfd7b75c-d96b-42ab-91fe-0f557d6afbe6,2026-01-08 00:19:47.724980,spawn_object,40.3,flower,60.16,46.44
3665d546-564e-4d41-b6c0-cb4df0e44feb,69863dcd-5d90-4c8b-80b4-d6cd2e1f0f2c,dfd7b75c-d96b-42ab-91fe-0f557d6afbe6,2026-01-08 00:20:12.724980,spawn_object,40.4,flower,24.83,24.13
7ac2e0d8-9cb0-48ce-a4b5-87be6bec4e86,de7b5472-ff95-4ac7-ab99-53037e0d8360,1fc1ef99-0827-4c80-92ce-7c761328f4d1,2026-01-07 21:46:25.724980,spawn_object,94.7,cube,66.22,27.33
43af709d-0257-40a1-85c4-811b783366ba,de7b5472-ff95-4ac7-ab99-53037e0d8360,1fc1ef99-0827-4c80-92ce-7c761328f4d1,2026-01-07 21:46:38.724980,spawn_object,88.1,cube,32.44,71.72
5e10defb-ec0c-4127-9cac-e4444c3a0e3d,de7b5472-ff95-4ac7-ab99-53037e0d8360,1fc1ef99-0827-4c80-92ce-7c761328f4d1,2026-01-07 21:47:01.724980,spawn_object,80.9,asset_gun_01,10.83,1.28
f16d1e38-2321-4f0f-a1d9-d915f5a555d2,de7b5472-ff95-4ac7-ab99-53037e0d8360,1fc1ef99-0827-4c80-92ce-7c761328f4d1,2026-01-07 21:47:18.724980,spawn_object,94.9,asset_siren,87.88,18.69
8f0200ca-c1bd-4a7e-b3fb-b317b3a43ce8,de7b5472-ff95-4ac7-ab99-53037e0d8360,1fc1ef99-0827-4c80-92ce-7c761328f4d1,2026-01-07 21:47:31.724980,spawn_object,94.7,asset_siren,56.81,43.55
0dc55e59-8fba-4772-a577-e29a67e553d3,de7b5472-ff95-4ac7-ab99-53037e0d8360,1fc1ef99-0827-4c80-92ce-7c761328f4d1,2026-01-07 21:47:39.724980,touch,97.5,asset_gun_01,20.22,32.5
34dc3105-cc99-442e-bee4-1f565088c865,de7b5472-ff95-4ac7-ab99-53037e0d8360,1fc1ef99-0827-4c80-92ce-7c761328f4d1,2026-01-07 21:48:09.724980,touch,81.3,asset_gun_01,90.97,89.7
c6c91f19-094f-423b-95cb-ff502e0f6d4e,de7b5472-ff95-4ac7-ab99-53037e0d8360,1fc1ef99-0827-4c80-92ce-7c761328f4d1,2026-01-07 21:48:34.724980,spawn_object,99.4,asset_siren,49.23,69.28
fd5051c0-3ec9-49f6-bd6a-3316fe29e927,de7b5472-ff95-4ac7-ab99-53037e0d8360,1fc1ef99-0827-4c80-92ce-7c761328f4d1,2026-01-07 21:48:40.724980,spawn_object,67.7,asset_gun_01,96.15,56.49
046fe24b-344e-4906-b52b-fa944aee678d,de7b5472-ff95-4ac7-ab99-53037e0d8360,1fc1ef99-0827-4c80-92ce-7c761328f4d1,2026-01-07 21:48:51.724980,touch,88.2,asset_gun_01,44.47,36.04
156ba81c-1f7b-4e3b-9349-21ad34b635a3,de7b5472-ff95-4ac7-ab99-53037e0d8360,1fc1ef99-0827-4c80-92ce-7c761328f4d1,2026-01-07 21:49:19.724980,touch,68.1,asset_siren,43.79,70.6
8871d89f-ead2-4d6d-b01d-2cd367acaf4e,de7b5472-ff95-4ac7-ab99-53037e0d8360,1fc1ef99-0827-4c80-92ce-7c761328f4d1,2026-01-07 21:49:49.724980,touch,107.2,asset_gun_01,99.66,86.59
498628ca-86fa-456b-a777-ffd52abdc580,de7b5472-ff95-4ac7-ab99-53037e0d8360,1fc1ef99-0827-4c80-92ce-7c761328f4d1,2026-01-07 21:49:54.724980,touch,77.1,asset_siren,99.27,56.99
83da6475-1161-4ec6-b6dd-2e6e9a194bf1,de7b5472-ff95-4ac7-ab99-53037e0d8360,1fc1ef99-0827-4c80-92ce-7c761328f4d1,2026-01-07 21:50:11.724980,spawn_object,77.7,asset_siren,76.19,46.24
422026a6-3a12-40c3-a25f-014901acfc05,de7b5472-ff95-4ac7-ab99-53037e0d8360,1fc1ef99-0827-4c80-92ce-7c761328f4d1,2026-01-07 21:50:32.724980,spawn_object,66.8,asset_siren,3.02,88.26
91beff8b-95a3-4837-be9a-dc194a27afb4,de7b5472-ff95-4ac7-ab99-53037e0d8360,1fc1ef99-0827-4c80-92ce-7c761328f4d1,2026-01-07 21:51:02.724980,spawn_object,80.6,asset_siren,64.19,64.04
c234be50-9308-4fab-b917-786f999454d9,de7b5472-ff95-4ac7-ab99-53037e0d8360,1fc1ef99-0827-4c80-92ce-7c761328f4d1,2026-01-07 21:51:16.724980,spawn_object,80.3,asset_siren,96.27,99.56
867d98b8-8f8f-4fd8-ab93-72df1b66cede,de7b5472-ff95-4ac7-ab99-53037e0d8360,1fc1ef99-0827-4c80-92ce-7c761328f4d1,2026-01-07 21:51:39.724980,touch,85.3,asset_siren,55.59,58.75
5a74712c-8265-4eee-be34-115d926cae0c,de7b5472-ff95-4ac7-ab99-53037e0d8360,1fc1ef99-0827-4c80-92ce-7c761328f4d1,2026-01-07 21:52:01.724980,spawn_object,103.9,asset_siren,17.92,82.79
1f896143-4fd8-4d55-bbe5-e1b256bcea04,de7b5472-ff95-4ac7-ab99-53037e0d8360,1fc1ef99-0827-4c80-92ce-7c761328f4d1,2026-01-07 21:52:17.724980,touch,82.6,asset_gun_01,46.96,55.52
8fc0bcab-85d2-4b9b-b237-6eb4b91f70b6,de7b5472-ff95-4ac7-ab99-53037e0d8360,1fc1ef99-0827-4c80-92ce-7c761328f4d1,2026-01-07 21:52:27.724980,spawn_object,87.8,asset_gun_01,11.42,1.0
8cea3f2c-8263-4b48-9690-34c41b405ed0,de7b5472-ff95-4ac7-ab99-53037e0d8360,1fc1ef99-0827-4c80-92ce-7c761328f4d1,2026-01-07 21:52:48.724980,touch,88.4,asset_siren,35.31,59.13
aa36dbcb-dcc1-4042-b0d7-e2aeee9645cc,de7b5472-ff95-4ac7-ab99-53037e0d8360,1fc1ef99-0827-4c80-92ce-7c761328f4d1,2026-01-07 21:53:06.724980,idle,68.6,asset_siren,74.59,75.5
be8d93de-e71b-46ed-bd28-70a9244c45db,de7b5472-ff95-4ac7-ab99-53037e0d8360,1fc1ef99-0827-4c80-92ce-7c761328f4d1,2026-01-07 21:53:16.724980,spawn_object,95.8,asset_gun_01,28.6,2.09
99e77a45-d2b6-4a61-98a1-c60588171dda,de7b5472-ff95-4ac7-ab99-53037e0d8360,1fc1ef99-0827-4c80-92ce-7c761328f4d1,2026-01-07 21:53:38.724980,touch,91.3,asset_siren,51.21,80.59
935dec75-5b3e-43c0-b21a-6862d27c0acb,de7b5472-ff95-4ac7-ab99-53037e0d8360,1fc1ef99-0827-4c80-92ce-7c761328f4d1,2026-01-07 21:53:59.724980,spawn_object,87.9,asset_siren,76.64,76.98
e63c1419-4925-4a45-9e3e-a22bbc79ab9c,de7b5472-ff95-4ac7-ab99-53037e0d8360,1fc1ef99-0827-4c80-92ce-7c761328f4d1,2026-01-07 21:54:18.724980,idle,92.3,asset_gun_01,21.69,61.74
d27aaf2f-33c7-41d1-bb83-dd1003824cce,de7b5472-ff95-4ac7-ab99-53037e0d8360,1fc1ef99-0827-4c80-92ce-7c761328f4d1,2026-01-07 21:54:46.724980,spawn_object,98.4,asset_gun_01,16.82,49.79
f7bd5d2c-bf35-424c-95f0-0244bd7fa195,de7b5472-ff95-4ac7-ab99-53037e0d8360,1fc1ef99-0827-4c80-92ce-7c761328f4d1,2026-01-07 21:55:04.724980,spawn_object,73.7,asset_siren,25.6,77.15
73a61d1c-898f-4577-98b9-daccb5ac6e3a,de7b5472-ff95-4ac7-ab99-53037e0d8360,1fc1ef99-0827-4c80-92ce-7c761328f4d1,2026-01-07 21:55:28.724980,spawn_object,81.1,asset_siren,25.62,43.34
2f66bdad-f325-41d5-bb80-80c1371f92ac,de7b5472-ff95-4ac7-ab99-53037e0d8360,1fc1ef99-0827-4c80-92ce-7c761328f4d1,2026-01-07 21:55:46.724980,touch,83.5,asset_siren,3.19,47.52
4f8ebbe3-a239-4708-951c-1c0000c9edbc,de7b5472-ff95-4ac7-ab99-53037e0d8360,1fc1ef99-0827-4c80-92ce-7c761328f4d1,2026-01-07 21:55:56.724980,spawn_object,88.9,asset_gun_01,51.34,20.41
f0b900d3-74d5-483b-a7cd-e4e4064515ea,de7b5472-ff95-4ac7-ab99-53037e0d8360,1fc1ef99-0827-4c80-92ce-7c761328f4d1,2026-01-07 21:56:16.724980,idle,85.2,asset_siren,65.43,0.2
c27c4e2e-540d-4ab3-a5f4-eba1fa9f188f,de7b5472-ff95-4ac7-ab99-53037e0d8360,1fc1ef99-0827-4c80-92ce-7c761328f4d1,2026-01-07 21:56:36.724980,touch,85.8,asset_siren,5.58,91.11
96f2861d-d81f-4595-931c-68f3582b7a27,de7b5472-ff95-4ac7-ab99-53037e0d8360,1fc1ef99-0827-4c80-92ce-7c761328f4d1,2026-01-07 21:57:05.724980,touch,78.5,asset_siren,53.12,35.88
651cd1ad-c440-461b-838a-982e8b909477,de7b5472-ff95-4ac7-ab99-53037e0d8360,1fc1ef99-0827-4c80-92ce-7c761328f4d1,2026-01-07 21:57:35.724980,spawn_object,86.9,asset_gun_01,62.72,46.38
9aca50e5-85b2-4805-8c9a-5737f05797e7,de7b5472-ff95-4ac7-ab99-53037e0d8360,1fc1ef99-0827-4c80-92ce-7c761328f4d1,2026-01-07 21:57:58.724980,spawn_object,87.5,asset_gun_01,94.62,60.87
8986b87f-bb7f-4ccc-bd71-6ee5730c1ce7,de7b5472-ff95-4ac7-ab99-53037e0d8360,1fc1ef99-0827-4c80-92ce-7c761328f4d1,2026-01-07 21:58:22.724980,spawn_object,87.8,asset_gun_01,46.1,68.41
f3b6cf3b-8909-4c96-b906-2b07f2c9d417,de7b5472-ff95-4ac7-ab99-53037e0d8360,1fc1ef99-0827-4c80-92ce-7c761328f4d1,2026-01-07 21:58:35.724980,spawn_object,94.8,asset_gun_01,3.05,65.51
cbdf4d9a-cca3-41e7-b102-6e367133e3a5,de7b5472-ff95-4ac7-ab99-53037e0d8360,1fc1ef99-0827-4c80-92ce-7c761328f4d1,2026-01-07 21:58:54.724980,spawn_object,94.2,asset_gun_01,31.26,78.88
17a92643-39b9-4984-a678-4869c31e86b9,de7b5472-ff95-4ac7-ab99-53037e0d8360,1fc1ef99-0827-4c80-92ce-7c761328f4d1,2026-01-07 21:59:09.724980,spawn_object,73.6,asset_siren,98.52,70.99
5e042137-0a5f-4917-af77-0259ed06730e,de7b5472-ff95-4ac7-ab99-53037e0d8360,1fc1ef99-0827-4c80-92ce-7c761328f4d1,2026-01-07 21:59:30.724980,spawn_object,88.1,cube,59.98,3.75
add16f9d-1046-45b8-8fed-e0240b712ada,de7b5472-ff95-4ac7-ab99-53037e0d8360,1fc1ef99-0827-4c80-92ce-7c761328f4d1,2026-01-07 21:59:43.724980,spawn_object,81.4,asset_siren,7.41,82.57
79960bbf-4a75-4872-85c7-1a8e76d9108a,de7b5472-ff95-4ac7-ab99-53037e0d8360,1fc1ef99-0827-4c80-92ce-7c761328f4d1,2026-01-07 21:59:52.724980,idle,87.1,asset_siren,62.19,48.91
9b8e70bb-003b-4e45-859f-48c1299d2e1d,de7b5472-ff95-4ac7-ab99-53037e0d8360,1fc1ef99-0827-4c80-92ce-7c761328f4d1,2026-01-07 22:00:14.724980,spawn_object,62.6,asset_siren,96.59,18.53
13ddb951-f7c6-4931-948f-0801e5d2bd75,de7b5472-ff95-4ac7-ab99-53037e0d8360,1fc1ef99-0827-4c80-92ce-7c761328f4d1,2026-01-07 22:00:43.724980,spawn_object,94.2,asset_gun_01,20.81,74.61
a88404a9-ddcb-4990-8cc0-4640bc38bd65,de7b5472-ff95-4ac7-ab99-53037e0d8360,1fc1ef99-0827-4c80-92ce-7c761328f4d1,2026-01-07 22:00:58.724980,touch,88.9,cube,10.26,14.01
53c43787-b87c-4d3e-adb8-c76f54b1eddf,de7b5472-ff95-4ac7-ab99-53037e0d8360,1fc1ef99-0827-4c80-92ce-7c761328f4d1,2026-01-07 22:01:28.724980,spawn_object,83.2,asset_siren,19.24,12.34
7d5cddd5-f688-4d65-87d0-845a5a5e54c7,de7b5472-ff95-4ac7-ab99-53037e0d8360,1fc1ef99-0827-4c80-92ce-7c761328f4d1,2026-01-07 22:01:50.724980,spawn_object,85.4,asset_gun_01,4.86,19.24
38403209-b931-4a65-ad25-c57d0564f444,de7b5472-ff95-4ac7-ab99-53037e0d8360,1fc1ef99-0827-4c80-92ce-7c761328f4d1,2026-01-07 22:02:10.724980,spawn_object,79.2,asset_gun_01,90.38,96.78
ac111cc9-2499-4709-9a5f-028e7fc7a7b2,de7b5472-ff95-4ac7-ab99-53037e0d8360,1fc1ef99-0827-4c80-92ce-7c761328f4d1,2026-01-07 22:02:36.724980,spawn_object,104.3,asset_gun_01,59.45,79.63
e852c1e9-1584-4fa6-88ca-ce45a4c39994,de7b5472-ff95-4ac7-ab99-53037e0d8360,1fc1ef99-0827-4c80-92ce-7c761328f4d1,2026-01-07 22:02:46.724980,idle,78.5,asset_gun_01,4.43,82.16
b20fbef1-9b38-4ef2-a2a9-d8e094c59265,de7b5472-ff95-4ac7-ab99-53037e0d8360,1fc1ef99-0827-4c80-92ce-7c761328f4d1,2026-01-07 22:02:56.724980,spawn_object,72.6,asset_gun_01,21.66,53.33
32f6d3f9-bc9d-45a7-95a3-b2131122001d,de7b5472-ff95-4ac7-ab99-53037e0d8360,1fc1ef99-0827-4c80-92ce-7c761328f4d1,2026-01-07 22:03:23.724980,touch,82.3,asset_gun_01,10.07,47.11
8b918fdb-60b8-4685-8c7c-e431104572fa,de7b5472-ff95-4ac7-ab99-53037e0d8360,1fc1ef99-0827-4c80-92ce-7c761328f4d1,2026-01-07 22:03:31.724980,idle,79.0,asset_gun_01,45.82,41.23
e6659c6d-08e0-4600-9f92-92c100323fe3,de7b5472-ff95-4ac7-ab99-53037e0d8360,1fc1ef99-0827-4c80-92ce-7c761328f4d1,2026-01-07 22:03:41.724980,spawn_object,92.0,asset_siren,97.2,36.14
e16df6e0-b133-48e5-b77a-ca7221d3ad72,de7b5472-ff95-4ac7-ab99-53037e0d8360,1fc1ef99-0827-4c80-92ce-7c761328f4d1,2026-01-07 22:04:03.724980,touch,83.4,asset_siren,41.36,15.48
09fb2a16-b74f-4436-be55-03d4041af54e,de7b5472-ff95-4ac7-ab99-53037e0d8360,1fc1ef99-0827-4c80-92ce-7c761328f4d1,2026-01-07 22:04:23.724980,spawn_object,75.6,asset_gun_01,47.04,97.06
5f4436d4-05e8-4a7d-b75f-e47ada3c5c4e,de7b5472-ff95-4ac7-ab99-53037e0d8360,1fc1ef99-0827-4c80-92ce-7c761328f4d1,2026-01-07 22:04:42.724980,touch,78.8,asset_siren,93.74,97.25
0a899b85-960b-4dcc-a4f3-034fde5b61f4,de7b5472-ff95-4ac7-ab99-53037e0d8360,1fc1ef99-0827-4c80-92ce-7c761328f4d1,2026-01-07 22:05:09.724980,spawn_object,84.2,asset_siren,11.18,42.46
7bfda154-26e5-49dc-9324-044cfa4e3c86,de7b5472-ff95-4ac7-ab99-53037e0d8360,1fc1ef99-0827-4c80-92ce-7c761328f4d1,2026-01-07 22:05:38.724980,spawn_object,89.3,asset_siren,28.14,22.0
fe2fbab2-2dfe-4823-9873-3f45f02bf6b3,de7b5472-ff95-4ac7-ab99-53037e0d8360,1fc1ef99-0827-4c80-92ce-7c761328f4d1,2026-01-07 22:05:55.724980,spawn_object,78.4,asset_gun_01,47.42,57.79
ad72b6c9-c34a-464d-945f-d8ab25d21de3,de7b5472-ff95-4ac7-ab99-53037e0d8360,1fc1ef99-0827-4c80-92ce-7c761328f4d1,2026-01-07 22:06:14.724980,touch,101.8,asset_siren,93.81,71.95
39651881-a181-4824-947e-cbe240ecc5b3,de7b5472-ff95-4ac7-ab99-53037e0d8360,1fc1ef99-0827-4c80-92ce-7c761328f4d1,2026-01-07 22:06:37.724980,spawn_object,83.2,asset_gun_01,3.32,45.84
083fc014-df22-4ccb-9aca-c0965ac7699d,de7b5472-ff95-4ac7-ab99-53037e0d8360,1fc1ef99-0827-4c80-92ce-7c761328f4d1,2026-01-07 22:07:07.724980,spawn_object,85.8,asset_siren,71.12,12.93
c3617a51-e5ac-4f3b-932e-a67425b003fd,de7b5472-ff95-4ac7-ab99-53037e0d8360,1fc1ef99-0827-4c80-92ce-7c761328f4d1,2026-01-07 22:07:17.724980,touch,85.1,asset_siren,60.27,31.37
14cc4a1a-92f6-4838-bf19-8ff3504dc97f,de7b5472-ff95-4ac7-ab99-53037e0d8360,1fc1ef99-0827-4c80-92ce-7c761328f4d1,2026-01-07 22:07:28.724980,touch,78.7,asset_siren,10.31,2.48
474f1d6c-bc4e-478a-94e3-ea7390a49188,de7b5472-ff95-4ac7-ab99-53037e0d8360,1fc1ef99-0827-4c80-92ce-7c761328f4d1,2026-01-07 22:07:52.724980,spawn_object,59.9,asset_siren,11.09,96.03
12b5e17e-7bd9-4313-b23c-e722f783e75e,de7b5472-ff95-4ac7-ab99-53037e0d8360,1fc1ef99-0827-4c80-92ce-7c761328f4d1,2026-01-07 22:08:10.724980,spawn_object,94.7,asset_gun_01,77.69,60.73
ecd42ed8-d71d-4a81-b3dc-7f8e6b9381af,de7b5472-ff95-4ac7-ab99-53037e0d8360,1fc1ef99-0827-4c80-92ce-7c761328f4d1,2026-01-07 22:08:22.724980,spawn_object,70.1,asset_gun_01,25.22,45.17
71bd39f0-994c-4e03-a2b8-72a5a0f261bc,de7b5472-ff95-4ac7-ab99-53037e0d8360,1fc1ef99-0827-4c80-92ce-7c761328f4d1,2026-01-07 22:08:49.724980,idle,85.7,asset_siren,97.77,41.67
690d45a2-c5c9-48be-8e07-3e8ec4749989,de7b5472-ff95-4ac7-ab99-53037e0d8360,1fc1ef99-0827-4c80-92ce-7c761328f4d1,2026-01-07 22:09:15.724980,touch,66.4,asset_siren,41.22,71.82
63dc70f9-fe70-4e64-b944-336c3c58b14d,de7b5472-ff95-4ac7-ab99-53037e0d8360,1fc1ef99-0827-4c80-92ce-7c761328f4d1,2026-01-07 22:09:22.724980,spawn_object,96.9,asset_siren,95.25,26.34
88dc45a8-9042-4b09-95a1-90225363004b,de7b5472-ff95-4ac7-ab99-53037e0d8360,1fc1ef99-0827-4c80-92ce-7c761328f4d1,2026-01-07 22:09:33.724980,spawn_object,77.2,asset_gun_01,24.83,20.04
e62ada10-ed9c-4f6b-8eb0-3569c0ec8148,de7b5472-ff95-4ac7-ab99-53037e0d8360,1fc1ef99-0827-4c80-92ce-7c761328f4d1,2026-01-07 22:09:50.724980,touch,85.1,asset_gun_01,59.85,8.31
848db090-c95f-4b2c-9023-ee48c251414a,de7b5472-ff95-4ac7-ab99-53037e0d8360,1fc1ef99-0827-4c80-92ce-7c761328f4d1,2026-01-07 22:10:15.724980,spawn_object,91.5,asset_siren,63.65,6.42
1405b2e4-e4cd-4c7e-bf91-58794ec53a33,de7b5472-ff95-4ac7-ab99-53037e0d8360,1fc1ef99-0827-4c80-92ce-7c761328f4d1,2026-01-07 22:10:41.724980,touch,96.6,asset_gun_01,46.81,93.38
52904b12-1730-48cf-8cfb-92eaa1af9616,de7b5472-ff95-4ac7-ab99-53037e0d8360,1fc1ef99-0827-4c80-92ce-7c761328f4d1,2026-01-07 22:10:47.724980,spawn_object,88.7,asset_siren,42.64,97.97
472e2390-c5d3-4eb8-b767-e8e4ef6778f7,de7b5472-ff95-4ac7-ab99-53037e0d8360,1fc1ef99-0827-4c80-92ce-7c761328f4d1,2026-01-07 22:11:13.724980,spawn_object,94.1,asset_siren,79.14,81.77
ce3b443c-cc43-4af2-8d02-4383c7714f11,de7b5472-ff95-4ac7-ab99-53037e0d8360,1fc1ef99-0827-4c80-92ce-7c761328f4d1,2026-01-07 22:11:26.724980,spawn_object,105.7,asset_siren,61.8,36.09
939a16e6-2576-45ce-aae7-ef507b310031,de7b5472-ff95-4ac7-ab99-53037e0d8360,1fc1ef99-0827-4c80-92ce-7c761328f4d1,2026-01-07 22:11:49.724980,spawn_object,75.8,asset_siren,52.9,98.25
b38a6a44-c613-48bd-bc7a-7fc9f7534ff2,de7b5472-ff95-4ac7-ab99-53037e0d8360,1fc1ef99-0827-4c80-92ce-7c761328f4d1,2026-01-07 22:12:03.724980,touch,78.6,asset_gun_01,73.66,99.08
f40c4f1d-585c-4ad9-a1c6-ef71dc833a24,de7b5472-ff95-4ac7-ab99-53037e0d8360,1fc1ef99-0827-4c80-92ce-7c761328f4d1,2026-01-07 22:12:11.724980,spawn_object,76.8,cube,38.28,67.19
53371ea2-0dd5-4ee4-8332-639c41412486,de7b5472-ff95-4ac7-ab99-53037e0d8360,1fc1ef99-0827-4c80-92ce-7c761328f4d1,2026-01-07 22:12:25.724980,spawn_object,87.3,asset_gun_01,33.17,85.77
4be4b986-2eef-4cdd-805c-8f341fff1890,de7b5472-ff95-4ac7-ab99-53037e0d8360,1fc1ef99-0827-4c80-92ce-7c761328f4d1,2026-01-07 22:12:41.724980,touch,80.9,asset_gun_01,98.69,54.12
213d0af9-bdda-473b-89fe-29450baf1e08,de7b5472-ff95-4ac7-ab99-53037e0d8360,1fc1ef99-0827-4c80-92ce-7c761328f4d1,2026-01-07 22:12:56.724980,touch,96.9,asset_siren,56.07,56.5
54bac614-f754-4115-bc88-5110019bdd37,de7b5472-ff95-4ac7-ab99-53037e0d8360,1fc1ef99-0827-4c80-92ce-7c761328f4d1,2026-01-07 22:13:04.724980,spawn_object,83.8,asset_gun_01,75.24,32.03
e574957c-53de-464c-9e2d-1d745fc8bf60,de7b5472-ff95-4ac7-ab99-53037e0d8360,1fc1ef99-0827-4c80-92ce-7c761328f4d1,2026-01-07 22:13:09.724980,touch,100.3,asset_gun_01,18.79,0.86
b69dbcef-5556-4125-91fa-15ac0681e23c,de7b5472-ff95-4ac7-ab99-53037e0d8360,1fc1ef99-0827-4c80-92ce-7c761328f4d1,2026-01-07 22:13:39.724980,spawn_object,94.8,asset_gun_01,33.04,2.38
b1e65b14-bbd6-4c2b-b36a-4e686ff53034,de7b5472-ff95-4ac7-ab99-53037e0d8360,1fc1ef99-0827-4c80-92ce-7c761328f4d1,2026-01-07 22:13:57.724980,idle,73.1,asset_gun_01,6.51,27.51
56d98fba-0029-4f22-85d0-906b2b0d7bb2,de7b5472-ff95-4ac7-ab99-53037e0d8360,1fc1ef99-0827-4c80-92ce-7c761328f4d1,2026-01-07 22:14:07.724980,touch,75.1,asset_gun_01,14.57,13.15
f4adad85-939c-428e-bef2-fde0945cbd17,de7b5472-ff95-4ac7-ab99-53037e0d8360,1fc1ef99-0827-4c80-92ce-7c761328f4d1,2026-01-07 22:14:36.724980,spawn_object,65.3,asset_gun_01,35.63,29.32
bdf14f41-8f44-4b21-82fb-6197ec1986bf,de7b5472-ff95-4ac7-ab99-53037e0d8360,1fc1ef99-0827-4c80-92ce-7c761328f4d1,2026-01-07 22:14:51.724980,spawn_object,76.8,asset_gun_01,28.06,0.55
8f6381bf-4235-4a56-a5d3-d46a4a5e2053,de7b5472-ff95-4ac7-ab99-53037e0d8360,1fc1ef99-0827-4c80-92ce-7c761328f4d1,2026-01-07 22:15:17.724980,spawn_object,75.7,asset_siren,11.46,39.63
1686caf4-640b-4521-b490-44716c6233fb,de7b5472-ff95-4ac7-ab99-53037e0d8360,1fc1ef99-0827-4c80-92ce-7c761328f4d1,2026-01-07 22:15:40.724980,spawn_object,97.8,asset_gun_01,69.13,16.23
0579626f-6d8e-464b-824c-214bfd86dbda,de7b5472-ff95-4ac7-ab99-53037e0d8360,1fc1ef99-0827-4c80-92ce-7c761328f4d1,2026-01-07 22:15:46.724980,spawn_object,88.8,asset_siren,65.39,21.78
b9f58b57-4d4f-47f7-bc9b-005d625703b7,de7b5472-ff95-4ac7-ab99-53037e0d8360,1fc1ef99-0827-4c80-92ce-7c761328f4d1,2026-01-07 22:16:07.724980,touch,73.3,asset_gun_01,77.3,87.84
91196bb2-d24f-4be1-b27b-5c6c039c04f7,de7b5472-ff95-4ac7-ab99-53037e0d8360,1fc1ef99-0827-4c80-92ce-7c761328f4d1,2026-01-07 22:16:13.724980,touch,92.1,asset_gun_01,90.21,14.04
7312ae81-4171-40ae-bcac-6ae5255ee3a8,de7b5472-ff95-4ac7-ab99-53037e0d8360,1fc1ef99-0827-4c80-92ce-7c761328f4d1,2026-01-07 22:16:38.724980,touch,83.4,asset_gun_01,48.09,76.56
53db9232-34f5-4ff3-bda2-ab8add5bab5c,de7b5472-ff95-4ac7-ab99-53037e0d8360,1fc1ef99-0827-4c80-92ce-7c761328f4d1,2026-01-07 22:17:00.724980,spawn_object,76.8,asset_siren,82.49,31.99
ae82be9c-d23b-4344-bf24-04170e8e6817,3bb05088-681c-4b2b-ac03-566f8e25f3a0,5827e352-a832-480e-8eba-81f114fce7d7,2026-01-07 20:50:30.724980,explore,45.7,flower,15.74,19.15
18b42f5d-cc4f-4d66-884b-a247dd807387,3bb05088-681c-4b2b-ac03-566f8e25f3a0,5827e352-a832-480e-8eba-81f114fce7d7,2026-01-07 20:50:50.724980,wave,43.3,flower,42.78,60.73
10a77340-d948-4708-a401-f39243a45fcb,3bb05088-681c-4b2b-ac03-566f8e25f3a0,5827e352-a832-480e-8eba-81f114fce7d7,2026-01-07 20:51:14.724980,wave,39.8,cube,54.73,84.83
9b8c2cf6-dd24-4fb7-8367-553779e1e262,3bb05088-681c-4b2b-ac03-566f8e25f3a0,5827e352-a832-480e-8eba-81f114fce7d7,2026-01-07 20:51:20.724980,explore,36.2,paintbrush,83.42,63.96
1c91bb11-ea2c-4162-a443-8c89620371d6,3bb05088-681c-4b2b-ac03-566f8e25f3a0,5827e352-a832-480e-8eba-81f114fce7d7,2026-01-07 20:51:42.724980,spawn_object,37.5,paintbrush,88.88,7.61
913950ee-c258-42ae-9a21-14af6a8b51b0,3bb05088-681c-4b2b-ac03-566f8e25f3a0,5827e352-a832-480e-8eba-81f114fce7d7,2026-01-07 20:52:08.724980,explore,42.6,paintbrush,82.71,32.6
ab54ad44-38c5-4f26-8ada-3b211d6b1c11,3bb05088-681c-4b2b-ac03-566f8e25f3a0,5827e352-a832-480e-8eba-81f114fce7d7,2026-01-07 20:52:20.724980,wave,36.9,flower,32.4,78.9
495898d1-c651-4851-bb60-6ef34d0ccc92,3bb05088-681c-4b2b-ac03-566f8e25f3a0,5827e352-a832-480e-8eba-81f114fce7d7,2026-01-07 20:52:38.724980,explore,36.6,flower,91.69,40.28
a6d35d28-f39b-47c4-92f9-194837622ce7,3bb05088-681c-4b2b-ac03-566f8e25f3a0,5827e352-a832-480e-8eba-81f114fce7d7,2026-01-07 20:53:00.724980,wave,36.6,paintbrush,28.4,13.79
86ccbcaa-2785-4c0a-9a30-3579cfcfc566,3bb05088-681c-4b2b-ac03-566f8e25f3a0,5827e352-a832-480e-8eba-81f114fce7d7,2026-01-07 20:53:23.724980,explore,39.8,paintbrush,39.48,4.09
95787678-78c4-4aca-b589-4f594b6b7bf2,3bb05088-681c-4b2b-ac03-566f8e25f3a0,5827e352-a832-480e-8eba-81f114fce7d7,2026-01-07 20:53:44.724980,wave,32.2,paintbrush,61.66,79.34
97aa65ee-f45f-4189-8f8d-ccb99e488e06,3bb05088-681c-4b2b-ac03-566f8e25f3a0,5827e352-a832-480e-8eba-81f114fce7d7,2026-01-07 20:54:02.724980,explore,36.8,cube,20.87,55.69
31d39546-bb01-4f9c-82dc-648fa92a9916,3bb05088-681c-4b2b-ac03-566f8e25f3a0,5827e352-a832-480e-8eba-81f114fce7d7,2026-01-07 20:54:13.724980,explore,39.8,paintbrush,28.53,51.11
36e32ff9-f40b-4569-a160-a273fb79beb8,3bb05088-681c-4b2b-ac03-566f8e25f3a0,5827e352-a832-480e-8eba-81f114fce7d7,2026-01-07 20:54:21.724980,explore,39.1,cube,26.93,5.34
b57a2b37-6ce5-44f7-80a9-c3c61d552b64,3bb05088-681c-4b2b-ac03-566f8e25f3a0,5827e352-a832-480e-8eba-81f114fce7d7,2026-01-07 20:54:39.724980,wave,46.6,cube,91.77,4.74
536dfb78-5d64-4c9c-9e97-fd7a703dce34,3bb05088-681c-4b2b-ac03-566f8e25f3a0,5827e352-a832-480e-8eba-81f114fce7d7,2026-01-07 20:55:04.724980,explore,30.5,cube,16.37,78.04
f7b17cb4-33b4-46c3-89ad-1c91e7c87d52,3bb05088-681c-4b2b-ac03-566f8e25f3a0,5827e352-a832-480e-8eba-81f114fce7d7,2026-01-07 20:55:26.724980,wave,36.8,flower,36.37,69.09
5126a116-3215-44c8-a240-cd5dce4934e0,3bb05088-681c-4b2b-ac03-566f8e25f3a0,5827e352-a832-480e-8eba-81f114fce7d7,2026-01-07 20:55:43.724980,wave,34.4,flower,96.78,0.97
6383a9e3-e4c4-4e67-92c7-e52fa6f3ed87,3bb05088-681c-4b2b-ac03-566f8e25f3a0,5827e352-a832-480e-8eba-81f114fce7d7,2026-01-07 20:56:01.724980,wave,35.2,paintbrush,48.54,85.31
fd7f21b4-86d2-4e99-b6e0-4f1ccadc04d7,3bb05088-681c-4b2b-ac03-566f8e25f3a0,5827e352-a832-480e-8eba-81f114fce7d7,2026-01-07 20:56:12.724980,wave,35.4,cube,25.76,71.95
a8c04138-2e5c-41cb-81ed-50de58c47a01,3bb05088-681c-4b2b-ac03-566f8e25f3a0,5827e352-a832-480e-8eba-81f114fce7d7,2026-01-07 20:56:34.724980,explore,39.5,paintbrush,73.21,6.1
1ac5219a-8e91-4df6-94c2-70a6a5bd25da,3bb05088-681c-4b2b-ac03-566f8e25f3a0,5827e352-a832-480e-8eba-81f114fce7d7,2026-01-07 20:56:56.724980,explore,39.5,flower,76.6,56.0
04a96552-f9a9-4393-8a13-dbb8fba5e489,3bb05088-681c-4b2b-ac03-566f8e25f3a0,5827e352-a832-480e-8eba-81f114fce7d7,2026-01-07 20:57:24.724980,explore,33.7,paintbrush,54.62,95.0
7d7186c2-64a1-40a8-b242-8f8330a2aff0,3bb05088-681c-4b2b-ac03-566f8e25f3a0,5827e352-a832-480e-8eba-81f114fce7d7,2026-01-07 20:57:39.724980,wave,42.7,flower,83.05,81.22
c1847e34-d424-4413-968d-7834edf05027,3bb05088-681c-4b2b-ac03-566f8e25f3a0,5827e352-a832-480e-8eba-81f114fce7d7,2026-01-07 20:58:09.724980,spawn_object,36.2,cube,74.04,10.46
e52b3be2-09be-4204-b786-21d6df0b3f55,3bb05088-681c-4b2b-ac03-566f8e25f3a0,5827e352-a832-480e-8eba-81f114fce7d7,2026-01-07 20:58:22.724980,wave,42.8,paintbrush,5.39,40.95
c2cf2717-4ae0-4292-b3ab-78fdc2617a11,3bb05088-681c-4b2b-ac03-566f8e25f3a0,5827e352-a832-480e-8eba-81f114fce7d7,2026-01-07 20:58:51.724980,wave,44.8,cube,62.26,70.72
4e5f983e-f44d-4abc-8e08-e09999c851d1,3bb05088-681c-4b2b-ac03-566f8e25f3a0,5827e352-a832-480e-8eba-81f114fce7d7,2026-01-07 20:59:09.724980,wave,47.0,flower,68.49,14.11
a801511c-0e79-4b3d-8ddb-c8ead75dc295,3bb05088-681c-4b2b-ac03-566f8e25f3a0,5827e352-a832-480e-8eba-81f114fce7d7,2026-01-07 20:59:34.724980,explore,29.6,flower,11.47,82.89
822fc65c-12f8-4ecf-adcf-9a21116ceabd,3bb05088-681c-4b2b-ac03-566f8e25f3a0,5827e352-a832-480e-8eba-81f114fce7d7,2026-01-07 20:59:52.724980,spawn_object,39.2,cube,89.73,14.74
717dec85-86d0-48e7-a98b-8b4ca3d9daeb,3bb05088-681c-4b2b-ac03-566f8e25f3a0,5827e352-a832-480e-8eba-81f114fce7d7,2026-01-07 20:59:57.724980,explore,34.7,cube,19.08,74.02
2f905b05-21bc-4387-a677-a0c490d21c26,3bb05088-681c-4b2b-ac03-566f8e25f3a0,5827e352-a832-480e-8eba-81f114fce7d7,2026-01-07 21:00:02.724980,wave,41.0,cube,98.22,70.25
afb9d918-2446-482c-9f91-93bacb0179af,3bb05088-681c-4b2b-ac03-566f8e25f3a0,5827e352-a832-480e-8eba-81f114fce7d7,2026-01-07 21:00:32.724980,explore,37.9,cube,8.62,96.53
014b4892-8c6d-4274-8082-8270a2f6682d,3bb05088-681c-4b2b-ac03-566f8e25f3a0,5827e352-a832-480e-8eba-81f114fce7d7,2026-01-07 21:00:44.724980,explore,39.4,flower,2.44,64.41
081f57cf-9ea7-4742-b53d-e533ba977eb5,3bb05088-681c-4b2b-ac03-566f8e25f3a0,5827e352-a832-480e-8eba-81f114fce7d7,2026-01-07 21:01:12.724980,wave,32.7,flower,84.42,54.2
587f4d9e-4abb-456c-a572-a2fefb5b1e00,3bb05088-681c-4b2b-ac03-566f8e25f3a0,5827e352-a832-480e-8eba-81f114fce7d7,2026-01-07 21:01:35.724980,explore,43.5,paintbrush,62.11,65.56
cc6abf0a-e62b-413b-a370-b5dfcbfdbfe9,3bb05088-681c-4b2b-ac03-566f8e25f3a0,5827e352-a832-480e-8eba-81f114fce7d7,2026-01-07 21:01:40.724980,wave,48.9,cube,24.1,76.66
ea973555-694f-4275-b20b-cbbdd5809b6c,37d35fd8-201a-4b64-9410-f847d80e1ece,bf497426-e654-4ffe-ac44-87dc75fc4de8,2026-01-08 02:04:16.724980,spawn_object,88.0,cube,87.94,65.45
69a6b368-6c99-48f1-9dab-7a3ec104e123,37d35fd8-201a-4b64-9410-f847d80e1ece,bf497426-e654-4ffe-ac44-87dc75fc4de8,2026-01-08 02:04:23.724980,touch,80.5,asset_gun_01,18.34,22.74
672363d1-cb2d-4c1e-9934-23c2fb445af0,37d35fd8-201a-4b64-9410-f847d80e1ece,bf497426-e654-4ffe-ac44-87dc75fc4de8,2026-01-08 02:04:37.724980,touch,86.4,asset_siren,35.45,95.75
5db369bb-679c-40ac-96d2-6e312d5c2717,37d35fd8-201a-4b64-9410-f847d80e1ece,bf497426-e654-4ffe-ac44-87dc75fc4de8,2026-01-08 02:05:01.724980,spawn_object,92.1,cube,26.27,72.63
624e0659-c143-4b23-9cd4-6de97af00161,37d35fd8-201a-4b64-9410-f847d80e1ece,bf497426-e654-4ffe-ac44-87dc75fc4de8,2026-01-08 02:05:26.724980,spawn_object,85.4,asset_gun_01,78.54,82.21
c4566ac8-2961-4a11-bd9f-d061dac94dfd,37d35fd8-201a-4b64-9410-f847d80e1ece,bf497426-e654-4ffe-ac44-87dc75fc4de8,2026-01-08 02:05:33.724980,touch,86.6,asset_gun_01,53.25,34.77
55effba5-579b-42dd-aa8d-44018737b17d,37d35fd8-201a-4b64-9410-f847d80e1ece,bf497426-e654-4ffe-ac44-87dc75fc4de8,2026-01-08 02:05:51.724980,spawn_object,69.6,cube,88.02,99.77
d229d7cc-d129-4f10-8400-bad70606f71f,37d35fd8-201a-4b64-9410-f847d80e1ece,bf497426-e654-4ffe-ac44-87dc75fc4de8,2026-01-08 02:06:15.724980,spawn_object,86.9,asset_siren,86.55,37.21
6da47b8b-1506-48dc-b853-462931bf4be1,37d35fd8-201a-4b64-9410-f847d80e1ece,bf497426-e654-4ffe-ac44-87dc75fc4de8,2026-01-08 02:06:31.724980,spawn_object,83.7,asset_gun_01,54.14,32.2
e3637d57-6994-4952-bfa4-e28ee5cbd676,37d35fd8-201a-4b64-9410-f847d80e1ece,bf497426-e654-4ffe-ac44-87dc75fc4de8,2026-01-08 02:06:38.724980,spawn_object,80.1,asset_gun_01,37.2,0.26
1cf23845-2ef9-41bf-b6e4-fb1a9083e516,37d35fd8-201a-4b64-9410-f847d80e1ece,bf497426-e654-4ffe-ac44-87dc75fc4de8,2026-01-08 02:06:49.724980,idle,64.8,cube,92.18,32.33
4b743434-8873-4265-b635-c4f338e389f3,37d35fd8-201a-4b64-9410-f847d80e1ece,bf497426-e654-4ffe-ac44-87dc75fc4de8,2026-01-08 02:06:59.724980,spawn_object,78.0,asset_siren,78.24,53.67
41fe9553-9559-43d7-812c-80fcfee9e3cb,37d35fd8-201a-4b64-9410-f847d80e1ece,bf497426-e654-4ffe-ac44-87dc75fc4de8,2026-01-08 02:07:16.724980,spawn_object,85.1,asset_siren,97.91,4.47
31f41a8b-9635-4863-87f4-8da72223e300,37d35fd8-201a-4b64-9410-f847d80e1ece,bf497426-e654-4ffe-ac44-87dc75fc4de8,2026-01-08 02:07:21.724980,spawn_object,63.6,asset_siren,38.58,16.06
7a43eff3-8a72-436f-8643-03f7326119c2,37d35fd8-201a-4b64-9410-f847d80e1ece,bf497426-e654-4ffe-ac44-87dc75fc4de8,2026-01-08 02:07:27.724980,spawn_object,76.9,asset_siren,5.71,58.69
5149edfa-4ecf-4161-819b-4d13dc33cbc4,37d35fd8-201a-4b64-9410-f847d80e1ece,bf497426-e654-4ffe-ac44-87dc75fc4de8,2026-01-08 02:07:33.724980,touch,65.4,asset_gun_01,76.73,85.73
8cc5f929-dc39-4f75-8131-683058d8bcec,37d35fd8-201a-4b64-9410-f847d80e1ece,bf497426-e654-4ffe-ac44-87dc75fc4de8,2026-01-08 02:07:59.724980,touch,99.6,asset_gun_01,45.29,9.41
7167c7bc-9c6a-4bd2-9501-e4671b075f0d,37d35fd8-201a-4b64-9410-f847d80e1ece,bf497426-e654-4ffe-ac44-87dc75fc4de8,2026-01-08 02:08:16.724980,spawn_object,79.3,asset_gun_01,93.58,69.55
1c4ec31c-ced5-4f2c-8a72-35b7790925eb,37d35fd8-201a-4b64-9410-f847d80e1ece,bf497426-e654-4ffe-ac44-87dc75fc4de8,2026-01-08 02:08:35.724980,idle,73.4,asset_siren,51.06,20.48
2d447ba0-11b6-4fef-8bd5-ba93c28b0973,37d35fd8-201a-4b64-9410-f847d80e1ece,bf497426-e654-4ffe-ac44-87dc75fc4de8,2026-01-08 02:09:04.724980,spawn_object,82.4,asset_siren,35.87,60.24
d75c14b0-0acd-4a7b-98cb-916120e0aa88,37d35fd8-201a-4b64-9410-f847d80e1ece,bf497426-e654-4ffe-ac44-87dc75fc4de8,2026-01-08 02:09:09.724980,spawn_object,79.1,asset_siren,47.71,89.41
f2fd0a49-8b28-471d-8b10-a2d35b00d9d3,37d35fd8-201a-4b64-9410-f847d80e1ece,bf497426-e654-4ffe-ac44-87dc75fc4de8,2026-01-08 02:09:30.724980,spawn_object,84.9,asset_gun_01,39.33,5.32
16091300-0644-460c-a491-c0ddd08c3521,37d35fd8-201a-4b64-9410-f847d80e1ece,bf497426-e654-4ffe-ac44-87dc75fc4de8,2026-01-08 02:09:44.724980,touch,75.5,asset_gun_01,33.93,52.4
1b703389-a602-47e5-b122-fa7e36988908,37d35fd8-201a-4b64-9410-f847d80e1ece,bf497426-e654-4ffe-ac44-87dc75fc4de8,2026-01-08 02:10:14.724980,spawn_object,88.0,asset_siren,61.29,85.99
56c44fb4-0f32-48c2-9674-4c9fbd9183f1,37d35fd8-201a-4b64-9410-f847d80e1ece,bf497426-e654-4ffe-ac44-87dc75fc4de8,2026-01-08 02:10:31.724980,touch,79.5,asset_gun_01,44.73,97.63
21f3fe17-c0a8-4a5a-b7c2-ecdec17fb2fb,37d35fd8-201a-4b64-9410-f847d80e1ece,bf497426-e654-4ffe-ac44-87dc75fc4de8,2026-01-08 02:10:58.724980,spawn_object,95.9,asset_gun_01,88.89,71.99
4c9f96c5-072c-441f-a020-89ff870bfd09,37d35fd8-201a-4b64-9410-f847d80e1ece,bf497426-e654-4ffe-ac44-87dc75fc4de8,2026-01-08 02:11:24.724980,spawn_object,76.3,asset_siren,92.23,65.14
4a85cf14-f28b-492b-b3dc-fd48dd4ac45f,37d35fd8-201a-4b64-9410-f847d80e1ece,bf497426-e654-4ffe-ac44-87dc75fc4de8,2026-01-08 02:11:40.724980,spawn_object,98.1,asset_siren,45.79,30.53
d28912b5-8045-4188-a9d6-db7e15bf65c7,37d35fd8-201a-4b64-9410-f847d80e1ece,bf497426-e654-4ffe-ac44-87dc75fc4de8,2026-01-08 02:11:52.724980,spawn_object,90.3,asset_siren,35.39,90.79
95b9ece2-7e5c-4669-b46a-9ddc8a46d74c,37d35fd8-201a-4b64-9410-f847d80e1ece,bf497426-e654-4ffe-ac44-87dc75fc4de8,2026-01-08 02:12:05.724980,spawn_object,64.1,asset_gun_01,89.62,58.74
1022726a-7efe-47f7-b249-6bc2bb13fa99,37d35fd8-201a-4b64-9410-f847d80e1ece,bf497426-e654-4ffe-ac44-87dc75fc4de8,2026-01-08 02:12:28.724980,idle,100.8,asset_gun_01,0.35,0.5
8e7b6b92-6760-411b-972f-706b56890da6,37d35fd8-201a-4b64-9410-f847d80e1ece,bf497426-e654-4ffe-ac44-87dc75fc4de8,2026-01-08 02:12:57.724980,touch,91.3,asset_siren,87.6,37.15
f5edd9c6-8d5a-45be-b47d-c3fbf19a4271,37d35fd8-201a-4b64-9410-f847d80e1ece,bf497426-e654-4ffe-ac44-87dc75fc4de8,2026-01-08 02:13:06.724980,touch,69.6,asset_siren,35.74,4.97
9e4bd388-29e2-4956-9c5f-16a550a235d5,37d35fd8-201a-4b64-9410-f847d80e1ece,bf497426-e654-4ffe-ac44-87dc75fc4de8,2026-01-08 02:13:15.724980,touch,75.5,asset_gun_01,32.78,58.11
95957ea4-12da-4af7-8ae2-21cc21f22099,37d35fd8-201a-4b64-9410-f847d80e1ece,bf497426-e654-4ffe-ac44-87dc75fc4de8,2026-01-08 02:13:40.724980,spawn_object,86.9,asset_gun_01,62.22,19.83
36ac58f2-2e67-48d1-9ab2-92dc09ced035,37d35fd8-201a-4b64-9410-f847d80e1ece,bf497426-e654-4ffe-ac44-87dc75fc4de8,2026-01-08 02:13:51.724980,spawn_object,94.7,asset_siren,77.62,38.22
71eb6762-d0a0-4f98-a961-2dcac65ae107,37d35fd8-201a-4b64-9410-f847d80e1ece,bf497426-e654-4ffe-ac44-87dc75fc4de8,2026-01-08 02:14:11.724980,spawn_object,65.8,asset_gun_01,80.11,90.06
ee57c59b-d7db-4a73-b242-f2648d1d44b5,37d35fd8-201a-4b64-9410-f847d80e1ece,bf497426-e654-4ffe-ac44-87dc75fc4de8,2026-01-08 02:14:18.724980,touch,106.9,asset_siren,73.14,37.78
98c31990-bf79-4135-85da-33b21b56717c,37d35fd8-201a-4b64-9410-f847d80e1ece,bf497426-e654-4ffe-ac44-87dc75fc4de8,2026-01-08 02:14:45.724980,spawn_object,90.9,asset_gun_01,46.08,8.27
73fe505f-392d-4d0f-8161-71bbd3256df6,37d35fd8-201a-4b64-9410-f847d80e1ece,bf497426-e654-4ffe-ac44-87dc75fc4de8,2026-01-08 02:15:05.724980,idle,81.3,asset_gun_01,70.23,80.57
b90c7eaf-eb87-4db6-a455-1a25a102617c,37d35fd8-201a-4b64-9410-f847d80e1ece,bf497426-e654-4ffe-ac44-87dc75fc4de8,2026-01-08 02:15:22.724980,idle,76.9,asset_gun_01,25.31,32.13
b2c4c3f7-6352-4315-a215-f003bfed01e5,37d35fd8-201a-4b64-9410-f847d80e1ece,bf497426-e654-4ffe-ac44-87dc75fc4de8,2026-01-08 02:15:46.724980,spawn_object,88.7,asset_siren,14.97,24.42
e5d664e6-2440-440f-a482-721a17422a99,37d35fd8-201a-4b64-9410-f847d80e1ece,bf497426-e654-4ffe-ac44-87dc75fc4de8,2026-01-08 02:15:56.724980,spawn_object,69.7,asset_siren,52.92,70.74
16d2615d-fa01-46ce-a7c3-76fb20f3163b,37d35fd8-201a-4b64-9410-f847d80e1ece,bf497426-e654-4ffe-ac44-87dc75fc4de8,2026-01-08 02:16:18.724980,spawn_object,90.2,asset_siren,14.79,41.92
c6630143-304e-4d5b-943f-3244d3d14370,37d35fd8-201a-4b64-9410-f847d80e1ece,bf497426-e654-4ffe-ac44-87dc75fc4de8,2026-01-08 02:16:40.724980,spawn_object,94.8,asset_gun_01,31.65,40.65
82a6825f-450e-4e0a-838e-7eb3ae471826,37d35fd8-201a-4b64-9410-f847d80e1ece,bf497426-e654-4ffe-ac44-87dc75fc4de8,2026-01-08 02:16:53.724980,spawn_object,103.6,asset_siren,43.61,69.96
cb9381f5-16ad-4e28-a3cb-ff58b2eb2deb,37d35fd8-201a-4b64-9410-f847d80e1ece,bf497426-e654-4ffe-ac44-87dc75fc4de8,2026-01-08 02:17:19.724980,spawn_object,81.8,asset_gun_01,18.47,41.92
c127d7c2-5c1f-456b-8086-9e272fcfa1dd,37d35fd8-201a-4b64-9410-f847d80e1ece,bf497426-e654-4ffe-ac44-87dc75fc4de8,2026-01-08 02:17:30.724980,touch,96.9,asset_siren,65.23,42.74
608279d0-5c32-4448-b588-cea370ed1c37,37d35fd8-201a-4b64-9410-f847d80e1ece,bf497426-e654-4ffe-ac44-87dc75fc4de8,2026-01-08 02:17:35.724980,spawn_object,94.5,asset_gun_01,14.8,29.2
4b8d1b64-6b49-4a3e-98a9-51520ca8ec16,4a922a1f-f3d2-4978-95f6-a2a84105bde1,41b88d59-d1b0-4252-8017-10b27f64425d,2026-01-08 05:35:25.724980,explore,44.8,paintbrush,11.73,62.64
809b9d0d-2909-448e-9649-61c6f921528f,4a922a1f-f3d2-4978-95f6-a2a84105bde1,41b88d59-d1b0-4252-8017-10b27f64425d,2026-01-08 05:35:46.724980,wave,43.2,flower,11.54,26.68
47d284e1-57b9-46ed-8ba3-db55f00de772,4a922a1f-f3d2-4978-95f6-a2a84105bde1,41b88d59-d1b0-4252-8017-10b27f64425d,2026-01-08 05:36:05.724980,explore,38.7,cube,91.27,40.38
d2b2d9ee-cd2f-4d4e-920a-a2e01d27cf8f,4a922a1f-f3d2-4978-95f6-a2a84105bde1,41b88d59-d1b0-4252-8017-10b27f64425d,2026-01-08 05:36:23.724980,wave,40.3,cube,10.08,17.86
aa19b557-818b-41be-8f02-f1a0025a28dc,4a922a1f-f3d2-4978-95f6-a2a84105bde1,41b88d59-d1b0-4252-8017-10b27f64425d,2026-01-08 05:36:36.724980,explore,37.9,flower,57.02,63.27
261d1a05-7a9b-4513-a13e-3e3bba43cbcb,4a922a1f-f3d2-4978-95f6-a2a84105bde1,41b88d59-d1b0-4252-8017-10b27f64425d,2026-01-08 05:36:59.724980,spawn_object,29.0,flower,87.71,26.14
b5c41495-f4a2-4359-b7d0-3ad69b16e076,4a922a1f-f3d2-4978-95f6-a2a84105bde1,41b88d59-d1b0-4252-8017-10b27f64425d,2026-01-08 05:37:12.724980,explore,36.6,paintbrush,75.96,20.73
10274287-b926-4178-b0cc-74c4c19075d5,4a922a1f-f3d2-4978-95f6-a2a84105bde1,41b88d59-d1b0-4252-8017-10b27f64425d,2026-01-08 05:37:30.724980,explore,42.1,paintbrush,32.15,28.0
c28505ff-7125-44c9-8ad0-346a714ccfcd,4a922a1f-f3d2-4978-95f6-a2a84105bde1,41b88d59-d1b0-4252-8017-10b27f64425d,2026-01-08 05:37:46.724980,explore,32.6,cube,81.56,1.8
1017b900-3614-4819-8452-3528ae0387e1,4a922a1f-f3d2-4978-95f6-a2a84105bde1,41b88d59-d1b0-4252-8017-10b27f64425d,2026-01-08 05:38:13.724980,wave,47.1,paintbrush,24.28,94.82
2d3ef803-6566-495a-b59c-47be29681de8,4a922a1f-f3d2-4978-95f6-a2a84105bde1,41b88d59-d1b0-4252-8017-10b27f64425d,2026-01-08 05:38:32.724980,explore,48.1,paintbrush,81.99,71.18
8b84d65a-c96a-4783-92ad-c69405f263db,4a922a1f-f3d2-4978-95f6-a2a84105bde1,41b88d59-d1b0-4252-8017-10b27f64425d,2026-01-08 05:38:37.724980,wave,45.4,paintbrush,18.95,69.66
14786a9f-45fb-4833-9b6b-d17962fbb578,4a922a1f-f3d2-4978-95f6-a2a84105bde1,41b88d59-d1b0-4252-8017-10b27f64425d,2026-01-08 05:38:51.724980,explore,39.9,cube,1.69,37.3
56c14ce6-843e-4377-a1a7-cf2628a60888,4a922a1f-f3d2-4978-95f6-a2a84105bde1,41b88d59-d1b0-4252-8017-10b27f64425d,2026-01-08 05:39:14.724980,explore,33.7,paintbrush,95.1,25.81
792cf704-c923-40a5-ba93-7a09e9a737fe,4a922a1f-f3d2-4978-95f6-a2a84105bde1,41b88d59-d1b0-4252-8017-10b27f64425d,2026-01-08 05:39:24.724980,explore,40.3,cube,13.43,12.96
07459287-4a60-402d-aee0-da18924f0561,4a922a1f-f3d2-4978-95f6-a2a84105bde1,41b88d59-d1b0-4252-8017-10b27f64425d,2026-01-08 05:39:42.724980,explore,43.0,flower,62.0,7.37
0b48722b-be56-406a-8f09-dc8fcd739be7,4a922a1f-f3d2-4978-95f6-a2a84105bde1,41b88d59-d1b0-4252-8017-10b27f64425d,2026-01-08 05:39:49.724980,explore,35.5,paintbrush,48.0,84.91
5475f0d3-a9a8-4503-b46f-d338d41858d9,4a922a1f-f3d2-4978-95f6-a2a84105bde1,41b88d59-d1b0-4252-8017-10b27f64425d,2026-01-08 05:39:59.724980,explore,41.9,flower,86.63,64.4
b635b108-0a8d-493c-97c2-e0eaabf23233,4a922a1f-f3d2-4978-95f6-a2a84105bde1,41b88d59-d1b0-4252-8017-10b27f64425d,2026-01-08 05:40:26.724980,explore,37.4,cube,22.58,33.2
7bc6cf64-d414-4a59-bc25-c4710ab4cbde,4a922a1f-f3d2-4978-95f6-a2a84105bde1,41b88d59-d1b0-4252-8017-10b27f64425d,2026-01-08 05:40:56.724980,explore,36.0,flower,19.01,23.73
cda852d4-7033-470f-9e9e-476b3d7d6071,4a922a1f-f3d2-4978-95f6-a2a84105bde1,41b88d59-d1b0-4252-8017-10b27f64425d,2026-01-08 05:41:22.724980,explore,33.4,flower,14.31,53.16
4c8284a2-b9a0-4afe-a542-49e8a3d6bd2e,4a922a1f-f3d2-4978-95f6-a2a84105bde1,41b88d59-d1b0-4252-8017-10b27f64425d,2026-01-08 05:41:28.724980,spawn_object,37.5,paintbrush,27.91,2.75
ecc086bd-625c-4b62-bff3-159649a6b14a,4a922a1f-f3d2-4978-95f6-a2a84105bde1,41b88d59-d1b0-4252-8017-10b27f64425d,2026-01-08 05:41:35.724980,explore,41.9,flower,73.35,58.08
d23fe89c-b2b2-4d7d-9b9e-e5f06df57386,4a922a1f-f3d2-4978-95f6-a2a84105bde1,41b88d59-d1b0-4252-8017-10b27f64425d,2026-01-08 05:41:52.724980,wave,39.5,cube,27.34,54.07
0ee41009-7cba-4c7d-bd9e-34e44feab0a3,4a922a1f-f3d2-4978-95f6-a2a84105bde1,41b88d59-d1b0-4252-8017-10b27f64425d,2026-01-08 05:42:08.724980,explore,35.2,paintbrush,98.39,65.81
a6aa5ee7-403f-4e06-bfba-b8db9c0b05a8,4a922a1f-f3d2-4978-95f6-a2a84105bde1,41b88d59-d1b0-4252-8017-10b27f64425d,2026-01-08 05:42:30.724980,wave,28.5,flower,54.25,43.07
91daae1d-d0a1-4a5f-8339-95e44536352d,4a922a1f-f3d2-4978-95f6-a2a84105bde1,41b88d59-d1b0-4252-8017-10b27f64425d,2026-01-08 05:42:52.724980,wave,42.7,flower,95.3,2.93
6c7206b1-f751-4586-99c4-e0a0a9ca4912,4a922a1f-f3d2-4978-95f6-a2a84105bde1,41b88d59-d1b0-4252-8017-10b27f64425d,2026-01-08 05:43:16.724980,wave,39.2,flower,66.5,22.85
e4acb067-497f-4e64-9525-9119f6042cc3,4a922a1f-f3d2-4978-95f6-a2a84105bde1,41b88d59-d1b0-4252-8017-10b27f64425d,2026-01-08 05:43:28.724980,explore,30.0,paintbrush,31.14,55.79
9c59eae6-ed22-41e4-8a65-62330f2c3630,4a922a1f-f3d2-4978-95f6-a2a84105bde1,41b88d59-d1b0-4252-8017-10b27f64425d,2026-01-08 05:43:33.724980,wave,39.7,flower,2.06,53.29
e9fcdb06-767e-469d-b6bc-37e3bf0a61cc,4a922a1f-f3d2-4978-95f6-a2a84105bde1,41b88d59-d1b0-4252-8017-10b27f64425d,2026-01-08 05:43:56.724980,explore,44.6,flower,33.33,88.45
c1e047c2-abce-4871-bf3d-5222de5f77f7,4a922a1f-f3d2-4978-95f6-a2a84105bde1,41b88d59-d1b0-4252-8017-10b27f64425d,2026-01-08 05:44:09.724980,explore,42.7,flower,83.26,35.17
66abf64c-3327-48d6-967d-dbbb545a5109,4a922a1f-f3d2-4978-95f6-a2a84105bde1,41b88d59-d1b0-4252-8017-10b27f64425d,2026-01-08 05:44:27.724980,wave,39.9,paintbrush,43.67,51.38
caccf800-fb92-4174-8cf0-dc3f49af6b3f,4a922a1f-f3d2-4978-95f6-a2a84105bde1,41b88d59-d1b0-4252-8017-10b27f64425d,2026-01-08 05:44:44.724980,explore,39.0,flower,92.09,73.13
d52517da-95cb-4a85-a4a7-988a70b34657,4a922a1f-f3d2-4978-95f6-a2a84105bde1,41b88d59-d1b0-4252-8017-10b27f64425d,2026-01-08 05:44:53.724980,explore,38.7,paintbrush,42.0,44.62
393d9c77-ca25-4167-8989-f7f29130b1cc,4a922a1f-f3d2-4978-95f6-a2a84105bde1,41b88d59-d1b0-4252-8017-10b27f64425d,2026-01-08 05:45:05.724980,explore,35.2,flower,70.26,13.01
b6f47e73-764b-455a-a89a-45b588a784ad,4a922a1f-f3d2-4978-95f6-a2a84105bde1,41b88d59-d1b0-4252-8017-10b27f64425d,2026-01-08 05:45:20.724980,spawn_object,36.3,paintbrush,60.32,47.2
f69a9502-05f5-4dca-8a37-ae37b78b5603,4a922a1f-f3d2-4978-95f6-a2a84105bde1,41b88d59-d1b0-4252-8017-10b27f64425d,2026-01-08 05:45:37.724980,explore,43.0,paintbrush,33.53,47.69
d79bccef-4257-481e-88cf-c4d04f6c644c,4a922a1f-f3d2-4978-95f6-a2a84105bde1,41b88d59-d1b0-4252-8017-10b27f64425d,2026-01-08 05:45:50.724980,wave,37.6,flower,86.64,35.33
905c90e0-5e04-40d5-8699-e173733759ac,4a922a1f-f3d2-4978-95f6-a2a84105bde1,41b88d59-d1b0-4252-8017-10b27f64425d,2026-01-08 05:46:15.724980,explore,44.2,flower,40.7,86.92
a120ea7c-5100-4e0b-962c-85edad13b2c6,a0fb0b66-acb3-45ac-8016-3a0ad610a585,60628782-2b67-4af8-ac93-49ee8246d93e,2026-01-08 06:35:13.724980,wave,41.7,flower,9.36,94.05
b81bdbc9-10c7-4439-a510-6b46de54a7ca,a0fb0b66-acb3-45ac-8016-3a0ad610a585,60628782-2b67-4af8-ac93-49ee8246d93e,2026-01-08 06:35:37.724980,explore,40.9,paintbrush,31.31,71.9
393bd6b7-4574-46ab-89ae-5d132b04d692,a0fb0b66-acb3-45ac-8016-3a0ad610a585,60628782-2b67-4af8-ac93-49ee8246d93e,2026-01-08 06:36:01.724980,wave,43.9,paintbrush,81.57,58.55
21a5b8f0-1081-4c5e-be4c-c65a52e84e35,a0fb0b66-acb3-45ac-8016-3a0ad610a585,60628782-2b67-4af8-ac93-49ee8246d93e,2026-01-08 06:36:23.724980,explore,46.0,paintbrush,65.33,62.19
e5e90893-38e5-498b-b2ea-622fb0d143e4,a0fb0b66-acb3-45ac-8016-3a0ad610a585,60628782-2b67-4af8-ac93-49ee8246d93e,2026-01-08 06:36:35.724980,wave,40.5,flower,70.23,91.79
d6fbcf6e-9da6-46b5-89f4-bb0662183cfe,a0fb0b66-acb3-45ac-8016-3a0ad610a585,60628782-2b67-4af8-ac93-49ee8246d93e,2026-01-08 06:37:03.724980,wave,38.2,cube,39.97,44.25
980d3b25-b0c8-47ab-bf74-1d397e7a5138,a0fb0b66-acb3-45ac-8016-3a0ad610a585,60628782-2b67-4af8-ac93-49ee8246d93e,2026-01-08 06:37:13.724980,explore,39.5,paintbrush,96.9,46.44
926a29d6-e79e-40f3-b035-e3550bbcbfed,a0fb0b66-acb3-45ac-8016-3a0ad610a585,60628782-2b67-4af8-ac93-49ee8246d93e,2026-01-08 06:37:27.724980,wave,38.2,cube,0.59,17.89
722ebc5e-af48-4dda-882e-b5af8f284c49,a0fb0b66-acb3-45ac-8016-3a0ad610a585,60628782-2b67-4af8-ac93-49ee8246d93e,2026-01-08 06:37:47.724980,explore,44.9,paintbrush,86.44,13.6
b381e8d4-94a8-48c2-a1cc-a85acbb72475,a0fb0b66-acb3-45ac-8016-3a0ad610a585,60628782-2b67-4af8-ac93-49ee8246d93e,2026-01-08 06:38:01.724980,wave,35.3,paintbrush,78.59,51.13
538d4743-3bdd-432b-a4d0-d14275d2e916,a0fb0b66-acb3-45ac-8016-3a0ad610a585,60628782-2b67-4af8-ac93-49ee8246d93e,2026-01-08 06:38:14.724980,explore,39.6,flower,66.35,44.68
a594062d-2137-4888-badf-4aa90113a678,a0fb0b66-acb3-45ac-8016-3a0ad610a585,60628782-2b67-4af8-ac93-49ee8246d93e,2026-01-08 06:38:32.724980,wave,41.4,flower,22.86,46.91
71bcdbcc-1c63-46e3-90b9-2e5c73e4b103,a0fb0b66-acb3-45ac-8016-3a0ad610a585,60628782-2b67-4af8-ac93-49ee8246d93e,2026-01-08 06:39:00.724980,wave,41.6,flower,27.96,43.18
243dba70-4e02-4329-9fa8-11059537b811,a0fb0b66-acb3-45ac-8016-3a0ad610a585,60628782-2b67-4af8-ac93-49ee8246d93e,2026-01-08 06:39:07.724980,wave,46.4,paintbrush,87.35,15.2
0a5e3993-fb49-434d-afff-998723c81d49,a0fb0b66-acb3-45ac-8016-3a0ad610a585,60628782-2b67-4af8-ac93-49ee8246d93e,2026-01-08 06:39:35.724980,wave,41.4,flower,12.59,16.04
22c2092a-e93d-48b1-9a35-b1ea986871a9,a0fb0b66-acb3-45ac-8016-3a0ad610a585,60628782-2b67-4af8-ac93-49ee8246d93e,2026-01-08 06:39:42.724980,explore,33.1,cube,48.32,59.36
21ff0994-34e6-4184-9ba7-c21b57d990d4,a0fb0b66-acb3-45ac-8016-3a0ad610a585,60628782-2b67-4af8-ac93-49ee8246d93e,2026-01-08 06:39:57.724980,explore,30.3,flower,44.42,89.52
9564062b-4b77-4ea8-bd72-bddcb6fbef81,a0fb0b66-acb3-45ac-8016-3a0ad610a585,60628782-2b67-4af8-ac93-49ee8246d93e,2026-01-08 06:40:14.724980,explore,36.1,flower,33.8,39.96
4751414f-7bc0-4ca9-863d-f4d0eed611e7,a0fb0b66-acb3-45ac-8016-3a0ad610a585,60628782-2b67-4af8-ac93-49ee8246d93e,2026-01-08 06:40:33.724980,explore,34.5,cube,95.04,40.48
cc796afb-7e76-4339-ac2c-af224e17d731,a0fb0b66-acb3-45ac-8016-3a0ad610a585,60628782-2b67-4af8-ac93-49ee8246d93e,2026-01-08 06:41:03.724980,explore,41.1,flower,82.72,21.11
70172c44-1810-49dc-9260-50ff2dedca7f,a0fb0b66-acb3-45ac-8016-3a0ad610a585,60628782-2b67-4af8-ac93-49ee8246d93e,2026-01-08 06:41:31.724980,explore,44.9,paintbrush,48.35,71.98
688886f6-e73b-475c-b855-456824dd922e,a0fb0b66-acb3-45ac-8016-3a0ad610a585,60628782-2b67-4af8-ac93-49ee8246d93e,2026-01-08 06:41:39.724980,wave,43.7,flower,50.4,50.35
644fd8c9-2d2e-41e7-b166-c622e72dfdb4,a0fb0b66-acb3-45ac-8016-3a0ad610a585,60628782-2b67-4af8-ac93-49ee8246d93e,2026-01-08 06:41:53.724980,explore,38.9,flower,5.47,78.99
3b9f413e-1ef1-4a24-bcd6-3520f77f2ef4,a0fb0b66-acb3-45ac-8016-3a0ad610a585,60628782-2b67-4af8-ac93-49ee8246d93e,2026-01-08 06:42:22.724980,explore,47.0,cube,93.55,40.17
04e2de77-7bf8-4b4a-b66f-50183784e6e7,a0fb0b66-acb3-45ac-8016-3a0ad610a585,60628782-2b67-4af8-ac93-49ee8246d93e,2026-01-08 06:42:32.724980,explore,46.4,flower,34.13,36.86
d491ca83-9efb-49a1-8c42-3ccf55667a91,a0fb0b66-acb3-45ac-8016-3a0ad610a585,60628782-2b67-4af8-ac93-49ee8246d93e,2026-01-08 06:42:39.724980,wave,35.1,cube,55.85,84.87
2acdf19c-e568-4f74-be9a-a6e975de4f77,a0fb0b66-acb3-45ac-8016-3a0ad610a585,60628782-2b67-4af8-ac93-49ee8246d93e,2026-01-08 06:42:46.724980,explore,47.6,paintbrush,32.38,73.88
723e2e6a-5f3f-4850-aa77-95eb1540bbfc,c6e9609f-3124-4fb4-a7b5-9f2eb61e76f8,66738382-04af-4ad5-a362-5b7955ab5aa1,2026-01-08 05:34:12.724980,explore,38.9,flower,85.29,70.97
595e39b6-daf7-430e-b682-21ec4a560d78,c6e9609f-3124-4fb4-a7b5-9f2eb61e76f8,66738382-04af-4ad5-a362-5b7955ab5aa1,2026-01-08 05:34:20.724980,explore,42.8,flower,26.96,78.09
45c54501-572f-4292-8b42-3904cf57f574,c6e9609f-3124-4fb4-a7b5-9f2eb61e76f8,66738382-04af-4ad5-a362-5b7955ab5aa1,2026-01-08 05:34:46.724980,explore,43.4,paintbrush,82.16,73.27
4949f495-6a24-4c99-af54-b7b5ad7b6005,c6e9609f-3124-4fb4-a7b5-9f2eb61e76f8,66738382-04af-4ad5-a362-5b7955ab5aa1,2026-01-08 05:34:57.724980,wave,38.2,paintbrush,55.2,25.85
dc3eef76-0a3b-4c21-8c45-30e79d698ff0,c6e9609f-3124-4fb4-a7b5-9f2eb61e76f8,66738382-04af-4ad5-a362-5b7955ab5aa1,2026-01-08 05:35:07.724980,explore,42.4,cube,94.36,23.87
27a7dc46-db16-47c5-a099-613eb94baf4e,c6e9609f-3124-4fb4-a7b5-9f2eb61e76f8,66738382-04af-4ad5-a362-5b7955ab5aa1,2026-01-08 05:35:13.724980,explore,40.1,flower,91.36,62.65
994a2185-d902-44da-a6ff-1607aead0660,c6e9609f-3124-4fb4-a7b5-9f2eb61e76f8,66738382-04af-4ad5-a362-5b7955ab5aa1,2026-01-08 05:35:43.724980,explore,42.7,flower,68.41,96.54
46f67672-2712-4811-bc5b-4583d2a816ba,c6e9609f-3124-4fb4-a7b5-9f2eb61e76f8,66738382-04af-4ad5-a362-5b7955ab5aa1,2026-01-08 05:35:54.724980,wave,43.6,paintbrush,11.99,13.28
fb777eba-e85c-43c6-9a1d-426fcc3779fb,c6e9609f-3124-4fb4-a7b5-9f2eb61e76f8,66738382-04af-4ad5-a362-5b7955ab5aa1,2026-01-08 05:36:01.724980,explore,36.8,flower,5.26,70.76
d88c1881-a295-4742-8517-44c9298aecd9,c6e9609f-3124-4fb4-a7b5-9f2eb61e76f8,66738382-04af-4ad5-a362-5b7955ab5aa1,2026-01-08 05:36:22.724980,wave,38.3,flower,43.95,56.18
2cc964bb-88c7-4405-974c-43a36d26242d,c6e9609f-3124-4fb4-a7b5-9f2eb61e76f8,66738382-04af-4ad5-a362-5b7955ab5aa1,2026-01-08 05:36:27.724980,explore,38.5,flower,2.92,34.56
cec768a4-024d-41c1-8b7d-b4d7a7e1c6db,c6e9609f-3124-4fb4-a7b5-9f2eb61e76f8,66738382-04af-4ad5-a362-5b7955ab5aa1,2026-01-08 05:36:35.724980,explore,43.1,paintbrush,22.88,15.22
db72c974-63ff-4c3c-8edc-129339dcb475,c6e9609f-3124-4fb4-a7b5-9f2eb61e76f8,66738382-04af-4ad5-a362-5b7955ab5aa1,2026-01-08 05:36:56.724980,wave,38.2,cube,32.25,49.85
28917508-ab15-45dd-b6b6-e3b179e8776d,c6e9609f-3124-4fb4-a7b5-9f2eb61e76f8,66738382-04af-4ad5-a362-5b7955ab5aa1,2026-01-08 05:37:26.724980,wave,44.9,cube,87.02,94.08
bd516161-4291-4b0f-a132-0b4e9f75f803,c6e9609f-3124-4fb4-a7b5-9f2eb61e76f8,66738382-04af-4ad5-a362-5b7955ab5aa1,2026-01-08 05:37:42.724980,explore,38.3,paintbrush,22.09,51.56
f8a09815-ca85-45f7-973e-eac35d5ce9dd,c6e9609f-3124-4fb4-a7b5-9f2eb61e76f8,66738382-04af-4ad5-a362-5b7955ab5aa1,2026-01-08 05:38:06.724980,explore,32.9,flower,46.64,48.25
0db8beee-ae25-4207-9ac2-3938ef23fe26,c6e9609f-3124-4fb4-a7b5-9f2eb61e76f8,66738382-04af-4ad5-a362-5b7955ab5aa1,2026-01-08 05:38:35.724980,explore,41.9,paintbrush,3.77,52.99
2bd99b76-73f4-4faa-872a-b55948d119e0,c6e9609f-3124-4fb4-a7b5-9f2eb61e76f8,66738382-04af-4ad5-a362-5b7955ab5aa1,2026-01-08 05:38:56.724980,spawn_object,30.9,flower,65.73,4.32
98a3661c-29cd-4e71-8a94-d7cd3021da48,c6e9609f-3124-4fb4-a7b5-9f2eb61e76f8,66738382-04af-4ad5-a362-5b7955ab5aa1,2026-01-08 05:39:18.724980,explore,38.1,paintbrush,42.89,54.85
cadb5d84-947e-4db1-9d06-2440b3f6c11e,c6e9609f-3124-4fb4-a7b5-9f2eb61e76f8,66738382-04af-4ad5-a362-5b7955ab5aa1,2026-01-08 05:39:46.724980,spawn_object,37.1,flower,52.73,58.54
02f2a2eb-5733-476e-806e-ff38696f626c,c6e9609f-3124-4fb4-a7b5-9f2eb61e76f8,66738382-04af-4ad5-a362-5b7955ab5aa1,2026-01-08 05:40:10.724980,explore,43.2,paintbrush,76.9,26.49
4029c106-673e-4b6f-bfef-38ddd59f0852,c6e9609f-3124-4fb4-a7b5-9f2eb61e76f8,66738382-04af-4ad5-a362-5b7955ab5aa1,2026-01-08 05:40:30.724980,wave,43.4,cube,25.04,71.71
6556c115-2ca0-4ae2-88a5-2de6fdd334a5,c6e9609f-3124-4fb4-a7b5-9f2eb61e76f8,66738382-04af-4ad5-a362-5b7955ab5aa1,2026-01-08 05:40:56.724980,explore,46.9,flower,75.94,68.87
2b832f06-63b0-457a-b97b-6d92e2b931cf,c6e9609f-3124-4fb4-a7b5-9f2eb61e76f8,66738382-04af-4ad5-a362-5b7955ab5aa1,2026-01-08 05:41:03.724980,explore,34.9,paintbrush,17.04,21.76
8f163aaa-19ff-4aa8-9938-4775f44bea5a,c6e9609f-3124-4fb4-a7b5-9f2eb61e76f8,66738382-04af-4ad5-a362-5b7955ab5aa1,2026-01-08 05:41:15.724980,wave,38.4,paintbrush,56.23,57.75
12d8997b-cade-4296-8c8c-2ab0292d25e4,c6e9609f-3124-4fb4-a7b5-9f2eb61e76f8,66738382-04af-4ad5-a362-5b7955ab5aa1,2026-01-08 05:41:20.724980,spawn_object,46.3,cube,55.17,12.49
05ff065d-1a20-4867-aa7c-36665e734426,c6e9609f-3124-4fb4-a7b5-9f2eb61e76f8,66738382-04af-4ad5-a362-5b7955ab5aa1,2026-01-08 05:41:26.724980,explore,36.4,flower,46.86,49.02
f890797e-7e35-4031-88a7-0c94b7e9130b,c6e9609f-3124-4fb4-a7b5-9f2eb61e76f8,66738382-04af-4ad5-a362-5b7955ab5aa1,2026-01-08 05:41:53.724980,explore,52.5,paintbrush,92.36,88.95
0bfbfad2-7f93-4c5d-98da-8352c1f78f67,c6e9609f-3124-4fb4-a7b5-9f2eb61e76f8,66738382-04af-4ad5-a362-5b7955ab5aa1,2026-01-08 05:42:02.724980,spawn_object,40.4,flower,86.57,88.05
6372da22-cb67-4226-ad66-030ab3743fe5,c6e9609f-3124-4fb4-a7b5-9f2eb61e76f8,66738382-04af-4ad5-a362-5b7955ab5aa1,2026-01-08 05:42:22.724980,wave,35.0,flower,21.14,90.0
710b5965-82e3-4602-9b8d-e358a61d42dd,c6e9609f-3124-4fb4-a7b5-9f2eb61e76f8,66738382-04af-4ad5-a362-5b7955ab5aa1,2026-01-08 05:42:37.724980,explore,40.5,flower,63.26,87.3
2b3591ea-3882-4251-98c2-28861889d701,c6e9609f-3124-4fb4-a7b5-9f2eb61e76f8,66738382-04af-4ad5-a362-5b7955ab5aa1,2026-01-08 05:42:47.724980,wave,33.4,flower,52.01,26.27
a1ab200d-06c0-4b38-9627-fa262ec3962b,c6e9609f-3124-4fb4-a7b5-9f2eb61e76f8,66738382-04af-4ad5-a362-5b7955ab5aa1,2026-01-08 05:43:05.724980,wave,46.1,cube,17.55,79.29
006a6088-ac8b-4bad-9ee7-b161e0bcdbe7,c6e9609f-3124-4fb4-a7b5-9f2eb61e76f8,66738382-04af-4ad5-a362-5b7955ab5aa1,2026-01-08 05:43:24.724980,explore,41.8,paintbrush,73.95,44.2
4cb55002-e535-44fa-8f98-7563ab0cd12d,c6e9609f-3124-4fb4-a7b5-9f2eb61e76f8,66738382-04af-4ad5-a362-5b7955ab5aa1,2026-01-08 05:43:38.724980,explore,36.9,flower,56.22,86.05
8cad2daa-ce58-46e8-8bef-df2ada1c601f,c6e9609f-3124-4fb4-a7b5-9f2eb61e76f8,66738382-04af-4ad5-a362-5b7955ab5aa1,2026-01-08 05:44:05.724980,wave,32.1,cube,62.98,38.97
078f4b83-75b7-45cc-8a37-40c12e0641c1,c6e9609f-3124-4fb4-a7b5-9f2eb61e76f8,66738382-04af-4ad5-a362-5b7955ab5aa1,2026-01-08 05:44:30.724980,wave,44.7,flower,11.71,95.22
5e69e559-e6ce-4483-b11b-a0cc881e1bd2,07fcf63b-ceb1-461b-9c85-733d439b6b34,09c510af-f0f8-4b39-a306-75f0300eab98,2026-01-08 06:29:14.724980,wave,41.4,cube,69.92,38.28
05ba68ba-577a-4cfc-8a7f-4f5a1454cf04,07fcf63b-ceb1-461b-9c85-733d439b6b34,09c510af-f0f8-4b39-a306-75f0300eab98,2026-01-08 06:29:40.724980,wave,45.1,flower,60.45,33.03
f944859f-878c-4abb-b821-1fd40750d2a1,07fcf63b-ceb1-461b-9c85-733d439b6b34,09c510af-f0f8-4b39-a306-75f0300eab98,2026-01-08 06:30:05.724980,wave,39.0,flower,65.87,65.2
213e5198-e37d-4f1e-8752-2e4fc169dcfe,07fcf63b-ceb1-461b-9c85-733d439b6b34,09c510af-f0f8-4b39-a306-75f0300eab98,2026-01-08 06:30:17.724980,explore,42.4,paintbrush,16.62,53.97
57f7f60e-9a0a-49dd-b0b2-010ac521fe21,07fcf63b-ceb1-461b-9c85-733d439b6b34,09c510af-f0f8-4b39-a306-75f0300eab98,2026-01-08 06:30:46.724980,explore,34.9,paintbrush,44.91,66.27
7b46db7a-b8e6-4877-ad00-454863bab5eb,07fcf63b-ceb1-461b-9c85-733d439b6b34,09c510af-f0f8-4b39-a306-75f0300eab98,2026-01-08 06:31:04.724980,wave,41.6,paintbrush,43.5,31.16
ae1fb914-31a3-4cbf-a3e6-b8fb379ad877,07fcf63b-ceb1-461b-9c85-733d439b6b34,09c510af-f0f8-4b39-a306-75f0300eab98,2026-01-08 06:31:20.724980,explore,47.8,flower,97.43,42.4
c647daac-79de-4a19-8448-788c5b00ccab,07fcf63b-ceb1-461b-9c85-733d439b6b34,09c510af-f0f8-4b39-a306-75f0300eab98,2026-01-08 06:31:28.724980,wave,44.0,paintbrush,90.62,93.24
9c45cf5b-8cb1-42d5-a0b9-089eaf6251a2,07fcf63b-ceb1-461b-9c85-733d439b6b34,09c510af-f0f8-4b39-a306-75f0300eab98,2026-01-08 06:31:50.724980,explore,46.0,cube,33.23,77.72
94113eb8-eb50-4b85-986b-6b38b4c8e26d,07fcf63b-ceb1-461b-9c85-733d439b6b34,09c510af-f0f8-4b39-a306-75f0300eab98,2026-01-08 06:31:57.724980,explore,43.2,cube,88.5,17.01
c92efdb4-c79a-4e27-a2e1-df7a695a93a8,07fcf63b-ceb1-461b-9c85-733d439b6b34,09c510af-f0f8-4b39-a306-75f0300eab98,2026-01-08 06:32:11.724980,explore,40.4,flower,62.92,26.21
013e2dab-6f3b-48b9-b37e-3b453348dd6f,07fcf63b-ceb1-461b-9c85-733d439b6b34,09c510af-f0f8-4b39-a306-75f0300eab98,2026-01-08 06:32:39.724980,explore,43.2,flower,52.79,96.43
ef41bb66-2531-4da7-bd47-a01a71ebf6eb,07fcf63b-ceb1-461b-9c85-733d439b6b34,09c510af-f0f8-4b39-a306-75f0300eab98,2026-01-08 06:32:58.724980,explore,24.8,flower,11.06,19.81
ea8289dc-fee6-4017-9f1d-8bb3b7cdd726,07fcf63b-ceb1-461b-9c85-733d439b6b34,09c510af-f0f8-4b39-a306-75f0300eab98,2026-01-08 06:33:15.724980,explore,46.8,flower,36.28,15.4
2476d71f-f107-4f43-90be-cc9188e1067f,07fcf63b-ceb1-461b-9c85-733d439b6b34,09c510af-f0f8-4b39-a306-75f0300eab98,2026-01-08 06:33:30.724980,explore,43.2,paintbrush,63.92,26.88
de290a43-8d62-45c9-9f7f-772b18528562,07fcf63b-ceb1-461b-9c85-733d439b6b34,09c510af-f0f8-4b39-a306-75f0300eab98,2026-01-08 06:33:39.724980,wave,47.7,paintbrush,68.0,28.98
671a1c5f-3ce0-4465-847b-d498e9a5dca8,07fcf63b-ceb1-461b-9c85-733d439b6b34,09c510af-f0f8-4b39-a306-75f0300eab98,2026-01-08 06:33:45.724980,explore,35.8,paintbrush,37.1,6.48
6213b670-6f17-41e2-8da7-f6b872d1d7f6,07fcf63b-ceb1-461b-9c85-733d439b6b34,09c510af-f0f8-4b39-a306-75f0300eab98,2026-01-08 06:33:55.724980,wave,45.2,paintbrush,27.54,15.47
149fba34-572a-4763-94f6-7a5d23be2d1c,07fcf63b-ceb1-461b-9c85-733d439b6b34,09c510af-f0f8-4b39-a306-75f0300eab98,2026-01-08 06:34:05.724980,wave,45.4,flower,63.49,66.88
c65ec41e-a06b-4c29-8ef2-757a04446532,07fcf63b-ceb1-461b-9c85-733d439b6b34,09c510af-f0f8-4b39-a306-75f0300eab98,2026-01-08 06:34:11.724980,explore,41.7,paintbrush,53.36,38.35
af1c66b8-2c7f-4082-ac48-ce46f8f00de7,07fcf63b-ceb1-461b-9c85-733d439b6b34,09c510af-f0f8-4b39-a306-75f0300eab98,2026-01-08 06:34:35.724980,explore,33.7,flower,50.38,18.56
acbda63c-a2d8-45b8-8e44-aea7e1c19b36,07fcf63b-ceb1-461b-9c85-733d439b6b34,09c510af-f0f8-4b39-a306-75f0300eab98,2026-01-08 06:35:03.724980,explore,32.3,flower,56.48,62.78
9831b206-cb44-4169-9a8e-c4d6bc4f9cfb,07fcf63b-ceb1-461b-9c85-733d439b6b34,09c510af-f0f8-4b39-a306-75f0300eab98,2026-01-08 06:35:14.724980,explore,30.2,paintbrush,2.44,35.04
ccafcebd-4a2d-460c-850b-46f438eeb5e1,07fcf63b-ceb1-461b-9c85-733d439b6b34,09c510af-f0f8-4b39-a306-75f0300eab98,2026-01-08 06:35:41.724980,wave,38.5,cube,57.52,18.78
bfd27b58-fa6b-467f-9c49-9925a25bcdea,07fcf63b-ceb1-461b-9c85-733d439b6b34,09c510af-f0f8-4b39-a306-75f0300eab98,2026-01-08 06:35:51.724980,explore,46.6,flower,77.21,11.99
50fe53e8-b20e-4536-a31f-ad57a595e95f,07fcf63b-ceb1-461b-9c85-733d439b6b34,09c510af-f0f8-4b39-a306-75f0300eab98,2026-01-08 06:36:21.724980,explore,39.9,cube,20.67,36.25
06a4d668-da08-4fd6-918f-1067568ec1f7,07fcf63b-ceb1-461b-9c85-733d439b6b34,09c510af-f0f8-4b39-a306-75f0300eab98,2026-01-08 06:36:40.724980,explore,36.0,flower,81.11,44.28
d4f0aca2-7321-40a3-b090-8640fa5a7753,07fcf63b-ceb1-461b-9c85-733d439b6b34,09c510af-f0f8-4b39-a306-75f0300eab98,2026-01-08 06:36:51.724980,explore,36.6,cube,37.33,36.21
688d06de-1def-4d06-baaa-72de171d8509,07fcf63b-ceb1-461b-9c85-733d439b6b34,09c510af-f0f8-4b39-a306-75f0300eab98,2026-01-08 06:36:56.724980,wave,39.5,flower,98.01,94.58
631b56b7-fbe1-4a49-a2bf-2e4479f9574f,07fcf63b-ceb1-461b-9c85-733d439b6b34,09c510af-f0f8-4b39-a306-75f0300eab98,2026-01-08 06:37:02.724980,explore,45.9,flower,0.01,90.52
f0edc20b-3bdb-4ab9-a6cb-ff23e6c3a487,07fcf63b-ceb1-461b-9c85-733d439b6b34,09c510af-f0f8-4b39-a306-75f0300eab98,2026-01-08 06:37:23.724980,wave,40.0,cube,67.1,16.66
e92869b6-7dc5-4d62-949f-aa426de1b22f,07fcf63b-ceb1-461b-9c85-733d439b6b34,09c510af-f0f8-4b39-a306-75f0300eab98,2026-01-08 06:37:37.724980,explore,41.6,paintbrush,66.01,72.63
d4d18854-91d6-428c-9652-0649511990b8,07fcf63b-ceb1-461b-9c85-733d439b6b34,09c510af-f0f8-4b39-a306-75f0300eab98,2026-01-08 06:38:07.724980,explore,46.2,paintbrush,19.5,14.54
f5dc0188-40ca-4f5b-9852-9b11cd65b282,07fcf63b-ceb1-461b-9c85-733d439b6b34,09c510af-f0f8-4b39-a306-75f0300eab98,2026-01-08 06:38:12.724980,explore,39.1,flower,95.99,71.44
7da62cc0-2e2a-4536-9252-7c3fbacd81ab,bac35ac1-6666-413c-ba4d-d719651a5f3f,6e5d188f-6338-4b77-9df5-b214525147af,2026-01-07 21:22:29.724980,explore,37.0,paintbrush,59.79,1.16
ade15f20-0248-4029-b5a5-7e2d49dae698,bac35ac1-6666-413c-ba4d-d719651a5f3f,6e5d188f-6338-4b77-9df5-b214525147af,2026-01-07 21:22:44.724980,explore,46.2,flower,82.45,17.95
59dccc67-5893-46c3-b391-a64ab41624b0,bac35ac1-6666-413c-ba4d-d719651a5f3f,6e5d188f-6338-4b77-9df5-b214525147af,2026-01-07 21:22:54.724980,spawn_object,37.4,flower,97.69,29.82
140aee46-0628-43d7-bb5f-9667eb73300a,bac35ac1-6666-413c-ba4d-d719651a5f3f,6e5d188f-6338-4b77-9df5-b214525147af,2026-01-07 21:23:05.724980,wave,36.9,flower,73.2,4.26
6f68b510-7da9-4863-bf3f-c7aef42ace2e,bac35ac1-6666-413c-ba4d-d719651a5f3f,6e5d188f-6338-4b77-9df5-b214525147af,2026-01-07 21:23:27.724980,wave,37.2,flower,23.62,57.54
c7a154fb-53d1-4ea5-a299-02da8b6b0572,bac35ac1-6666-413c-ba4d-d719651a5f3f,6e5d188f-6338-4b77-9df5-b214525147af,2026-01-07 21:23:50.724980,spawn_object,40.6,paintbrush,48.89,35.06
fb8e8c01-eef9-4bfd-a5de-1c219d49f53c,bac35ac1-6666-413c-ba4d-d719651a5f3f,6e5d188f-6338-4b77-9df5-b214525147af,2026-01-07 21:23:55.724980,wave,43.9,cube,46.61,68.75
2e3292e8-ca02-4331-ab43-13701fe61591,bac35ac1-6666-413c-ba4d-d719651a5f3f,6e5d188f-6338-4b77-9df5-b214525147af,2026-01-07 21:24:09.724980,explore,45.8,flower,32.77,14.46
33c02e3d-876b-4800-a62f-6689b1130d7f,bac35ac1-6666-413c-ba4d-d719651a5f3f,6e5d188f-6338-4b77-9df5-b214525147af,2026-01-07 21:24:18.724980,wave,43.6,cube,82.58,70.9
6b890629-e8c5-4144-b700-1897d68edfc8,bac35ac1-6666-413c-ba4d-d719651a5f3f,6e5d188f-6338-4b77-9df5-b214525147af,2026-01-07 21:24:32.724980,wave,40.3,cube,84.52,0.33
b403fe4a-420d-4692-9962-7f1018475d72,bac35ac1-6666-413c-ba4d-d719651a5f3f,6e5d188f-6338-4b77-9df5-b214525147af,2026-01-07 21:24:40.724980,wave,41.2,flower,34.2,99.5
825b2377-9e11-42c6-aa1c-3356c09749b4,bac35ac1-6666-413c-ba4d-d719651a5f3f,6e5d188f-6338-4b77-9df5-b214525147af,2026-01-07 21:24:57.724980,wave,34.5,cube,56.03,72.61
6d8b6b62-eedb-4d75-8f7e-152c187ca26b,bac35ac1-6666-413c-ba4d-d719651a5f3f,6e5d188f-6338-4b77-9df5-b214525147af,2026-01-07 21:25:05.724980,explore,37.9,flower,64.93,43.79
d9482c55-c16e-473b-980f-74ee54db5eed,bac35ac1-6666-413c-ba4d-d719651a5f3f,6e5d188f-6338-4b77-9df5-b214525147af,2026-01-07 21:25:32.724980,explore,40.2,flower,34.96,10.2
b1df07ec-98d4-48b9-bb98-b0f633a140a9,bac35ac1-6666-413c-ba4d-d719651a5f3f,6e5d188f-6338-4b77-9df5-b214525147af,2026-01-07 21:25:51.724980,wave,38.3,paintbrush,96.74,50.29
57cda26f-f1ad-4a2f-92ca-8b218a0ab8dc,bac35ac1-6666-413c-ba4d-d719651a5f3f,6e5d188f-6338-4b77-9df5-b214525147af,2026-01-07 21:26:00.724980,spawn_object,35.9,flower,95.07,26.89
963cefa0-9051-4939-b6b1-2253c7441a10,bac35ac1-6666-413c-ba4d-d719651a5f3f,6e5d188f-6338-4b77-9df5-b214525147af,2026-01-07 21:26:27.724980,explore,49.7,cube,3.14,47.16
c9112b0a-2446-4a2e-8c27-6f627bf8b557,bac35ac1-6666-413c-ba4d-d719651a5f3f,6e5d188f-6338-4b77-9df5-b214525147af,2026-01-07 21:26:55.724980,explore,33.2,paintbrush,97.1,33.02
2db94c52-276b-458c-9c4b-41b7331f3292,bac35ac1-6666-413c-ba4d-d719651a5f3f,6e5d188f-6338-4b77-9df5-b214525147af,2026-01-07 21:27:22.724980,explore,39.0,cube,16.86,81.64
1bbdaa5d-6dcf-4681-b244-5143722afec4,bac35ac1-6666-413c-ba4d-d719651a5f3f,6e5d188f-6338-4b77-9df5-b214525147af,2026-01-07 21:27:43.724980,explore,42.5,flower,92.63,6.84
1dcd2722-9191-4874-95b1-9c7a82224d21,bac35ac1-6666-413c-ba4d-d719651a5f3f,6e5d188f-6338-4b77-9df5-b214525147af,2026-01-07 21:27:51.724980,explore,35.6,flower,8.28,48.37
c4028089-d9ed-4107-876f-06c7cdd2f11e,bac35ac1-6666-413c-ba4d-d719651a5f3f,6e5d188f-6338-4b77-9df5-b214525147af,2026-01-07 21:27:58.724980,wave,39.9,cube,94.88,56.94
8b71d203-f84d-4f55-99e4-8fd45ef8c8b6,bac35ac1-6666-413c-ba4d-d719651a5f3f,6e5d188f-6338-4b77-9df5-b214525147af,2026-01-07 21:28:21.724980,spawn_object,35.1,paintbrush,91.92,71.7
f015f110-445d-4ce7-ad47-615aea05eb48,bac35ac1-6666-413c-ba4d-d719651a5f3f,6e5d188f-6338-4b77-9df5-b214525147af,2026-01-07 21:28:49.724980,explore,34.9,paintbrush,59.01,37.45
dbef9449-26a5-4352-a2c3-df163a758d5f,bac35ac1-6666-413c-ba4d-d719651a5f3f,6e5d188f-6338-4b77-9df5-b214525147af,2026-01-07 21:28:59.724980,wave,46.4,flower,23.8,78.54
0c182f75-a2bf-4147-aacf-b5c55c5840eb,bac35ac1-6666-413c-ba4d-d719651a5f3f,6e5d188f-6338-4b77-9df5-b214525147af,2026-01-07 21:29:06.724980,spawn_object,44.2,cube,72.11,20.95
4ac0033f-635b-4979-bba4-3ae997e414b6,bac35ac1-6666-413c-ba4d-d719651a5f3f,6e5d188f-6338-4b77-9df5-b214525147af,2026-01-07 21:29:18.724980,explore,32.7,flower,20.7,18.45
59314170-91db-423e-8310-26a3958487cb,bac35ac1-6666-413c-ba4d-d719651a5f3f,6e5d188f-6338-4b77-9df5-b214525147af,2026-01-07 21:29:28.724980,spawn_object,47.9,flower,75.61,72.47
87949266-0b5a-4777-942d-0a1b046ae1d4,bac35ac1-6666-413c-ba4d-d719651a5f3f,6e5d188f-6338-4b77-9df5-b214525147af,2026-01-07 21:29:34.724980,wave,38.5,cube,28.25,75.13
16374da2-4464-4abb-9ba4-f2d856aa8fee,bac35ac1-6666-413c-ba4d-d719651a5f3f,6e5d188f-6338-4b77-9df5-b214525147af,2026-01-07 21:29:54.724980,explore,38.7,flower,54.02,89.06
32216a9d-f68a-468c-abf4-fce4be008c86,bac35ac1-6666-413c-ba4d-d719651a5f3f,6e5d188f-6338-4b77-9df5-b214525147af,2026-01-07 21:30:05.724980,spawn_object,39.7,flower,30.38,60.0
a0b80b39-621f-470a-94c1-defa006df5b2,bac35ac1-6666-413c-ba4d-d719651a5f3f,6e5d188f-6338-4b77-9df5-b214525147af,2026-01-07 21:30:17.724980,explore,46.8,cube,78.97,12.38
caea06d1-26dc-4ffc-ae70-5a31f1265a44,bac35ac1-6666-413c-ba4d-d719651a5f3f,6e5d188f-6338-4b77-9df5-b214525147af,2026-01-07 21:30:29.724980,explore,40.5,paintbrush,74.38,97.8
d7d0b2e3-9147-4a9f-a7d0-b07120e8ec8a,95047519-847f-4053-812b-3d972ef70910,682ea88e-a521-451f-9d10-1dd10c6ec4f4,2026-01-07 22:34:17.724980,wave,34.9,paintbrush,0.31,81.81
7a52fab5-4613-4e6c-b0d0-8ac04bb97bbf,95047519-847f-4053-812b-3d972ef70910,682ea88e-a521-451f-9d10-1dd10c6ec4f4,2026-01-07 22:34:31.724980,spawn_object,33.3,cube,46.27,15.12
ba15fb0d-d6ad-464d-a954-8d42067a81c5,95047519-847f-4053-812b-3d972ef70910,682ea88e-a521-451f-9d10-1dd10c6ec4f4,2026-01-07 22:34:40.724980,explore,43.1,paintbrush,93.82,75.19
59e14b64-451d-4136-99b4-9b3bd21282a7,95047519-847f-4053-812b-3d972ef70910,682ea88e-a521-451f-9d10-1dd10c6ec4f4,2026-01-07 22:34:51.724980,explore,38.3,cube,41.69,78.18
30c6432a-9727-491f-b8f7-b56b04b450a2,95047519-847f-4053-812b-3d972ef70910,682ea88e-a521-451f-9d10-1dd10c6ec4f4,2026-01-07 22:35:13.724980,explore,36.0,flower,25.35,12.75
13e32015-c503-4a37-8712-b52eb5cc8c28,95047519-847f-4053-812b-3d972ef70910,682ea88e-a521-451f-9d10-1dd10c6ec4f4,2026-01-07 22:35:39.724980,wave,46.8,paintbrush,82.26,23.85
5e27406f-dbe1-406c-9157-885a60120843,95047519-847f-4053-812b-3d972ef70910,682ea88e-a521-451f-9d10-1dd10c6ec4f4,2026-01-07 22:35:53.724980,explore,40.2,flower,49.54,64.51
4352f722-9847-4837-a46c-96add86a4d98,95047519-847f-4053-812b-3d972ef70910,682ea88e-a521-451f-9d10-1dd10c6ec4f4,2026-01-07 22:36:00.724980,wave,39.3,flower,85.23,27.57
4c36b97c-c62b-40bb-bfd5-373ca7cc7b8c,95047519-847f-4053-812b-3d972ef70910,682ea88e-a521-451f-9d10-1dd10c6ec4f4,2026-01-07 22:36:29.724980,wave,42.5,paintbrush,37.06,48.09
00443a6b-3e4d-499b-a700-3cf8c6529064,95047519-847f-4053-812b-3d972ef70910,682ea88e-a521-451f-9d10-1dd10c6ec4f4,2026-01-07 22:36:53.724980,wave,43.2,paintbrush,77.03,52.53
f783a7ff-c326-464e-9d7c-9a5c16d157a5,95047519-847f-4053-812b-3d972ef70910,682ea88e-a521-451f-9d10-1dd10c6ec4f4,2026-01-07 22:37:23.724980,explore,41.2,cube,41.78,62.6
4aa1eb98-7091-4e29-a614-c1c32c9a4037,95047519-847f-4053-812b-3d972ef70910,682ea88e-a521-451f-9d10-1dd10c6ec4f4,2026-01-07 22:37:34.724980,wave,41.4,cube,45.09,82.61
fda2edda-12c0-452d-9fe9-1a093357440b,72daa291-2dac-4c37-b393-fe741395cf04,e3fe8f43-7511-43a6-97cf-0af547a95b72,2026-01-08 08:03:22.724980,wave,34.0,cube,12.88,33.38
33d089d8-168f-424a-972d-0563d51f76ca,72daa291-2dac-4c37-b393-fe741395cf04,e3fe8f43-7511-43a6-97cf-0af547a95b72,2026-01-08 08:03:43.724980,explore,44.8,flower,30.83,37.85
3e756f77-a16d-4770-8c22-f120eff3bb6f,72daa291-2dac-4c37-b393-fe741395cf04,e3fe8f43-7511-43a6-97cf-0af547a95b72,2026-01-08 08:03:52.724980,wave,41.3,cube,46.43,73.11
1fc66070-375e-491e-81ab-2d3e19c3d7b7,72daa291-2dac-4c37-b393-fe741395cf04,e3fe8f43-7511-43a6-97cf-0af547a95b72,2026-01-08 08:04:14.724980,explore,38.0,paintbrush,22.91,27.05
ee76b75e-9a17-463c-9546-496660fb6b45,72daa291-2dac-4c37-b393-fe741395cf04,e3fe8f43-7511-43a6-97cf-0af547a95b72,2026-01-08 08:04:27.724980,explore,30.7,paintbrush,42.06,6.9
3bbcd67a-01fd-4117-9b72-583f0aa31973,72daa291-2dac-4c37-b393-fe741395cf04,e3fe8f43-7511-43a6-97cf-0af547a95b72,2026-01-08 08:04:32.724980,explore,34.2,cube,83.0,85.8
c8e65042-7a48-4150-8246-41b3bd37f08e,72daa291-2dac-4c37-b393-fe741395cf04,e3fe8f43-7511-43a6-97cf-0af547a95b72,2026-01-08 08:04:56.724980,spawn_object,42.6,flower,97.65,69.58
b9131ba3-e237-41d3-8e82-6cfe488a79cf,72daa291-2dac-4c37-b393-fe741395cf04,e3fe8f43-7511-43a6-97cf-0af547a95b72,2026-01-08 08:05:11.724980,explore,39.2,cube,24.92,11.93
1e5bee03-fc49-4eaf-bb8e-49310b0ed660,72daa291-2dac-4c37-b393-fe741395cf04,e3fe8f43-7511-43a6-97cf-0af547a95b72,2026-01-08 08:05:27.724980,spawn_object,47.3,flower,54.49,31.74
a857cc75-9280-4d6f-8f9e-b36370049d69,72daa291-2dac-4c37-b393-fe741395cf04,e3fe8f43-7511-43a6-97cf-0af547a95b72,2026-01-08 08:05:43.724980,explore,42.0,flower,51.92,22.38
8b04ac05-ee5d-4e5b-a561-425dfc8f38df,72daa291-2dac-4c37-b393-fe741395cf04,e3fe8f43-7511-43a6-97cf-0af547a95b72,2026-01-08 08:05:54.724980,explore,38.8,cube,26.83,32.85
cb13c304-0729-416e-9dc1-d214693f6f4f,72daa291-2dac-4c37-b393-fe741395cf04,e3fe8f43-7511-43a6-97cf-0af547a95b72,2026-01-08 08:06:13.724980,explore,44.0,paintbrush,51.01,99.05
ef82576e-25d5-40a3-a3f8-299ccd5f1c89,72daa291-2dac-4c37-b393-fe741395cf04,e3fe8f43-7511-43a6-97cf-0af547a95b72,2026-01-08 08:06:32.724980,explore,43.1,flower,85.01,54.66
39957fdb-22ae-400b-8c81-10851d81e8ee,72daa291-2dac-4c37-b393-fe741395cf04,e3fe8f43-7511-43a6-97cf-0af547a95b72,2026-01-08 08:06:37.724980,explore,33.0,flower,65.11,92.53
a420b11e-5af6-4684-b6ad-8b645c5a0aab,72daa291-2dac-4c37-b393-fe741395cf04,e3fe8f43-7511-43a6-97cf-0af547a95b72,2026-01-08 08:06:47.724980,explore,40.5,cube,0.57,16.68
d548c56d-6e4e-495f-b7da-c601d78618e3,72daa291-2dac-4c37-b393-fe741395cf04,e3fe8f43-7511-43a6-97cf-0af547a95b72,2026-01-08 08:07:11.724980,explore,36.2,flower,33.41,96.2
440a70c9-6f10-41be-8ae1-2ba39ce545d0,72daa291-2dac-4c37-b393-fe741395cf04,e3fe8f43-7511-43a6-97cf-0af547a95b72,2026-01-08 08:07:24.724980,explore,42.3,cube,47.21,99.64
d10dc515-1894-40e2-94c8-5cbf572a0da2,72daa291-2dac-4c37-b393-fe741395cf04,e3fe8f43-7511-43a6-97cf-0af547a95b72,2026-01-08 08:07:49.724980,wave,34.9,paintbrush,64.65,60.02
f51f8b83-d48c-41d1-a89e-820802f0b6db,72daa291-2dac-4c37-b393-fe741395cf04,e3fe8f43-7511-43a6-97cf-0af547a95b72,2026-01-08 08:08:18.724980,explore,31.9,flower,33.12,70.2
3b1b5bd4-9015-45d6-b329-87746cf298da,72daa291-2dac-4c37-b393-fe741395cf04,e3fe8f43-7511-43a6-97cf-0af547a95b72,2026-01-08 08:08:35.724980,explore,36.4,cube,69.16,3.36
4e146cd4-4dc4-4ace-8250-b41159599d4b,72daa291-2dac-4c37-b393-fe741395cf04,e3fe8f43-7511-43a6-97cf-0af547a95b72,2026-01-08 08:08:40.724980,explore,42.5,paintbrush,77.71,61.75
c3e5aa13-075a-4425-924d-49c8773a8f23,72daa291-2dac-4c37-b393-fe741395cf04,e3fe8f43-7511-43a6-97cf-0af547a95b72,2026-01-08 08:09:00.724980,spawn_object,49.6,cube,65.89,90.54
e140f8e2-49c9-4590-b7a6-ceaaf37a0355,72daa291-2dac-4c37-b393-fe741395cf04,e3fe8f43-7511-43a6-97cf-0af547a95b72,2026-01-08 08:09:14.724980,explore,35.9,cube,13.02,88.6
89e51604-1b55-4f08-8230-67f215f5c099,72daa291-2dac-4c37-b393-fe741395cf04,e3fe8f43-7511-43a6-97cf-0af547a95b72,2026-01-08 08:09:43.724980,wave,35.1,paintbrush,60.3,32.13
967ec879-7046-47bc-9d53-6116c9357a77,72daa291-2dac-4c37-b393-fe741395cf04,e3fe8f43-7511-43a6-97cf-0af547a95b72,2026-01-08 08:10:08.724980,spawn_object,37.2,paintbrush,62.46,4.48
aeabb2ad-b639-43ec-a47e-5b0f219703da,72daa291-2dac-4c37-b393-fe741395cf04,e3fe8f43-7511-43a6-97cf-0af547a95b72,2026-01-08 08:10:35.724980,explore,39.7,paintbrush,69.92,75.51
31bd2523-40cf-4e57-8866-ef73bc3defa8,72daa291-2dac-4c37-b393-fe741395cf04,e3fe8f43-7511-43a6-97cf-0af547a95b72,2026-01-08 08:10:49.724980,explore,49.6,flower,95.79,51.97
6e4ea656-69b1-4bda-8fea-4b4ea4fafa74,72daa291-2dac-4c37-b393-fe741395cf04,e3fe8f43-7511-43a6-97cf-0af547a95b72,2026-01-08 08:11:15.724980,explore,42.5,flower,41.2,40.47
99b2f5a2-54fb-4d8d-9456-d4acbcaec542,72daa291-2dac-4c37-b393-fe741395cf04,e3fe8f43-7511-43a6-97cf-0af547a95b72,2026-01-08 08:11:20.724980,explore,42.3,flower,32.22,17.9
f3d2ec3f-f84d-4340-9923-c4b11b9bf7ca,72daa291-2dac-4c37-b393-fe741395cf04,e3fe8f43-7511-43a6-97cf-0af547a95b72,2026-01-08 08:11:39.724980,explore,39.4,flower,67.67,86.52
b7be920f-a6e3-40d3-8d05-3d79e2289d67,72daa291-2dac-4c37-b393-fe741395cf04,e3fe8f43-7511-43a6-97cf-0af547a95b72,2026-01-08 08:12:06.724980,explore,36.1,flower,51.63,51.23
15960377-3de4-4909-a2e9-4905a100b8e3,72daa291-2dac-4c37-b393-fe741395cf04,e3fe8f43-7511-43a6-97cf-0af547a95b72,2026-01-08 08:12:20.724980,wave,42.2,flower,57.38,4.83
072c1d3b-64db-4b45-9064-5811ac5835e3,72daa291-2dac-4c37-b393-fe741395cf04,e3fe8f43-7511-43a6-97cf-0af547a95b72,2026-01-08 08:12:37.724980,spawn_object,40.2,paintbrush,66.83,99.34
2d4f917f-4749-4b81-b5ab-af9ddf0609e0,72daa291-2dac-4c37-b393-fe741395cf04,e3fe8f43-7511-43a6-97cf-0af547a95b72,2026-01-08 08:12:50.724980,explore,31.2,cube,46.75,69.58
7e35c1d5-3ea8-4314-b86e-5f03d5013f6a,72daa291-2dac-4c37-b393-fe741395cf04,e3fe8f43-7511-43a6-97cf-0af547a95b72,2026-01-08 08:13:15.724980,explore,46.8,flower,7.44,16.04
4921a1fd-d6f7-4f60-8e70-38469ed380d6,72daa291-2dac-4c37-b393-fe741395cf04,e3fe8f43-7511-43a6-97cf-0af547a95b72,2026-01-08 08:13:24.724980,explore,38.7,paintbrush,33.33,93.03
e3fc6405-572b-4519-ba4f-73bc04f67485,72daa291-2dac-4c37-b393-fe741395cf04,e3fe8f43-7511-43a6-97cf-0af547a95b72,2026-01-08 08:13:37.724980,explore,40.4,cube,0.83,1.78
99c7fdd2-7c80-44c3-ad22-a8cefa9a7a10,72daa291-2dac-4c37-b393-fe741395cf04,e3fe8f43-7511-43a6-97cf-0af547a95b72,2026-01-08 08:14:02.724980,explore,34.4,cube,58.18,38.49
f6362302-85fb-4baa-9cb1-7ddc6fe803c6,72daa291-2dac-4c37-b393-fe741395cf04,e3fe8f43-7511-43a6-97cf-0af547a95b72,2026-01-08 08:14:13.724980,wave,42.6,cube,52.25,64.45
2ca7bce7-0632-4972-b76f-e6ca4a94b242,6db41357-e537-4fd8-b56f-99a5243aa8bd,d5cffb43-8805-4f4b-a54a-b16331a39763,2026-01-07 18:28:12.724980,explore,37.9,flower,28.05,45.67
e4515144-0450-45c7-806a-1233abf29041,6db41357-e537-4fd8-b56f-99a5243aa8bd,d5cffb43-8805-4f4b-a54a-b16331a39763,2026-01-07 18:28:18.724980,explore,31.9,flower,59.64,24.12
413e816b-acdf-47c1-9777-ebc33dd618ef,6db41357-e537-4fd8-b56f-99a5243aa8bd,d5cffb43-8805-4f4b-a54a-b16331a39763,2026-01-07 18:28:41.724980,explore,43.2,flower,49.38,78.32
be349e76-99f9-478f-a6c2-5afc60a6a588,6db41357-e537-4fd8-b56f-99a5243aa8bd,d5cffb43-8805-4f4b-a54a-b16331a39763,2026-01-07 18:28:52.724980,explore,42.0,flower,6.77,92.06
2a9a9a24-9cfd-4456-aa73-b24623d629a6,6db41357-e537-4fd8-b56f-99a5243aa8bd,d5cffb43-8805-4f4b-a54a-b16331a39763,2026-01-07 18:29:19.724980,wave,44.3,paintbrush,43.08,42.78
b1d5a207-0d0c-4c91-8f68-9da62bef70a8,6db41357-e537-4fd8-b56f-99a5243aa8bd,d5cffb43-8805-4f4b-a54a-b16331a39763,2026-01-07 18:29:38.724980,explore,44.7,flower,64.9,47.47
7b856b19-bd80-453d-b34e-05ef812881e6,6db41357-e537-4fd8-b56f-99a5243aa8bd,d5cffb43-8805-4f4b-a54a-b16331a39763,2026-01-07 18:29:50.724980,explore,41.7,flower,62.77,86.94
1da20d8b-68bb-49a4-bb1e-1c441045e2c2,6db41357-e537-4fd8-b56f-99a5243aa8bd,d5cffb43-8805-4f4b-a54a-b16331a39763,2026-01-07 18:30:02.724980,explore,43.0,cube,70.83,64.78
0e8fbda7-1f50-4d18-b4e3-6cfeedbb88ec,6db41357-e537-4fd8-b56f-99a5243aa8bd,d5cffb43-8805-4f4b-a54a-b16331a39763,2026-01-07 18:30:13.724980,wave,40.7,paintbrush,51.74,65.95
70ef6c81-431a-4416-977a-d6aa40c78f24,6db41357-e537-4fd8-b56f-99a5243aa8bd,d5cffb43-8805-4f4b-a54a-b16331a39763,2026-01-07 18:30:32.724980,explore,32.1,flower,11.54,48.6
f9dca14f-b684-4d6f-941d-805d56d70aab,6db41357-e537-4fd8-b56f-99a5243aa8bd,d5cffb43-8805-4f4b-a54a-b16331a39763,2026-01-07 18:30:55.724980,explore,41.2,paintbrush,41.18,12.06
796ec1a4-e4b5-441c-99c2-8ca0f17ebfe2,04a1a53b-8f9a-4277-8e6e-63af091d91a3,256cbce4-3545-4ec1-b0ee-8f4de4922b95,2026-01-08 03:17:33.724980,wave,52.6,paintbrush,27.83,71.26
31e99059-6acb-43fa-a14e-ead10831219c,04a1a53b-8f9a-4277-8e6e-63af091d91a3,256cbce4-3545-4ec1-b0ee-8f4de4922b95,2026-01-08 03:17:51.724980,wave,35.5,flower,94.26,8.06
b6844245-eccc-44cd-92eb-6795d3309b83,04a1a53b-8f9a-4277-8e6e-63af091d91a3,256cbce4-3545-4ec1-b0ee-8f4de4922b95,2026-01-08 03:18:02.724980,explore,42.4,flower,36.76,82.92
9070eb48-8d9e-4396-8ff5-ad0d3b149fc9,04a1a53b-8f9a-4277-8e6e-63af091d91a3,256cbce4-3545-4ec1-b0ee-8f4de4922b95,2026-01-08 03:18:16.724980,wave,40.2,paintbrush,98.03,4.66
d1941257-269a-4c8f-be77-d8f2a2edc982,04a1a53b-8f9a-4277-8e6e-63af091d91a3,256cbce4-3545-4ec1-b0ee-8f4de4922b95,2026-01-08 03:18:45.724980,explore,37.6,paintbrush,71.15,11.14
bfaab135-23a3-47eb-8357-25c361a41ee8,04a1a53b-8f9a-4277-8e6e-63af091d91a3,256cbce4-3545-4ec1-b0ee-8f4de4922b95,2026-01-08 03:18:51.724980,explore,41.0,paintbrush,71.53,88.31
5a2011c9-1a3a-416f-8ab9-cba1a9516ab0,04a1a53b-8f9a-4277-8e6e-63af091d91a3,256cbce4-3545-4ec1-b0ee-8f4de4922b95,2026-01-08 03:19:03.724980,wave,45.9,cube,55.2,52.12
799a6ff1-a0bc-4778-9020-bf0aba43891b,04a1a53b-8f9a-4277-8e6e-63af091d91a3,256cbce4-3545-4ec1-b0ee-8f4de4922b95,2026-01-08 03:19:17.724980,explore,33.7,cube,85.14,92.58
141248d3-43cb-433f-8d87-d6d8102655d8,04a1a53b-8f9a-4277-8e6e-63af091d91a3,256cbce4-3545-4ec1-b0ee-8f4de4922b95,2026-01-08 03:19:30.724980,wave,35.4,flower,76.7,48.77
0280e4ac-54ff-4bee-a0d9-6ed6da6e7c38,04a1a53b-8f9a-4277-8e6e-63af091d91a3,256cbce4-3545-4ec1-b0ee-8f4de4922b95,2026-01-08 03:19:46.724980,spawn_object,35.4,flower,9.23,5.42
f4b493ec-a6a1-42d0-a3d0-51ba91d1719d,04a1a53b-8f9a-4277-8e6e-63af091d91a3,256cbce4-3545-4ec1-b0ee-8f4de4922b95,2026-01-08 03:19:56.724980,wave,37.5,cube,77.89,54.29
44a33b32-0b9c-4543-ae74-cbbdda93b5d5,04a1a53b-8f9a-4277-8e6e-63af091d91a3,256cbce4-3545-4ec1-b0ee-8f4de4922b95,2026-01-08 03:20:14.724980,wave,50.4,flower,62.99,23.87
ea546b14-1339-41e8-8b79-2b470e203409,04a1a53b-8f9a-4277-8e6e-63af091d91a3,256cbce4-3545-4ec1-b0ee-8f4de4922b95,2026-01-08 03:20:20.724980,explore,39.3,paintbrush,21.22,98.4
0d306f81-d7bb-4e43-be84-1b74d341d4ea,04a1a53b-8f9a-4277-8e6e-63af091d91a3,256cbce4-3545-4ec1-b0ee-8f4de4922b95,2026-01-08 03:20:48.724980,explore,49.0,flower,20.24,44.42
37abae4f-3f62-4aaf-9913-34305ae710c6,04a1a53b-8f9a-4277-8e6e-63af091d91a3,256cbce4-3545-4ec1-b0ee-8f4de4922b95,2026-01-08 03:21:04.724980,explore,39.6,paintbrush,18.76,94.05
d2d57998-dd21-4522-b7b0-a60e641a5a30,04a1a53b-8f9a-4277-8e6e-63af091d91a3,256cbce4-3545-4ec1-b0ee-8f4de4922b95,2026-01-08 03:21:12.724980,spawn_object,40.6,flower,39.89,74.14
403b8a2c-8d81-4b8c-8c8a-c9d5a8abb236,04a1a53b-8f9a-4277-8e6e-63af091d91a3,256cbce4-3545-4ec1-b0ee-8f4de4922b95,2026-01-08 03:21:41.724980,explore,47.9,cube,74.53,78.23
fdead1af-27d8-41d1-ad20-04d1e04f0164,04a1a53b-8f9a-4277-8e6e-63af091d91a3,256cbce4-3545-4ec1-b0ee-8f4de4922b95,2026-01-08 03:21:50.724980,explore,33.0,flower,57.37,37.05
1cc9645b-18ad-47da-b384-62c317e91559,04a1a53b-8f9a-4277-8e6e-63af091d91a3,256cbce4-3545-4ec1-b0ee-8f4de4922b95,2026-01-08 03:22:16.724980,wave,38.2,flower,27.91,50.54
f8dd3e9b-79d0-45b4-9b4d-4c11146e2720,04a1a53b-8f9a-4277-8e6e-63af091d91a3,256cbce4-3545-4ec1-b0ee-8f4de4922b95,2026-01-08 03:22:43.724980,explore,34.3,paintbrush,43.4,27.01
3b7578c6-c95e-449d-a15f-98d40ce233c9,80eec69e-7fee-4d0f-be2d-c90306a9b5e6,3934176e-1d58-404b-b84f-292adc066bb5,2026-01-07 16:06:30.724980,wave,38.8,cube,72.27,94.38
8d3dca1a-daea-415a-9308-c9474d4a8e1f,80eec69e-7fee-4d0f-be2d-c90306a9b5e6,3934176e-1d58-404b-b84f-292adc066bb5,2026-01-07 16:06:38.724980,wave,43.4,flower,61.4,83.88
5721241e-dacc-49f2-a430-b8d6f5aec56e,80eec69e-7fee-4d0f-be2d-c90306a9b5e6,3934176e-1d58-404b-b84f-292adc066bb5,2026-01-07 16:06:51.724980,wave,38.5,flower,27.96,8.31
004b7567-6284-4d5f-945f-6eee6b8c2b66,80eec69e-7fee-4d0f-be2d-c90306a9b5e6,3934176e-1d58-404b-b84f-292adc066bb5,2026-01-07 16:07:18.724980,explore,40.0,flower,84.67,54.74
e5917c6d-9e73-460d-80b5-21ac7d273eff,80eec69e-7fee-4d0f-be2d-c90306a9b5e6,3934176e-1d58-404b-b84f-292adc066bb5,2026-01-07 16:07:26.724980,explore,40.0,cube,51.4,63.39
86b58629-a443-4f76-a88e-5feb6ca8a5c3,80eec69e-7fee-4d0f-be2d-c90306a9b5e6,3934176e-1d58-404b-b84f-292adc066bb5,2026-01-07 16:07:38.724980,explore,36.0,paintbrush,64.49,65.39
41c705f9-3a2d-4f35-9af5-be221a30e2f1,80eec69e-7fee-4d0f-be2d-c90306a9b5e6,3934176e-1d58-404b-b84f-292adc066bb5,2026-01-07 16:07:47.724980,wave,38.0,cube,65.03,41.7
26e07132-50f3-433b-8ed7-13e3f598dcfa,80eec69e-7fee-4d0f-be2d-c90306a9b5e6,3934176e-1d58-404b-b84f-292adc066bb5,2026-01-07 16:08:15.724980,explore,44.5,paintbrush,35.4,82.32
43f49323-08eb-4731-8c12-d58389ee8dd7,80eec69e-7fee-4d0f-be2d-c90306a9b5e6,3934176e-1d58-404b-b84f-292adc066bb5,2026-01-07 16:08:29.724980,explore,38.8,flower,49.24,0.94
60ef1be8-eab9-4226-b253-4ef8e6fc2881,80eec69e-7fee-4d0f-be2d-c90306a9b5e6,3934176e-1d58-404b-b84f-292adc066bb5,2026-01-07 16:08:43.724980,wave,34.6,paintbrush,61.76,27.95
58e2d18b-9826-49f0-9864-c3933a767179,80eec69e-7fee-4d0f-be2d-c90306a9b5e6,3934176e-1d58-404b-b84f-292adc066bb5,2026-01-07 16:08:52.724980,explore,29.9,paintbrush,92.69,87.2
fb4bc78f-c960-43bf-acd5-3dfd6e78804a,80eec69e-7fee-4d0f-be2d-c90306a9b5e6,3934176e-1d58-404b-b84f-292adc066bb5,2026-01-07 16:09:04.724980,explore,32.4,cube,66.48,98.09
64275e16-def6-449d-ae3b-0e6db9c62fe8,80eec69e-7fee-4d0f-be2d-c90306a9b5e6,3934176e-1d58-404b-b84f-292adc066bb5,2026-01-07 16:09:20.724980,explore,41.7,paintbrush,84.03,75.58
57de8023-b06b-4d98-88ab-1c92cd7c8114,80eec69e-7fee-4d0f-be2d-c90306a9b5e6,3934176e-1d58-404b-b84f-292adc066bb5,2026-01-07 16:09:27.724980,explore,38.9,paintbrush,45.03,55.43
b06afab9-76ca-44a2-b397-5badee11bf8a,80eec69e-7fee-4d0f-be2d-c90306a9b5e6,3934176e-1d58-404b-b84f-292adc066bb5,2026-01-07 16:09:40.724980,explore,38.4,flower,12.27,93.72
e1c2d490-ff04-431b-b785-5dea99c65b18,80eec69e-7fee-4d0f-be2d-c90306a9b5e6,3934176e-1d58-404b-b84f-292adc066bb5,2026-01-07 16:10:10.724980,explore,43.4,flower,68.84,18.26
203a8079-f5fe-4aed-9647-292a25d6e38b,80eec69e-7fee-4d0f-be2d-c90306a9b5e6,3934176e-1d58-404b-b84f-292adc066bb5,2026-01-07 16:10:36.724980,spawn_object,46.8,paintbrush,98.33,61.0
5d39d1de-4f1a-4546-86cf-d3601fde9e0f,80eec69e-7fee-4d0f-be2d-c90306a9b5e6,3934176e-1d58-404b-b84f-292adc066bb5,2026-01-07 16:10:52.724980,wave,33.3,paintbrush,88.18,22.14
7b3c4ad7-87ee-4724-8d2b-42b76f668a2b,80eec69e-7fee-4d0f-be2d-c90306a9b5e6,3934176e-1d58-404b-b84f-292adc066bb5,2026-01-07 16:11:20.724980,explore,39.9,flower,94.92,61.38
84d6fd42-647b-4ce6-b406-015ece54038b,80eec69e-7fee-4d0f-be2d-c90306a9b5e6,3934176e-1d58-404b-b84f-292adc066bb5,2026-01-07 16:11:33.724980,wave,41.4,paintbrush,52.04,55.06
f5a80674-513d-4d56-8c93-cf5e7ea10ffd,80eec69e-7fee-4d0f-be2d-c90306a9b5e6,3934176e-1d58-404b-b84f-292adc066bb5,2026-01-07 16:11:41.724980,explore,35.4,paintbrush,21.14,39.34
3f12f840-8c34-49a1-8b96-5b1f7e9f17ff,80eec69e-7fee-4d0f-be2d-c90306a9b5e6,3934176e-1d58-404b-b84f-292adc066bb5,2026-01-07 16:12:07.724980,explore,35.9,flower,28.7,33.52
f6964be6-8a1e-4b14-82e6-4aa832aee04d,80eec69e-7fee-4d0f-be2d-c90306a9b5e6,3934176e-1d58-404b-b84f-292adc066bb5,2026-01-07 16:12:19.724980,spawn_object,41.3,cube,5.42,4.48
b27f00a2-6336-4174-9f77-e0d26905f93a,80eec69e-7fee-4d0f-be2d-c90306a9b5e6,3934176e-1d58-404b-b84f-292adc066bb5,2026-01-07 16:12:48.724980,explore,41.6,flower,95.56,3.94
7ccb44fa-af6a-4280-bb58-5794263633cf,80eec69e-7fee-4d0f-be2d-c90306a9b5e6,3934176e-1d58-404b-b84f-292adc066bb5,2026-01-07 16:13:04.724980,spawn_object,38.4,cube,97.59,13.89
b0b20aaf-4c23-458a-90f2-0d8ef707c91e,80eec69e-7fee-4d0f-be2d-c90306a9b5e6,3934176e-1d58-404b-b84f-292adc066bb5,2026-01-07 16:13:25.724980,wave,37.1,flower,31.23,57.68
94172a17-c07e-45b3-99e3-48ede61cf75e,80eec69e-7fee-4d0f-be2d-c90306a9b5e6,3934176e-1d58-404b-b84f-292adc066bb5,2026-01-07 16:13:35.724980,wave,37.4,cube,74.08,69.62
ea51390b-0005-4df2-8792-3053fc91b3d8,80eec69e-7fee-4d0f-be2d-c90306a9b5e6,3934176e-1d58-404b-b84f-292adc066bb5,2026-01-07 16:13:42.724980,explore,37.1,paintbrush,85.14,81.27
0ec625d9-06fa-4cf8-9801-c286ca67eb69,f868d974-37b4-4175-a43f-5f8c44431b0b,4465af31-fac7-46d2-bd97-eb4a99e3642a,2026-01-07 16:21:13.724980,spawn_object,90.9,asset_siren,3.81,45.64
78e63b9e-0ff9-42a6-8136-0e72d4b3eb0f,f868d974-37b4-4175-a43f-5f8c44431b0b,4465af31-fac7-46d2-bd97-eb4a99e3642a,2026-01-07 16:21:38.724980,spawn_object,77.8,asset_siren,70.57,29.39
06e8f7ed-d52c-4773-865f-34551214dd31,f868d974-37b4-4175-a43f-5f8c44431b0b,4465af31-fac7-46d2-bd97-eb4a99e3642a,2026-01-07 16:21:44.724980,touch,72.1,asset_siren,21.26,99.75
d130558a-23b8-415e-b71f-df3dc22932ac,f868d974-37b4-4175-a43f-5f8c44431b0b,4465af31-fac7-46d2-bd97-eb4a99e3642a,2026-01-07 16:21:58.724980,touch,71.7,asset_gun_01,67.95,20.06
9405516c-57da-4b57-8a7e-ddc14d3a8d86,f868d974-37b4-4175-a43f-5f8c44431b0b,4465af31-fac7-46d2-bd97-eb4a99e3642a,2026-01-07 16:22:27.724980,idle,94.8,asset_siren,73.19,20.77
5777ed6e-a077-41f5-8bc0-324b685f8482,f868d974-37b4-4175-a43f-5f8c44431b0b,4465af31-fac7-46d2-bd97-eb4a99e3642a,2026-01-07 16:22:54.724980,spawn_object,80.3,asset_siren,40.04,47.75
a0ee6c90-53a4-4bc1-8bef-5719bfd2dd9b,f868d974-37b4-4175-a43f-5f8c44431b0b,4465af31-fac7-46d2-bd97-eb4a99e3642a,2026-01-07 16:23:09.724980,spawn_object,74.5,asset_siren,2.17,66.11
b82d556c-bfc5-4724-bfcb-803fc9edebc4,f868d974-37b4-4175-a43f-5f8c44431b0b,4465af31-fac7-46d2-bd97-eb4a99e3642a,2026-01-07 16:23:35.724980,touch,91.7,asset_gun_01,34.71,47.76
dc40bf7b-4295-443d-af79-f9f37e7563fd,f868d974-37b4-4175-a43f-5f8c44431b0b,4465af31-fac7-46d2-bd97-eb4a99e3642a,2026-01-07 16:24:03.724980,touch,83.7,asset_siren,97.51,7.54
acf308ac-b367-4969-9015-8d2e020a783e,f868d974-37b4-4175-a43f-5f8c44431b0b,4465af31-fac7-46d2-bd97-eb4a99e3642a,2026-01-07 16:24:26.724980,spawn_object,71.9,asset_siren,36.41,35.41
aa7a59e7-0a10-4df8-8852-b129d82c46a9,f868d974-37b4-4175-a43f-5f8c44431b0b,4465af31-fac7-46d2-bd97-eb4a99e3642a,2026-01-07 16:24:53.724980,spawn_object,68.9,asset_gun_01,16.09,70.44
c40ddce5-4550-4245-802e-9b35e731bb53,f868d974-37b4-4175-a43f-5f8c44431b0b,4465af31-fac7-46d2-bd97-eb4a99e3642a,2026-01-07 16:25:22.724980,touch,96.9,asset_gun_01,23.44,85.81
60379052-af37-4bba-8180-aedf539ee874,f868d974-37b4-4175-a43f-5f8c44431b0b,4465af31-fac7-46d2-bd97-eb4a99e3642a,2026-01-07 16:25:37.724980,touch,77.0,asset_siren,79.97,22.57
a7d9b697-56e9-4acc-97c4-dbe81b133a95,f868d974-37b4-4175-a43f-5f8c44431b0b,4465af31-fac7-46d2-bd97-eb4a99e3642a,2026-01-07 16:25:43.724980,touch,83.4,asset_gun_01,93.46,98.01
243a0f8b-f54e-4329-bffd-2505c37eb322,f868d974-37b4-4175-a43f-5f8c44431b0b,4465af31-fac7-46d2-bd97-eb4a99e3642a,2026-01-07 16:26:09.724980,spawn_object,88.2,asset_gun_01,4.68,15.49
107bb535-d370-4b33-a603-918f00771175,f868d974-37b4-4175-a43f-5f8c44431b0b,4465af31-fac7-46d2-bd97-eb4a99e3642a,2026-01-07 16:26:22.724980,spawn_object,80.1,asset_gun_01,45.76,73.92
fbc3f035-4f02-4ae5-8fee-f2e32d62256e,f868d974-37b4-4175-a43f-5f8c44431b0b,4465af31-fac7-46d2-bd97-eb4a99e3642a,2026-01-07 16:26:42.724980,spawn_object,85.6,asset_siren,68.54,4.82
fd9ddabe-539e-4659-bac9-07b6576fcc73,f868d974-37b4-4175-a43f-5f8c44431b0b,4465af31-fac7-46d2-bd97-eb4a99e3642a,2026-01-07 16:26:58.724980,spawn_object,68.2,asset_gun_01,79.09,97.1
959dfbec-38bd-45b0-a1ed-be0d5ff0c15a,f868d974-37b4-4175-a43f-5f8c44431b0b,4465af31-fac7-46d2-bd97-eb4a99e3642a,2026-01-07 16:27:10.724980,spawn_object,73.3,asset_gun_01,47.66,56.39
5bf56b3b-99e5-4ef8-a23b-8e5a8b0a65e9,f868d974-37b4-4175-a43f-5f8c44431b0b,4465af31-fac7-46d2-bd97-eb4a99e3642a,2026-01-07 16:27:28.724980,idle,82.9,asset_siren,90.1,35.22
3dc86d7f-d966-4e39-b37e-c92cd86d6ec3,f868d974-37b4-4175-a43f-5f8c44431b0b,4465af31-fac7-46d2-bd97-eb4a99e3642a,2026-01-07 16:27:34.724980,touch,80.0,asset_gun_01,22.93,98.65
d5eb43ff-686c-4f34-b89d-dc43fb22a0ea,f868d974-37b4-4175-a43f-5f8c44431b0b,4465af31-fac7-46d2-bd97-eb4a99e3642a,2026-01-07 16:27:49.724980,spawn_object,86.2,asset_siren,15.56,0.62
6096a10a-f221-46d3-bc56-a4106de8e2a4,f868d974-37b4-4175-a43f-5f8c44431b0b,4465af31-fac7-46d2-bd97-eb4a99e3642a,2026-01-07 16:27:55.724980,touch,84.6,asset_gun_01,36.6,5.8
fcc95e92-fa62-45ec-856d-cae16a478f3e,f868d974-37b4-4175-a43f-5f8c44431b0b,4465af31-fac7-46d2-bd97-eb4a99e3642a,2026-01-07 16:28:11.724980,spawn_object,96.3,asset_siren,77.22,36.28
9d9c34bd-53a8-48dc-863d-b575900870ac,f868d974-37b4-4175-a43f-5f8c44431b0b,4465af31-fac7-46d2-bd97-eb4a99e3642a,2026-01-07 16:28:33.724980,spawn_object,97.7,asset_gun_01,34.16,44.35
62e77b54-35e8-41d6-a098-f4d0a3bb0e71,f868d974-37b4-4175-a43f-5f8c44431b0b,4465af31-fac7-46d2-bd97-eb4a99e3642a,2026-01-07 16:28:52.724980,idle,77.0,asset_siren,44.04,45.13
9192d10c-67ad-494b-9b8b-06afbf335144,f868d974-37b4-4175-a43f-5f8c44431b0b,4465af31-fac7-46d2-bd97-eb4a99e3642a,2026-01-07 16:29:01.724980,spawn_object,75.2,asset_gun_01,17.42,43.96
bd56ffda-a3ca-4b40-b9e8-e5408682666b,f868d974-37b4-4175-a43f-5f8c44431b0b,4465af31-fac7-46d2-bd97-eb4a99e3642a,2026-01-07 16:29:22.724980,touch,79.1,asset_siren,45.9,57.4
0121e065-96ce-42d1-b046-5a0e25b52e50,f868d974-37b4-4175-a43f-5f8c44431b0b,4465af31-fac7-46d2-bd97-eb4a99e3642a,2026-01-07 16:29:36.724980,spawn_object,88.0,cube,78.07,9.45
d595e8b6-f0f1-4d3a-876d-4fb764145384,f868d974-37b4-4175-a43f-5f8c44431b0b,4465af31-fac7-46d2-bd97-eb4a99e3642a,2026-01-07 16:29:41.724980,touch,95.5,asset_gun_01,14.86,5.37
121ab415-e0c4-4c5b-8bb4-dce94127f54e,f868d974-37b4-4175-a43f-5f8c44431b0b,4465af31-fac7-46d2-bd97-eb4a99e3642a,2026-01-07 16:30:04.724980,spawn_object,88.6,asset_gun_01,79.41,5.77
bc255194-c940-409e-ad71-a5c961f0c988,f868d974-37b4-4175-a43f-5f8c44431b0b,4465af31-fac7-46d2-bd97-eb4a99e3642a,2026-01-07 16:30:31.724980,spawn_object,93.1,asset_gun_01,77.67,49.07
4df4ee7b-8dc5-4886-8617-a30dce42b3b0,f868d974-37b4-4175-a43f-5f8c44431b0b,4465af31-fac7-46d2-bd97-eb4a99e3642a,2026-01-07 16:30:57.724980,touch,76.8,asset_gun_01,17.59,79.88
15019f72-cbbd-4118-ac11-160009dcad9d,f868d974-37b4-4175-a43f-5f8c44431b0b,4465af31-fac7-46d2-bd97-eb4a99e3642a,2026-01-07 16:31:06.724980,spawn_object,90.6,asset_gun_01,2.58,95.59
4ab2a5b6-3103-4486-a4dc-39f848e8618b,f868d974-37b4-4175-a43f-5f8c44431b0b,4465af31-fac7-46d2-bd97-eb4a99e3642a,2026-01-07 16:31:31.724980,touch,82.9,asset_siren,75.08,55.59
eeeb2d65-a612-4e39-a275-20c2251fdcdd,f868d974-37b4-4175-a43f-5f8c44431b0b,4465af31-fac7-46d2-bd97-eb4a99e3642a,2026-01-07 16:31:57.724980,touch,91.8,asset_siren,23.67,29.21
12af2de6-d068-499c-a68a-a62c6f29a691,f868d974-37b4-4175-a43f-5f8c44431b0b,4465af31-fac7-46d2-bd97-eb4a99e3642a,2026-01-07 16:32:04.724980,spawn_object,60.9,asset_gun_01,56.07,39.65
6586ff6b-ec81-47f0-bf5a-c9a6a3499574,f868d974-37b4-4175-a43f-5f8c44431b0b,4465af31-fac7-46d2-bd97-eb4a99e3642a,2026-01-07 16:32:26.724980,idle,85.6,asset_siren,51.8,68.37
04ec5745-10d2-4623-9ab3-66b013810819,f868d974-37b4-4175-a43f-5f8c44431b0b,4465af31-fac7-46d2-bd97-eb4a99e3642a,2026-01-07 16:32:32.724980,spawn_object,81.8,asset_gun_01,0.03,20.31
a2ec7794-311c-43ba-a3b7-a5878b669c4c,f868d974-37b4-4175-a43f-5f8c44431b0b,4465af31-fac7-46d2-bd97-eb4a99e3642a,2026-01-07 16:32:37.724980,touch,59.3,asset_siren,35.34,64.15
5fe328ce-fc70-4a52-9d61-a8f6da47e686,f868d974-37b4-4175-a43f-5f8c44431b0b,4465af31-fac7-46d2-bd97-eb4a99e3642a,2026-01-07 16:32:49.724980,spawn_object,84.7,asset_siren,42.5,91.67
30c5b9ff-de82-4b75-9823-323c1e3a328d,f868d974-37b4-4175-a43f-5f8c44431b0b,4465af31-fac7-46d2-bd97-eb4a99e3642a,2026-01-07 16:33:18.724980,idle,84.9,asset_gun_01,78.25,29.71
903f4656-8c89-41ee-8d01-d02a99e361c1,f868d974-37b4-4175-a43f-5f8c44431b0b,4465af31-fac7-46d2-bd97-eb4a99e3642a,2026-01-07 16:33:43.724980,spawn_object,77.9,asset_siren,77.3,5.61
aa9ed0f6-29c9-42f8-8586-ab2ed508d3f2,f868d974-37b4-4175-a43f-5f8c44431b0b,4465af31-fac7-46d2-bd97-eb4a99e3642a,2026-01-07 16:34:00.724980,spawn_object,89.6,asset_siren,95.02,47.38
383758fa-9878-447c-b54c-ac914e660907,f868d974-37b4-4175-a43f-5f8c44431b0b,4465af31-fac7-46d2-bd97-eb4a99e3642a,2026-01-07 16:34:06.724980,spawn_object,94.3,asset_gun_01,73.56,70.53
90a96c95-e787-45e5-9acd-d8d3cb6cc3f0,f868d974-37b4-4175-a43f-5f8c44431b0b,4465af31-fac7-46d2-bd97-eb4a99e3642a,2026-01-07 16:34:13.724980,spawn_object,78.4,asset_gun_01,39.37,72.04
951ad24c-761f-43d3-af7d-b65b24c7cc3d,f868d974-37b4-4175-a43f-5f8c44431b0b,4465af31-fac7-46d2-bd97-eb4a99e3642a,2026-01-07 16:34:22.724980,touch,80.9,asset_siren,9.63,76.28
e2f94590-36f8-4649-9c8f-12c2f1d9e62b,f868d974-37b4-4175-a43f-5f8c44431b0b,4465af31-fac7-46d2-bd97-eb4a99e3642a,2026-01-07 16:34:30.724980,touch,82.9,asset_gun_01,79.26,14.29
8e0b52c9-d454-4bbf-88f7-55b5b6c3c427,f868d974-37b4-4175-a43f-5f8c44431b0b,4465af31-fac7-46d2-bd97-eb4a99e3642a,2026-01-07 16:34:58.724980,spawn_object,102.0,asset_gun_01,43.86,33.86
cad02f8a-7ee1-4187-b91a-bad26b9ab3c2,f868d974-37b4-4175-a43f-5f8c44431b0b,4465af31-fac7-46d2-bd97-eb4a99e3642a,2026-01-07 16:35:24.724980,spawn_object,74.1,asset_gun_01,3.54,85.73
ae6b1fd9-202f-4dfa-b958-a88f807c260b,f868d974-37b4-4175-a43f-5f8c44431b0b,4465af31-fac7-46d2-bd97-eb4a99e3642a,2026-01-07 16:35:53.724980,spawn_object,86.1,asset_gun_01,92.69,50.02
e2446387-edcb-4362-92cc-028b2788638f,f868d974-37b4-4175-a43f-5f8c44431b0b,4465af31-fac7-46d2-bd97-eb4a99e3642a,2026-01-07 16:36:08.724980,spawn_object,100.8,asset_gun_01,25.85,42.28
4972b196-4196-4789-814f-e3f0321e2b5f,f868d974-37b4-4175-a43f-5f8c44431b0b,4465af31-fac7-46d2-bd97-eb4a99e3642a,2026-01-07 16:36:32.724980,spawn_object,82.6,asset_siren,26.56,87.83
eaad1071-c520-4a7d-9e21-b2727fe686d5,f868d974-37b4-4175-a43f-5f8c44431b0b,4465af31-fac7-46d2-bd97-eb4a99e3642a,2026-01-07 16:36:57.724980,spawn_object,71.9,cube,48.11,41.32
97bdf054-0f86-4522-a373-ca1ed2e0ebec,f868d974-37b4-4175-a43f-5f8c44431b0b,4465af31-fac7-46d2-bd97-eb4a99e3642a,2026-01-07 16:37:25.724980,spawn_object,93.2,asset_gun_01,3.52,21.78
57d8aa01-5de0-4e1e-91db-327904205639,f868d974-37b4-4175-a43f-5f8c44431b0b,4465af31-fac7-46d2-bd97-eb4a99e3642a,2026-01-07 16:37:39.724980,spawn_object,90.3,asset_siren,32.98,4.99
33e19828-a32f-43dc-9310-de118851953f,f868d974-37b4-4175-a43f-5f8c44431b0b,4465af31-fac7-46d2-bd97-eb4a99e3642a,2026-01-07 16:37:46.724980,spawn_object,76.2,asset_gun_01,59.02,87.48
1ecb24d9-3b20-408b-b8e2-304ce0a8a7cb,f868d974-37b4-4175-a43f-5f8c44431b0b,4465af31-fac7-46d2-bd97-eb4a99e3642a,2026-01-07 16:38:09.724980,touch,103.2,asset_siren,18.33,87.68
4bfb8906-0d2f-43b7-8e09-1bada308688c,f868d974-37b4-4175-a43f-5f8c44431b0b,4465af31-fac7-46d2-bd97-eb4a99e3642a,2026-01-07 16:38:29.724980,spawn_object,92.4,asset_siren,11.75,54.13
8aa04f62-027d-4536-afae-41fe51da88ea,f868d974-37b4-4175-a43f-5f8c44431b0b,4465af31-fac7-46d2-bd97-eb4a99e3642a,2026-01-07 16:38:54.724980,spawn_object,72.2,asset_gun_01,65.24,89.45
ff83bc8d-a0b1-4472-828d-43864fcb8b67,f868d974-37b4-4175-a43f-5f8c44431b0b,4465af31-fac7-46d2-bd97-eb4a99e3642a,2026-01-07 16:39:17.724980,spawn_object,74.3,asset_siren,87.59,5.78
4a755439-4c7d-4967-ae35-1bc505c57161,f868d974-37b4-4175-a43f-5f8c44431b0b,4465af31-fac7-46d2-bd97-eb4a99e3642a,2026-01-07 16:39:24.724980,spawn_object,83.2,asset_siren,4.9,33.84
59b7a349-dff1-4047-9510-537795e61862,f868d974-37b4-4175-a43f-5f8c44431b0b,4465af31-fac7-46d2-bd97-eb4a99e3642a,2026-01-07 16:39:29.724980,touch,99.8,asset_siren,7.09,11.57
efc44380-9439-4cb8-afad-56d52617bb99,f868d974-37b4-4175-a43f-5f8c44431b0b,4465af31-fac7-46d2-bd97-eb4a99e3642a,2026-01-07 16:39:54.724980,touch,88.1,asset_gun_01,55.75,22.34
a95acb67-6698-4255-ab9e-67cc4b86e7a2,f868d974-37b4-4175-a43f-5f8c44431b0b,4465af31-fac7-46d2-bd97-eb4a99e3642a,2026-01-07 16:40:22.724980,spawn_object,79.3,asset_siren,95.35,7.84
4dac280d-97b2-43a7-9369-a09e0a252f12,f868d974-37b4-4175-a43f-5f8c44431b0b,4465af31-fac7-46d2-bd97-eb4a99e3642a,2026-01-07 16:40:32.724980,spawn_object,86.3,asset_siren,87.31,57.56
ec488709-a015-4b9c-8a69-3401cef95d1b,f868d974-37b4-4175-a43f-5f8c44431b0b,4465af31-fac7-46d2-bd97-eb4a99e3642a,2026-01-07 16:40:41.724980,spawn_object,86.5,asset_siren,20.92,96.99
8b8f9e0f-a21e-4816-9fb4-d729284ba79f,9d5e25d3-a10d-4626-808b-e0e2d3b9b777,7c7e6fe7-7650-4214-9012-6de87f909f92,2026-01-08 04:41:28.724980,wave,53.9,cube,32.58,74.51
36fab1e6-b858-45bd-851e-114838985a90,9d5e25d3-a10d-4626-808b-e0e2d3b9b777,7c7e6fe7-7650-4214-9012-6de87f909f92,2026-01-08 04:41:50.724980,spawn_object,33.0,paintbrush,67.59,31.96
088ab1db-ae57-44b2-a8ca-dbd069a1351a,9d5e25d3-a10d-4626-808b-e0e2d3b9b777,7c7e6fe7-7650-4214-9012-6de87f909f92,2026-01-08 04:42:17.724980,explore,46.0,paintbrush,51.2,77.68
8d6898c2-9f71-417f-99e4-a02beaee99e8,9d5e25d3-a10d-4626-808b-e0e2d3b9b777,7c7e6fe7-7650-4214-9012-6de87f909f92,2026-01-08 04:42:36.724980,spawn_object,41.6,paintbrush,43.98,51.7
29b1332e-4542-43b1-b337-f461bbdf6b6e,9d5e25d3-a10d-4626-808b-e0e2d3b9b777,7c7e6fe7-7650-4214-9012-6de87f909f92,2026-01-08 04:42:46.724980,wave,37.2,paintbrush,34.96,94.51
ac7df9fc-689b-4340-81c5-87d65e9d9574,9d5e25d3-a10d-4626-808b-e0e2d3b9b777,7c7e6fe7-7650-4214-9012-6de87f909f92,2026-01-08 04:43:09.724980,explore,30.8,flower,5.11,24.6
25bc97c7-6f55-4920-ab23-a03a5f44346c,9d5e25d3-a10d-4626-808b-e0e2d3b9b777,7c7e6fe7-7650-4214-9012-6de87f909f92,2026-01-08 04:43:27.724980,wave,28.4,cube,20.38,3.54
020eb5a6-a53c-4678-b831-806530243691,9d5e25d3-a10d-4626-808b-e0e2d3b9b777,7c7e6fe7-7650-4214-9012-6de87f909f92,2026-01-08 04:43:33.724980,explore,40.6,flower,97.36,21.35
e94e4667-9fa8-4d0e-9b7a-1855e31683f2,9d5e25d3-a10d-4626-808b-e0e2d3b9b777,7c7e6fe7-7650-4214-9012-6de87f909f92,2026-01-08 04:44:00.724980,wave,37.8,cube,69.71,94.44
0f9c477d-7545-4cda-a742-f91e675a27a2,9d5e25d3-a10d-4626-808b-e0e2d3b9b777,7c7e6fe7-7650-4214-9012-6de87f909f92,2026-01-08 04:44:25.724980,wave,44.4,cube,47.2,29.44
db0adba0-f14d-4fce-baed-32927743e54a,9d5e25d3-a10d-4626-808b-e0e2d3b9b777,7c7e6fe7-7650-4214-9012-6de87f909f92,2026-01-08 04:44:38.724980,explore,42.0,paintbrush,73.1,94.68
37b500a3-911e-46e4-9186-fdc6fbe604ad,9d5e25d3-a10d-4626-808b-e0e2d3b9b777,7c7e6fe7-7650-4214-9012-6de87f909f92,2026-01-08 04:45:03.724980,explore,41.1,paintbrush,33.85,15.67
3c43c796-04e1-4563-bc30-f7002dd2d60f,9d5e25d3-a10d-4626-808b-e0e2d3b9b777,7c7e6fe7-7650-4214-9012-6de87f909f92,2026-01-08 04:45:08.724980,wave,37.2,flower,62.33,0.48
f05fd699-ea91-4fda-86f9-41684ae36207,9d5e25d3-a10d-4626-808b-e0e2d3b9b777,7c7e6fe7-7650-4214-9012-6de87f909f92,2026-01-08 04:45:17.724980,explore,38.7,flower,54.29,59.33
ffb4e15e-f265-4144-9cd4-ffbc8e8a5935,9d5e25d3-a10d-4626-808b-e0e2d3b9b777,7c7e6fe7-7650-4214-9012-6de87f909f92,2026-01-08 04:45:33.724980,wave,38.5,cube,86.44,4.4
e63c9b04-3b78-4134-8c88-edac61bd42f6,9d5e25d3-a10d-4626-808b-e0e2d3b9b777,7c7e6fe7-7650-4214-9012-6de87f909f92,2026-01-08 04:45:51.724980,explore,37.5,paintbrush,60.15,52.01
44e7d59a-a3ef-4664-86ca-581090075106,9d5e25d3-a10d-4626-808b-e0e2d3b9b777,7c7e6fe7-7650-4214-9012-6de87f909f92,2026-01-08 04:46:02.724980,explore,34.3,paintbrush,52.3,92.12
7b1ab924-c27c-468e-844c-057f207b08e8,9d5e25d3-a10d-4626-808b-e0e2d3b9b777,7c7e6fe7-7650-4214-9012-6de87f909f92,2026-01-08 04:46:11.724980,explore,40.9,paintbrush,77.48,48.23
9970b669-3e62-4e75-8611-de9debcd51d7,9d5e25d3-a10d-4626-808b-e0e2d3b9b777,7c7e6fe7-7650-4214-9012-6de87f909f92,2026-01-08 04:46:20.724980,wave,39.7,flower,86.3,84.74
e3be136f-213b-4bab-8f70-1dd1c085d575,9d5e25d3-a10d-4626-808b-e0e2d3b9b777,7c7e6fe7-7650-4214-9012-6de87f909f92,2026-01-08 04:46:37.724980,wave,40.5,flower,32.75,7.53
17244e85-a13f-4109-8174-b18d52e7e460,9d5e25d3-a10d-4626-808b-e0e2d3b9b777,7c7e6fe7-7650-4214-9012-6de87f909f92,2026-01-08 04:46:52.724980,explore,40.4,paintbrush,11.86,26.07
5b482380-5212-4393-85cf-c6dd562733af,9d5e25d3-a10d-4626-808b-e0e2d3b9b777,7c7e6fe7-7650-4214-9012-6de87f909f92,2026-01-08 04:47:03.724980,explore,38.0,paintbrush,19.06,21.21
1d14a7a7-e516-49bc-8b70-4534a9744be6,9d5e25d3-a10d-4626-808b-e0e2d3b9b777,7c7e6fe7-7650-4214-9012-6de87f909f92,2026-01-08 04:47:27.724980,wave,33.8,paintbrush,12.65,67.5
20069be6-c674-490d-8b1a-2ab9d2f96210,9d5e25d3-a10d-4626-808b-e0e2d3b9b777,7c7e6fe7-7650-4214-9012-6de87f909f92,2026-01-08 04:47:43.724980,spawn_object,37.6,flower,15.35,83.02
86d4598d-e8be-4274-84c8-2e73548025e5,9d5e25d3-a10d-4626-808b-e0e2d3b9b777,7c7e6fe7-7650-4214-9012-6de87f909f92,2026-01-08 04:48:05.724980,explore,41.3,paintbrush,30.9,39.76
bddcd526-0a08-4dc1-9e99-f27d3a94ee7a,9d5e25d3-a10d-4626-808b-e0e2d3b9b777,7c7e6fe7-7650-4214-9012-6de87f909f92,2026-01-08 04:48:17.724980,spawn_object,39.7,flower,35.61,29.85
da6ffd3d-b555-4e39-83b3-eac29aa87a3d,9d5e25d3-a10d-4626-808b-e0e2d3b9b777,7c7e6fe7-7650-4214-9012-6de87f909f92,2026-01-08 04:48:45.724980,explore,45.3,paintbrush,27.75,16.96
e28201a3-d81a-4d99-b0ff-7ab9b15d80e0,9d5e25d3-a10d-4626-808b-e0e2d3b9b777,7c7e6fe7-7650-4214-9012-6de87f909f92,2026-01-08 04:49:05.724980,explore,37.6,flower,60.75,97.25
13d4a7e7-6c13-4ed0-afd1-11f700e7487c,9d5e25d3-a10d-4626-808b-e0e2d3b9b777,7c7e6fe7-7650-4214-9012-6de87f909f92,2026-01-08 04:49:22.724980,wave,41.0,paintbrush,85.32,55.94
0f9740b7-7ae5-4f61-bc48-06916a09410a,9d5e25d3-a10d-4626-808b-e0e2d3b9b777,7c7e6fe7-7650-4214-9012-6de87f909f92,2026-01-08 04:49:50.724980,explore,51.6,cube,73.84,54.04
